รหัส ISBN (ชื่อเรื่อง),รหัสบาร์โค้ดประจำเล่ม (Copy ID),ชื่อหนังสือ (Book Title),หมายเลขเล่ม,ผู้แต่ง (Author),ราคาปก (บาท),หมวดหมู่หลัก,หมวดหมู่อย่อย,ชั้นวาง (Shelf),สถานะ (Status)
B460101001,B460101001-C01,ผ่าพิภพไททัน (Attack on Titan) เล่ม 1,เล่มที่ 1,Hajime Isayama,90.00,1,1,A-01,ว่าง (อยู่บนชั้น)
B460101001,B460101001-C02,ผ่าพิภพไททัน (Attack on Titan) เล่ม 1,เล่มที่ 2,Hajime Isayama,90.00,1,1,A-01,ว่าง (อยู่บนชั้น)
B460101001,B460101001-C03,ผ่าพิภพไททัน (Attack on Titan) เล่ม 1,เล่มที่ 3,Hajime Isayama,90.00,1,1,A-01,ว่าง (อยู่บนชั้น)
B460101001,B460101001-C04,ผ่าพิภพไททัน (Attack on Titan) เล่ม 1,เล่มที่ 4,Hajime Isayama,90.00,1,1,A-01,ว่าง (อยู่บนชั้น)
B460101001,B460101001-C05,ผ่าพิภพไททัน (Attack on Titan) เล่ม 1,เล่มที่ 5,Hajime Isayama,90.00,1,1,A-01,ว่าง (อยู่บนชั้น)
B460101002,B460101002-C01,ผ่าพิภพไททัน (Attack on Titan) เล่ม 2,เล่มที่ 1,Hajime Isayama,90.00,1,1,A-01,ว่าง (อยู่บนชั้น)
B460101002,B460101002-C02,ผ่าพิภพไททัน (Attack on Titan) เล่ม 2,เล่มที่ 2,Hajime Isayama,90.00,1,1,A-01,ว่าง (อยู่บนชั้น)
B460101002,B460101002-C03,ผ่าพิภพไททัน (Attack on Titan) เล่ม 2,เล่มที่ 3,Hajime Isayama,90.00,1,1,A-01,ว่าง (อยู่บนชั้น)
B460101002,B460101002-C04,ผ่าพิภพไททัน (Attack on Titan) เล่ม 2,เล่มที่ 4,Hajime Isayama,90.00,1,1,A-01,ว่าง (อยู่บนชั้น)
B460101002,B460101002-C05,ผ่าพิภพไททัน (Attack on Titan) เล่ม 2,เล่มที่ 5,Hajime Isayama,90.00,1,1,A-01,ว่าง (อยู่บนชั้น)
B460101003,B460101003-C01,ผ่าพิภพไททัน (Attack on Titan) เล่ม 3,เล่มที่ 1,Hajime Isayama,90.00,1,1,A-01,ว่าง (อยู่บนชั้น)
B460101003,B460101003-C02,ผ่าพิภพไททัน (Attack on Titan) เล่ม 3,เล่มที่ 2,Hajime Isayama,90.00,1,1,A-01,ว่าง (อยู่บนชั้น)
B460101003,B460101003-C03,ผ่าพิภพไททัน (Attack on Titan) เล่ม 3,เล่มที่ 3,Hajime Isayama,90.00,1,1,A-01,ว่าง (อยู่บนชั้น)
B460101003,B460101003-C04,ผ่าพิภพไททัน (Attack on Titan) เล่ม 3,เล่มที่ 4,Hajime Isayama,90.00,1,1,A-01,ว่าง (อยู่บนชั้น)
B460101003,B460101003-C05,ผ่าพิภพไททัน (Attack on Titan) เล่ม 3,เล่มที่ 5,Hajime Isayama,90.00,1,1,A-01,ว่าง (อยู่บนชั้น)
B460101004,B460101004-C01,ผ่าพิภพไททัน (Attack on Titan) เล่ม 4,เล่มที่ 1,Hajime Isayama,90.00,1,1,A-01,ว่าง (อยู่บนชั้น)
B460101004,B460101004-C02,ผ่าพิภพไททัน (Attack on Titan) เล่ม 4,เล่มที่ 2,Hajime Isayama,90.00,1,1,A-01,ว่าง (อยู่บนชั้น)
B460101004,B460101004-C03,ผ่าพิภพไททัน (Attack on Titan) เล่ม 4,เล่มที่ 3,Hajime Isayama,90.00,1,1,A-01,ว่าง (อยู่บนชั้น)
B460101004,B460101004-C04,ผ่าพิภพไททัน (Attack on Titan) เล่ม 4,เล่มที่ 4,Hajime Isayama,90.00,1,1,A-01,ว่าง (อยู่บนชั้น)
B460101004,B460101004-C05,ผ่าพิภพไททัน (Attack on Titan) เล่ม 4,เล่มที่ 5,Hajime Isayama,90.00,1,1,A-01,ว่าง (อยู่บนชั้น)
B460101005,B460101005-C01,ผ่าพิภพไททัน (Attack on Titan) เล่ม 5,เล่มที่ 1,Hajime Isayama,90.00,1,1,A-01,ว่าง (อยู่บนชั้น)
B460101005,B460101005-C02,ผ่าพิภพไททัน (Attack on Titan) เล่ม 5,เล่มที่ 2,Hajime Isayama,90.00,1,1,A-01,ว่าง (อยู่บนชั้น)
B460101005,B460101005-C03,ผ่าพิภพไททัน (Attack on Titan) เล่ม 5,เล่มที่ 3,Hajime Isayama,90.00,1,1,A-01,ว่าง (อยู่บนชั้น)
B460101005,B460101005-C04,ผ่าพิภพไททัน (Attack on Titan) เล่ม 5,เล่มที่ 4,Hajime Isayama,90.00,1,1,A-01,ว่าง (อยู่บนชั้น)
B460101005,B460101005-C05,ผ่าพิภพไททัน (Attack on Titan) เล่ม 5,เล่มที่ 5,Hajime Isayama,90.00,1,1,A-01,ว่าง (อยู่บนชั้น)
B460101006,B460101006-C01,ผ่าพิภพไททัน (Attack on Titan) เล่ม 6,เล่มที่ 1,Hajime Isayama,90.00,1,1,A-01,ว่าง (อยู่บนชั้น)
B460101006,B460101006-C02,ผ่าพิภพไททัน (Attack on Titan) เล่ม 6,เล่มที่ 2,Hajime Isayama,90.00,1,1,A-01,ว่าง (อยู่บนชั้น)
B460101006,B460101006-C03,ผ่าพิภพไททัน (Attack on Titan) เล่ม 6,เล่มที่ 3,Hajime Isayama,90.00,1,1,A-01,ว่าง (อยู่บนชั้น)
B460101006,B460101006-C04,ผ่าพิภพไททัน (Attack on Titan) เล่ม 6,เล่มที่ 4,Hajime Isayama,90.00,1,1,A-01,ว่าง (อยู่บนชั้น)
B460101006,B460101006-C05,ผ่าพิภพไททัน (Attack on Titan) เล่ม 6,เล่มที่ 5,Hajime Isayama,90.00,1,1,A-01,ว่าง (อยู่บนชั้น)
B460101007,B460101007-C01,ผ่าพิภพไททัน (Attack on Titan) เล่ม 7,เล่มที่ 1,Hajime Isayama,90.00,1,1,A-01,ว่าง (อยู่บนชั้น)
B460101007,B460101007-C02,ผ่าพิภพไททัน (Attack on Titan) เล่ม 7,เล่มที่ 2,Hajime Isayama,90.00,1,1,A-01,ว่าง (อยู่บนชั้น)
B460101007,B460101007-C03,ผ่าพิภพไททัน (Attack on Titan) เล่ม 7,เล่มที่ 3,Hajime Isayama,90.00,1,1,A-01,ว่าง (อยู่บนชั้น)
B460101007,B460101007-C04,ผ่าพิภพไททัน (Attack on Titan) เล่ม 7,เล่มที่ 4,Hajime Isayama,90.00,1,1,A-01,ว่าง (อยู่บนชั้น)
B460101007,B460101007-C05,ผ่าพิภพไททัน (Attack on Titan) เล่ม 7,เล่มที่ 5,Hajime Isayama,90.00,1,1,A-01,ว่าง (อยู่บนชั้น)
B460101008,B460101008-C01,ผ่าพิภพไททัน (Attack on Titan) เล่ม 8,เล่มที่ 1,Hajime Isayama,90.00,1,1,A-01,ว่าง (อยู่บนชั้น)
B460101008,B460101008-C02,ผ่าพิภพไททัน (Attack on Titan) เล่ม 8,เล่มที่ 2,Hajime Isayama,90.00,1,1,A-01,ว่าง (อยู่บนชั้น)
B460101008,B460101008-C03,ผ่าพิภพไททัน (Attack on Titan) เล่ม 8,เล่มที่ 3,Hajime Isayama,90.00,1,1,A-01,ว่าง (อยู่บนชั้น)
B460101008,B460101008-C04,ผ่าพิภพไททัน (Attack on Titan) เล่ม 8,เล่มที่ 4,Hajime Isayama,90.00,1,1,A-01,ว่าง (อยู่บนชั้น)
B460101008,B460101008-C05,ผ่าพิภพไททัน (Attack on Titan) เล่ม 8,เล่มที่ 5,Hajime Isayama,90.00,1,1,A-01,ว่าง (อยู่บนชั้น)
B460101009,B460101009-C01,ผ่าพิภพไททัน (Attack on Titan) เล่ม 9,เล่มที่ 1,Hajime Isayama,90.00,1,1,A-01,ว่าง (อยู่บนชั้น)
B460101009,B460101009-C02,ผ่าพิภพไททัน (Attack on Titan) เล่ม 9,เล่มที่ 2,Hajime Isayama,90.00,1,1,A-01,ว่าง (อยู่บนชั้น)
B460101009,B460101009-C03,ผ่าพิภพไททัน (Attack on Titan) เล่ม 9,เล่มที่ 3,Hajime Isayama,90.00,1,1,A-01,ว่าง (อยู่บนชั้น)
B460101009,B460101009-C04,ผ่าพิภพไททัน (Attack on Titan) เล่ม 9,เล่มที่ 4,Hajime Isayama,90.00,1,1,A-01,ว่าง (อยู่บนชั้น)
B460101009,B460101009-C05,ผ่าพิภพไททัน (Attack on Titan) เล่ม 9,เล่มที่ 5,Hajime Isayama,90.00,1,1,A-01,ว่าง (อยู่บนชั้น)
B460101010,B460101010-C01,ผ่าพิภพไททัน (Attack on Titan) เล่ม 10,เล่มที่ 1,Hajime Isayama,90.00,1,1,A-01,ว่าง (อยู่บนชั้น)
B460101010,B460101010-C02,ผ่าพิภพไททัน (Attack on Titan) เล่ม 10,เล่มที่ 2,Hajime Isayama,90.00,1,1,A-01,ว่าง (อยู่บนชั้น)
B460101010,B460101010-C03,ผ่าพิภพไททัน (Attack on Titan) เล่ม 10,เล่มที่ 3,Hajime Isayama,90.00,1,1,A-01,ว่าง (อยู่บนชั้น)
B460101010,B460101010-C04,ผ่าพิภพไททัน (Attack on Titan) เล่ม 10,เล่มที่ 4,Hajime Isayama,90.00,1,1,A-01,ว่าง (อยู่บนชั้น)
B460101010,B460101010-C05,ผ่าพิภพไททัน (Attack on Titan) เล่ม 10,เล่มที่ 5,Hajime Isayama,90.00,1,1,A-01,ว่าง (อยู่บนชั้น)
B460101011,B460101011-C01,ผ่าพิภพไททัน (Attack on Titan) เล่ม 11,เล่มที่ 1,Hajime Isayama,90.00,1,1,A-01,ว่าง (อยู่บนชั้น)
B460101011,B460101011-C02,ผ่าพิภพไททัน (Attack on Titan) เล่ม 11,เล่มที่ 2,Hajime Isayama,90.00,1,1,A-01,ว่าง (อยู่บนชั้น)
B460101011,B460101011-C03,ผ่าพิภพไททัน (Attack on Titan) เล่ม 11,เล่มที่ 3,Hajime Isayama,90.00,1,1,A-01,ว่าง (อยู่บนชั้น)
B460101011,B460101011-C04,ผ่าพิภพไททัน (Attack on Titan) เล่ม 11,เล่มที่ 4,Hajime Isayama,90.00,1,1,A-01,ว่าง (อยู่บนชั้น)
B460101011,B460101011-C05,ผ่าพิภพไททัน (Attack on Titan) เล่ม 11,เล่มที่ 5,Hajime Isayama,90.00,1,1,A-01,ว่าง (อยู่บนชั้น)
B460101012,B460101012-C01,ผ่าพิภพไททัน (Attack on Titan) เล่ม 12,เล่มที่ 1,Hajime Isayama,90.00,1,1,A-01,ว่าง (อยู่บนชั้น)
B460101012,B460101012-C02,ผ่าพิภพไททัน (Attack on Titan) เล่ม 12,เล่มที่ 2,Hajime Isayama,90.00,1,1,A-01,ว่าง (อยู่บนชั้น)
B460101012,B460101012-C03,ผ่าพิภพไททัน (Attack on Titan) เล่ม 12,เล่มที่ 3,Hajime Isayama,90.00,1,1,A-01,ว่าง (อยู่บนชั้น)
B460101012,B460101012-C04,ผ่าพิภพไททัน (Attack on Titan) เล่ม 12,เล่มที่ 4,Hajime Isayama,90.00,1,1,A-01,ว่าง (อยู่บนชั้น)
B460101012,B460101012-C05,ผ่าพิภพไททัน (Attack on Titan) เล่ม 12,เล่มที่ 5,Hajime Isayama,90.00,1,1,A-01,ว่าง (อยู่บนชั้น)
B460101013,B460101013-C01,ผ่าพิภพไททัน (Attack on Titan) เล่ม 13,เล่มที่ 1,Hajime Isayama,90.00,1,1,A-01,ว่าง (อยู่บนชั้น)
B460101013,B460101013-C02,ผ่าพิภพไททัน (Attack on Titan) เล่ม 13,เล่มที่ 2,Hajime Isayama,90.00,1,1,A-01,ว่าง (อยู่บนชั้น)
B460101013,B460101013-C03,ผ่าพิภพไททัน (Attack on Titan) เล่ม 13,เล่มที่ 3,Hajime Isayama,90.00,1,1,A-01,ว่าง (อยู่บนชั้น)
B460101013,B460101013-C04,ผ่าพิภพไททัน (Attack on Titan) เล่ม 13,เล่มที่ 4,Hajime Isayama,90.00,1,1,A-01,ว่าง (อยู่บนชั้น)
B460101013,B460101013-C05,ผ่าพิภพไททัน (Attack on Titan) เล่ม 13,เล่มที่ 5,Hajime Isayama,90.00,1,1,A-01,ว่าง (อยู่บนชั้น)
B460101014,B460101014-C01,ผ่าพิภพไททัน (Attack on Titan) เล่ม 14,เล่มที่ 1,Hajime Isayama,90.00,1,1,A-01,ว่าง (อยู่บนชั้น)
B460101014,B460101014-C02,ผ่าพิภพไททัน (Attack on Titan) เล่ม 14,เล่มที่ 2,Hajime Isayama,90.00,1,1,A-01,ว่าง (อยู่บนชั้น)
B460101014,B460101014-C03,ผ่าพิภพไททัน (Attack on Titan) เล่ม 14,เล่มที่ 3,Hajime Isayama,90.00,1,1,A-01,ว่าง (อยู่บนชั้น)
B460101014,B460101014-C04,ผ่าพิภพไททัน (Attack on Titan) เล่ม 14,เล่มที่ 4,Hajime Isayama,90.00,1,1,A-01,ว่าง (อยู่บนชั้น)
B460101014,B460101014-C05,ผ่าพิภพไททัน (Attack on Titan) เล่ม 14,เล่มที่ 5,Hajime Isayama,90.00,1,1,A-01,ว่าง (อยู่บนชั้น)
B460101015,B460101015-C01,ผ่าพิภพไททัน (Attack on Titan) เล่ม 15,เล่มที่ 1,Hajime Isayama,90.00,1,1,A-01,ว่าง (อยู่บนชั้น)
B460101015,B460101015-C02,ผ่าพิภพไททัน (Attack on Titan) เล่ม 15,เล่มที่ 2,Hajime Isayama,90.00,1,1,A-01,ว่าง (อยู่บนชั้น)
B460101015,B460101015-C03,ผ่าพิภพไททัน (Attack on Titan) เล่ม 15,เล่มที่ 3,Hajime Isayama,90.00,1,1,A-01,ว่าง (อยู่บนชั้น)
B460101015,B460101015-C04,ผ่าพิภพไททัน (Attack on Titan) เล่ม 15,เล่มที่ 4,Hajime Isayama,90.00,1,1,A-01,ว่าง (อยู่บนชั้น)
B460101015,B460101015-C05,ผ่าพิภพไททัน (Attack on Titan) เล่ม 15,เล่มที่ 5,Hajime Isayama,90.00,1,1,A-01,ว่าง (อยู่บนชั้น)
B460101016,B460101016-C01,ผ่าพิภพไททัน (Attack on Titan) เล่ม 16,เล่มที่ 1,Hajime Isayama,90.00,1,1,A-01,ว่าง (อยู่บนชั้น)
B460101016,B460101016-C02,ผ่าพิภพไททัน (Attack on Titan) เล่ม 16,เล่มที่ 2,Hajime Isayama,90.00,1,1,A-01,ว่าง (อยู่บนชั้น)
B460101016,B460101016-C03,ผ่าพิภพไททัน (Attack on Titan) เล่ม 16,เล่มที่ 3,Hajime Isayama,90.00,1,1,A-01,ว่าง (อยู่บนชั้น)
B460101016,B460101016-C04,ผ่าพิภพไททัน (Attack on Titan) เล่ม 16,เล่มที่ 4,Hajime Isayama,90.00,1,1,A-01,ว่าง (อยู่บนชั้น)
B460101016,B460101016-C05,ผ่าพิภพไททัน (Attack on Titan) เล่ม 16,เล่มที่ 5,Hajime Isayama,90.00,1,1,A-01,ว่าง (อยู่บนชั้น)
B460101017,B460101017-C01,ผ่าพิภพไททัน (Attack on Titan) เล่ม 17,เล่มที่ 1,Hajime Isayama,90.00,1,1,A-01,ว่าง (อยู่บนชั้น)
B460101017,B460101017-C02,ผ่าพิภพไททัน (Attack on Titan) เล่ม 17,เล่มที่ 2,Hajime Isayama,90.00,1,1,A-01,ว่าง (อยู่บนชั้น)
B460101017,B460101017-C03,ผ่าพิภพไททัน (Attack on Titan) เล่ม 17,เล่มที่ 3,Hajime Isayama,90.00,1,1,A-01,ว่าง (อยู่บนชั้น)
B460101017,B460101017-C04,ผ่าพิภพไททัน (Attack on Titan) เล่ม 17,เล่มที่ 4,Hajime Isayama,90.00,1,1,A-01,ว่าง (อยู่บนชั้น)
B460101017,B460101017-C05,ผ่าพิภพไททัน (Attack on Titan) เล่ม 17,เล่มที่ 5,Hajime Isayama,90.00,1,1,A-01,ว่าง (อยู่บนชั้น)
B460101018,B460101018-C01,ผ่าพิภพไททัน (Attack on Titan) เล่ม 18,เล่มที่ 1,Hajime Isayama,90.00,1,1,A-01,ว่าง (อยู่บนชั้น)
B460101018,B460101018-C02,ผ่าพิภพไททัน (Attack on Titan) เล่ม 18,เล่มที่ 2,Hajime Isayama,90.00,1,1,A-01,ว่าง (อยู่บนชั้น)
B460101018,B460101018-C03,ผ่าพิภพไททัน (Attack on Titan) เล่ม 18,เล่มที่ 3,Hajime Isayama,90.00,1,1,A-01,ว่าง (อยู่บนชั้น)
B460101018,B460101018-C04,ผ่าพิภพไททัน (Attack on Titan) เล่ม 18,เล่มที่ 4,Hajime Isayama,90.00,1,1,A-01,ว่าง (อยู่บนชั้น)
B460101018,B460101018-C05,ผ่าพิภพไททัน (Attack on Titan) เล่ม 18,เล่มที่ 5,Hajime Isayama,90.00,1,1,A-01,ว่าง (อยู่บนชั้น)
B460101019,B460101019-C01,ผ่าพิภพไททัน (Attack on Titan) เล่ม 19,เล่มที่ 1,Hajime Isayama,90.00,1,1,A-01,ว่าง (อยู่บนชั้น)
B460101019,B460101019-C02,ผ่าพิภพไททัน (Attack on Titan) เล่ม 19,เล่มที่ 2,Hajime Isayama,90.00,1,1,A-01,ว่าง (อยู่บนชั้น)
B460101019,B460101019-C03,ผ่าพิภพไททัน (Attack on Titan) เล่ม 19,เล่มที่ 3,Hajime Isayama,90.00,1,1,A-01,ว่าง (อยู่บนชั้น)
B460101019,B460101019-C04,ผ่าพิภพไททัน (Attack on Titan) เล่ม 19,เล่มที่ 4,Hajime Isayama,90.00,1,1,A-01,ว่าง (อยู่บนชั้น)
B460101019,B460101019-C05,ผ่าพิภพไททัน (Attack on Titan) เล่ม 19,เล่มที่ 5,Hajime Isayama,90.00,1,1,A-01,ว่าง (อยู่บนชั้น)
B460101020,B460101020-C01,ผ่าพิภพไททัน (Attack on Titan) เล่ม 20,เล่มที่ 1,Hajime Isayama,90.00,1,1,A-01,ว่าง (อยู่บนชั้น)
B460101020,B460101020-C02,ผ่าพิภพไททัน (Attack on Titan) เล่ม 20,เล่มที่ 2,Hajime Isayama,90.00,1,1,A-01,ว่าง (อยู่บนชั้น)
B460101020,B460101020-C03,ผ่าพิภพไททัน (Attack on Titan) เล่ม 20,เล่มที่ 3,Hajime Isayama,90.00,1,1,A-01,ว่าง (อยู่บนชั้น)
B460101020,B460101020-C04,ผ่าพิภพไททัน (Attack on Titan) เล่ม 20,เล่มที่ 4,Hajime Isayama,90.00,1,1,A-01,ว่าง (อยู่บนชั้น)
B460101020,B460101020-C05,ผ่าพิภพไททัน (Attack on Titan) เล่ม 20,เล่มที่ 5,Hajime Isayama,90.00,1,1,A-01,ว่าง (อยู่บนชั้น)
B460101021,B460101021-C01,ผ่าพิภพไททัน (Attack on Titan) เล่ม 21,เล่มที่ 1,Hajime Isayama,90.00,1,1,A-01,ว่าง (อยู่บนชั้น)
B460101021,B460101021-C02,ผ่าพิภพไททัน (Attack on Titan) เล่ม 21,เล่มที่ 2,Hajime Isayama,90.00,1,1,A-01,ว่าง (อยู่บนชั้น)
B460101021,B460101021-C03,ผ่าพิภพไททัน (Attack on Titan) เล่ม 21,เล่มที่ 3,Hajime Isayama,90.00,1,1,A-01,ว่าง (อยู่บนชั้น)
B460101021,B460101021-C04,ผ่าพิภพไททัน (Attack on Titan) เล่ม 21,เล่มที่ 4,Hajime Isayama,90.00,1,1,A-01,ว่าง (อยู่บนชั้น)
B460101021,B460101021-C05,ผ่าพิภพไททัน (Attack on Titan) เล่ม 21,เล่มที่ 5,Hajime Isayama,90.00,1,1,A-01,ว่าง (อยู่บนชั้น)
B460101022,B460101022-C01,ผ่าพิภพไททัน (Attack on Titan) เล่ม 22,เล่มที่ 1,Hajime Isayama,90.00,1,1,A-01,ว่าง (อยู่บนชั้น)
B460101022,B460101022-C02,ผ่าพิภพไททัน (Attack on Titan) เล่ม 22,เล่มที่ 2,Hajime Isayama,90.00,1,1,A-01,ว่าง (อยู่บนชั้น)
B460101022,B460101022-C03,ผ่าพิภพไททัน (Attack on Titan) เล่ม 22,เล่มที่ 3,Hajime Isayama,90.00,1,1,A-01,ว่าง (อยู่บนชั้น)
B460101022,B460101022-C04,ผ่าพิภพไททัน (Attack on Titan) เล่ม 22,เล่มที่ 4,Hajime Isayama,90.00,1,1,A-01,ว่าง (อยู่บนชั้น)
B460101022,B460101022-C05,ผ่าพิภพไททัน (Attack on Titan) เล่ม 22,เล่มที่ 5,Hajime Isayama,90.00,1,1,A-01,ว่าง (อยู่บนชั้น)
B460101023,B460101023-C01,ผ่าพิภพไททัน (Attack on Titan) เล่ม 23,เล่มที่ 1,Hajime Isayama,90.00,1,1,A-01,ว่าง (อยู่บนชั้น)
B460101023,B460101023-C02,ผ่าพิภพไททัน (Attack on Titan) เล่ม 23,เล่มที่ 2,Hajime Isayama,90.00,1,1,A-01,ว่าง (อยู่บนชั้น)
B460101023,B460101023-C03,ผ่าพิภพไททัน (Attack on Titan) เล่ม 23,เล่มที่ 3,Hajime Isayama,90.00,1,1,A-01,ว่าง (อยู่บนชั้น)
B460101023,B460101023-C04,ผ่าพิภพไททัน (Attack on Titan) เล่ม 23,เล่มที่ 4,Hajime Isayama,90.00,1,1,A-01,ว่าง (อยู่บนชั้น)
B460101023,B460101023-C05,ผ่าพิภพไททัน (Attack on Titan) เล่ม 23,เล่มที่ 5,Hajime Isayama,90.00,1,1,A-01,ว่าง (อยู่บนชั้น)
B460101024,B460101024-C01,ผ่าพิภพไททัน (Attack on Titan) เล่ม 24,เล่มที่ 1,Hajime Isayama,90.00,1,1,A-01,ว่าง (อยู่บนชั้น)
B460101024,B460101024-C02,ผ่าพิภพไททัน (Attack on Titan) เล่ม 24,เล่มที่ 2,Hajime Isayama,90.00,1,1,A-01,ว่าง (อยู่บนชั้น)
B460101024,B460101024-C03,ผ่าพิภพไททัน (Attack on Titan) เล่ม 24,เล่มที่ 3,Hajime Isayama,90.00,1,1,A-01,ว่าง (อยู่บนชั้น)
B460101024,B460101024-C04,ผ่าพิภพไททัน (Attack on Titan) เล่ม 24,เล่มที่ 4,Hajime Isayama,90.00,1,1,A-01,ว่าง (อยู่บนชั้น)
B460101024,B460101024-C05,ผ่าพิภพไททัน (Attack on Titan) เล่ม 24,เล่มที่ 5,Hajime Isayama,90.00,1,1,A-01,ว่าง (อยู่บนชั้น)
B460101025,B460101025-C01,ผ่าพิภพไททัน (Attack on Titan) เล่ม 25,เล่มที่ 1,Hajime Isayama,90.00,1,1,A-01,ว่าง (อยู่บนชั้น)
B460101025,B460101025-C02,ผ่าพิภพไททัน (Attack on Titan) เล่ม 25,เล่มที่ 2,Hajime Isayama,90.00,1,1,A-01,ว่าง (อยู่บนชั้น)
B460101025,B460101025-C03,ผ่าพิภพไททัน (Attack on Titan) เล่ม 25,เล่มที่ 3,Hajime Isayama,90.00,1,1,A-01,ว่าง (อยู่บนชั้น)
B460101025,B460101025-C04,ผ่าพิภพไททัน (Attack on Titan) เล่ม 25,เล่มที่ 4,Hajime Isayama,90.00,1,1,A-01,ว่าง (อยู่บนชั้น)
B460101025,B460101025-C05,ผ่าพิภพไททัน (Attack on Titan) เล่ม 25,เล่มที่ 5,Hajime Isayama,90.00,1,1,A-01,ว่าง (อยู่บนชั้น)
B460101026,B460101026-C01,ผ่าพิภพไททัน (Attack on Titan) เล่ม 26,เล่มที่ 1,Hajime Isayama,90.00,1,1,A-01,ว่าง (อยู่บนชั้น)
B460101026,B460101026-C02,ผ่าพิภพไททัน (Attack on Titan) เล่ม 26,เล่มที่ 2,Hajime Isayama,90.00,1,1,A-01,ว่าง (อยู่บนชั้น)
B460101026,B460101026-C03,ผ่าพิภพไททัน (Attack on Titan) เล่ม 26,เล่มที่ 3,Hajime Isayama,90.00,1,1,A-01,ว่าง (อยู่บนชั้น)
B460101026,B460101026-C04,ผ่าพิภพไททัน (Attack on Titan) เล่ม 26,เล่มที่ 4,Hajime Isayama,90.00,1,1,A-01,ว่าง (อยู่บนชั้น)
B460101026,B460101026-C05,ผ่าพิภพไททัน (Attack on Titan) เล่ม 26,เล่มที่ 5,Hajime Isayama,90.00,1,1,A-01,ว่าง (อยู่บนชั้น)
B460101027,B460101027-C01,ผ่าพิภพไททัน (Attack on Titan) เล่ม 27,เล่มที่ 1,Hajime Isayama,90.00,1,1,A-01,ว่าง (อยู่บนชั้น)
B460101027,B460101027-C02,ผ่าพิภพไททัน (Attack on Titan) เล่ม 27,เล่มที่ 2,Hajime Isayama,90.00,1,1,A-01,ว่าง (อยู่บนชั้น)
B460101027,B460101027-C03,ผ่าพิภพไททัน (Attack on Titan) เล่ม 27,เล่มที่ 3,Hajime Isayama,90.00,1,1,A-01,ว่าง (อยู่บนชั้น)
B460101027,B460101027-C04,ผ่าพิภพไททัน (Attack on Titan) เล่ม 27,เล่มที่ 4,Hajime Isayama,90.00,1,1,A-01,ว่าง (อยู่บนชั้น)
B460101027,B460101027-C05,ผ่าพิภพไททัน (Attack on Titan) เล่ม 27,เล่มที่ 5,Hajime Isayama,90.00,1,1,A-01,ว่าง (อยู่บนชั้น)
B460101028,B460101028-C01,ผ่าพิภพไททัน (Attack on Titan) เล่ม 28,เล่มที่ 1,Hajime Isayama,90.00,1,1,A-01,ว่าง (อยู่บนชั้น)
B460101028,B460101028-C02,ผ่าพิภพไททัน (Attack on Titan) เล่ม 28,เล่มที่ 2,Hajime Isayama,90.00,1,1,A-01,ว่าง (อยู่บนชั้น)
B460101028,B460101028-C03,ผ่าพิภพไททัน (Attack on Titan) เล่ม 28,เล่มที่ 3,Hajime Isayama,90.00,1,1,A-01,ว่าง (อยู่บนชั้น)
B460101028,B460101028-C04,ผ่าพิภพไททัน (Attack on Titan) เล่ม 28,เล่มที่ 4,Hajime Isayama,90.00,1,1,A-01,ว่าง (อยู่บนชั้น)
B460101028,B460101028-C05,ผ่าพิภพไททัน (Attack on Titan) เล่ม 28,เล่มที่ 5,Hajime Isayama,90.00,1,1,A-01,ว่าง (อยู่บนชั้น)
B460101029,B460101029-C01,ผ่าพิภพไททัน (Attack on Titan) เล่ม 29,เล่มที่ 1,Hajime Isayama,90.00,1,1,A-01,ว่าง (อยู่บนชั้น)
B460101029,B460101029-C02,ผ่าพิภพไททัน (Attack on Titan) เล่ม 29,เล่มที่ 2,Hajime Isayama,90.00,1,1,A-01,ว่าง (อยู่บนชั้น)
B460101029,B460101029-C03,ผ่าพิภพไททัน (Attack on Titan) เล่ม 29,เล่มที่ 3,Hajime Isayama,90.00,1,1,A-01,ว่าง (อยู่บนชั้น)
B460101029,B460101029-C04,ผ่าพิภพไททัน (Attack on Titan) เล่ม 29,เล่มที่ 4,Hajime Isayama,90.00,1,1,A-01,ว่าง (อยู่บนชั้น)
B460101029,B460101029-C05,ผ่าพิภพไททัน (Attack on Titan) เล่ม 29,เล่มที่ 5,Hajime Isayama,90.00,1,1,A-01,ว่าง (อยู่บนชั้น)
B460101030,B460101030-C01,ผ่าพิภพไททัน (Attack on Titan) เล่ม 30,เล่มที่ 1,Hajime Isayama,90.00,1,1,A-01,ว่าง (อยู่บนชั้น)
B460101030,B460101030-C02,ผ่าพิภพไททัน (Attack on Titan) เล่ม 30,เล่มที่ 2,Hajime Isayama,90.00,1,1,A-01,ว่าง (อยู่บนชั้น)
B460101030,B460101030-C03,ผ่าพิภพไททัน (Attack on Titan) เล่ม 30,เล่มที่ 3,Hajime Isayama,90.00,1,1,A-01,ว่าง (อยู่บนชั้น)
B460101030,B460101030-C04,ผ่าพิภพไททัน (Attack on Titan) เล่ม 30,เล่มที่ 4,Hajime Isayama,90.00,1,1,A-01,ว่าง (อยู่บนชั้น)
B460101030,B460101030-C05,ผ่าพิภพไททัน (Attack on Titan) เล่ม 30,เล่มที่ 5,Hajime Isayama,90.00,1,1,A-01,ว่าง (อยู่บนชั้น)
B460101031,B460101031-C01,ผ่าพิภพไททัน (Attack on Titan) เล่ม 31,เล่มที่ 1,Hajime Isayama,90.00,1,1,A-01,ว่าง (อยู่บนชั้น)
B460101031,B460101031-C02,ผ่าพิภพไททัน (Attack on Titan) เล่ม 31,เล่มที่ 2,Hajime Isayama,90.00,1,1,A-01,ว่าง (อยู่บนชั้น)
B460101031,B460101031-C03,ผ่าพิภพไททัน (Attack on Titan) เล่ม 31,เล่มที่ 3,Hajime Isayama,90.00,1,1,A-01,ว่าง (อยู่บนชั้น)
B460101031,B460101031-C04,ผ่าพิภพไททัน (Attack on Titan) เล่ม 31,เล่มที่ 4,Hajime Isayama,90.00,1,1,A-01,ว่าง (อยู่บนชั้น)
B460101031,B460101031-C05,ผ่าพิภพไททัน (Attack on Titan) เล่ม 31,เล่มที่ 5,Hajime Isayama,90.00,1,1,A-01,ว่าง (อยู่บนชั้น)
B460101032,B460101032-C01,ผ่าพิภพไททัน (Attack on Titan) เล่ม 32,เล่มที่ 1,Hajime Isayama,90.00,1,1,A-01,ว่าง (อยู่บนชั้น)
B460101032,B460101032-C02,ผ่าพิภพไททัน (Attack on Titan) เล่ม 32,เล่มที่ 2,Hajime Isayama,90.00,1,1,A-01,ว่าง (อยู่บนชั้น)
B460101032,B460101032-C03,ผ่าพิภพไททัน (Attack on Titan) เล่ม 32,เล่มที่ 3,Hajime Isayama,90.00,1,1,A-01,ว่าง (อยู่บนชั้น)
B460101032,B460101032-C04,ผ่าพิภพไททัน (Attack on Titan) เล่ม 32,เล่มที่ 4,Hajime Isayama,90.00,1,1,A-01,ว่าง (อยู่บนชั้น)
B460101032,B460101032-C05,ผ่าพิภพไททัน (Attack on Titan) เล่ม 32,เล่มที่ 5,Hajime Isayama,90.00,1,1,A-01,ว่าง (อยู่บนชั้น)
B460101033,B460101033-C01,ผ่าพิภพไททัน (Attack on Titan) เล่ม 33,เล่มที่ 1,Hajime Isayama,90.00,1,1,A-01,ว่าง (อยู่บนชั้น)
B460101033,B460101033-C02,ผ่าพิภพไททัน (Attack on Titan) เล่ม 33,เล่มที่ 2,Hajime Isayama,90.00,1,1,A-01,ว่าง (อยู่บนชั้น)
B460101033,B460101033-C03,ผ่าพิภพไททัน (Attack on Titan) เล่ม 33,เล่มที่ 3,Hajime Isayama,90.00,1,1,A-01,ว่าง (อยู่บนชั้น)
B460101033,B460101033-C04,ผ่าพิภพไททัน (Attack on Titan) เล่ม 33,เล่มที่ 4,Hajime Isayama,90.00,1,1,A-01,ว่าง (อยู่บนชั้น)
B460101033,B460101033-C05,ผ่าพิภพไททัน (Attack on Titan) เล่ม 33,เล่มที่ 5,Hajime Isayama,90.00,1,1,A-01,ว่าง (อยู่บนชั้น)
B460101034,B460101034-C01,ผ่าพิภพไททัน (Attack on Titan) เล่ม 34,เล่มที่ 1,Hajime Isayama,90.00,1,1,A-01,ว่าง (อยู่บนชั้น)
B460101034,B460101034-C02,ผ่าพิภพไททัน (Attack on Titan) เล่ม 34,เล่มที่ 2,Hajime Isayama,90.00,1,1,A-01,ว่าง (อยู่บนชั้น)
B460101034,B460101034-C03,ผ่าพิภพไททัน (Attack on Titan) เล่ม 34,เล่มที่ 3,Hajime Isayama,90.00,1,1,A-01,ว่าง (อยู่บนชั้น)
B460101034,B460101034-C04,ผ่าพิภพไททัน (Attack on Titan) เล่ม 34,เล่มที่ 4,Hajime Isayama,90.00,1,1,A-01,ว่าง (อยู่บนชั้น)
B460101034,B460101034-C05,ผ่าพิภพไททัน (Attack on Titan) เล่ม 34,เล่มที่ 5,Hajime Isayama,90.00,1,1,A-01,ว่าง (อยู่บนชั้น)
B470101001,B470101001-C01,ดาบพิฆาตอสูร (Demon Slayer) เล่ม 1,เล่มที่ 1,Koyoharu Gotouge,90.00,1,1,A-02,ว่าง (อยู่บนชั้น)
B470101001,B470101001-C02,ดาบพิฆาตอสูร (Demon Slayer) เล่ม 1,เล่มที่ 2,Koyoharu Gotouge,90.00,1,1,A-02,ว่าง (อยู่บนชั้น)
B470101001,B470101001-C03,ดาบพิฆาตอสูร (Demon Slayer) เล่ม 1,เล่มที่ 3,Koyoharu Gotouge,90.00,1,1,A-02,ว่าง (อยู่บนชั้น)
B470101001,B470101001-C04,ดาบพิฆาตอสูร (Demon Slayer) เล่ม 1,เล่มที่ 4,Koyoharu Gotouge,90.00,1,1,A-02,ว่าง (อยู่บนชั้น)
B470101001,B470101001-C05,ดาบพิฆาตอสูร (Demon Slayer) เล่ม 1,เล่มที่ 5,Koyoharu Gotouge,90.00,1,1,A-02,ว่าง (อยู่บนชั้น)
B470101002,B470101002-C01,ดาบพิฆาตอสูร (Demon Slayer) เล่ม 2,เล่มที่ 1,Koyoharu Gotouge,90.00,1,1,A-02,ว่าง (อยู่บนชั้น)
B470101002,B470101002-C02,ดาบพิฆาตอสูร (Demon Slayer) เล่ม 2,เล่มที่ 2,Koyoharu Gotouge,90.00,1,1,A-02,ว่าง (อยู่บนชั้น)
B470101002,B470101002-C03,ดาบพิฆาตอสูร (Demon Slayer) เล่ม 2,เล่มที่ 3,Koyoharu Gotouge,90.00,1,1,A-02,ว่าง (อยู่บนชั้น)
B470101002,B470101002-C04,ดาบพิฆาตอสูร (Demon Slayer) เล่ม 2,เล่มที่ 4,Koyoharu Gotouge,90.00,1,1,A-02,ว่าง (อยู่บนชั้น)
B470101002,B470101002-C05,ดาบพิฆาตอสูร (Demon Slayer) เล่ม 2,เล่มที่ 5,Koyoharu Gotouge,90.00,1,1,A-02,ว่าง (อยู่บนชั้น)
B470101003,B470101003-C01,ดาบพิฆาตอสูร (Demon Slayer) เล่ม 3,เล่มที่ 1,Koyoharu Gotouge,90.00,1,1,A-02,ว่าง (อยู่บนชั้น)
B470101003,B470101003-C02,ดาบพิฆาตอสูร (Demon Slayer) เล่ม 3,เล่มที่ 2,Koyoharu Gotouge,90.00,1,1,A-02,ว่าง (อยู่บนชั้น)
B470101003,B470101003-C03,ดาบพิฆาตอสูร (Demon Slayer) เล่ม 3,เล่มที่ 3,Koyoharu Gotouge,90.00,1,1,A-02,ว่าง (อยู่บนชั้น)
B470101003,B470101003-C04,ดาบพิฆาตอสูร (Demon Slayer) เล่ม 3,เล่มที่ 4,Koyoharu Gotouge,90.00,1,1,A-02,ว่าง (อยู่บนชั้น)
B470101003,B470101003-C05,ดาบพิฆาตอสูร (Demon Slayer) เล่ม 3,เล่มที่ 5,Koyoharu Gotouge,90.00,1,1,A-02,ว่าง (อยู่บนชั้น)
B470101004,B470101004-C01,ดาบพิฆาตอสูร (Demon Slayer) เล่ม 4,เล่มที่ 1,Koyoharu Gotouge,90.00,1,1,A-02,ว่าง (อยู่บนชั้น)
B470101004,B470101004-C02,ดาบพิฆาตอสูร (Demon Slayer) เล่ม 4,เล่มที่ 2,Koyoharu Gotouge,90.00,1,1,A-02,ว่าง (อยู่บนชั้น)
B470101004,B470101004-C03,ดาบพิฆาตอสูร (Demon Slayer) เล่ม 4,เล่มที่ 3,Koyoharu Gotouge,90.00,1,1,A-02,ว่าง (อยู่บนชั้น)
B470101004,B470101004-C04,ดาบพิฆาตอสูร (Demon Slayer) เล่ม 4,เล่มที่ 4,Koyoharu Gotouge,90.00,1,1,A-02,ว่าง (อยู่บนชั้น)
B470101004,B470101004-C05,ดาบพิฆาตอสูร (Demon Slayer) เล่ม 4,เล่มที่ 5,Koyoharu Gotouge,90.00,1,1,A-02,ว่าง (อยู่บนชั้น)
B470101005,B470101005-C01,ดาบพิฆาตอสูร (Demon Slayer) เล่ม 5,เล่มที่ 1,Koyoharu Gotouge,90.00,1,1,A-02,ว่าง (อยู่บนชั้น)
B470101005,B470101005-C02,ดาบพิฆาตอสูร (Demon Slayer) เล่ม 5,เล่มที่ 2,Koyoharu Gotouge,90.00,1,1,A-02,ว่าง (อยู่บนชั้น)
B470101005,B470101005-C03,ดาบพิฆาตอสูร (Demon Slayer) เล่ม 5,เล่มที่ 3,Koyoharu Gotouge,90.00,1,1,A-02,ว่าง (อยู่บนชั้น)
B470101005,B470101005-C04,ดาบพิฆาตอสูร (Demon Slayer) เล่ม 5,เล่มที่ 4,Koyoharu Gotouge,90.00,1,1,A-02,ว่าง (อยู่บนชั้น)
B470101005,B470101005-C05,ดาบพิฆาตอสูร (Demon Slayer) เล่ม 5,เล่มที่ 5,Koyoharu Gotouge,90.00,1,1,A-02,ว่าง (อยู่บนชั้น)
B470101006,B470101006-C01,ดาบพิฆาตอสูร (Demon Slayer) เล่ม 6,เล่มที่ 1,Koyoharu Gotouge,90.00,1,1,A-02,ว่าง (อยู่บนชั้น)
B470101006,B470101006-C02,ดาบพิฆาตอสูร (Demon Slayer) เล่ม 6,เล่มที่ 2,Koyoharu Gotouge,90.00,1,1,A-02,ว่าง (อยู่บนชั้น)
B470101006,B470101006-C03,ดาบพิฆาตอสูร (Demon Slayer) เล่ม 6,เล่มที่ 3,Koyoharu Gotouge,90.00,1,1,A-02,ว่าง (อยู่บนชั้น)
B470101006,B470101006-C04,ดาบพิฆาตอสูร (Demon Slayer) เล่ม 6,เล่มที่ 4,Koyoharu Gotouge,90.00,1,1,A-02,ว่าง (อยู่บนชั้น)
B470101006,B470101006-C05,ดาบพิฆาตอสูร (Demon Slayer) เล่ม 6,เล่มที่ 5,Koyoharu Gotouge,90.00,1,1,A-02,ว่าง (อยู่บนชั้น)
B470101007,B470101007-C01,ดาบพิฆาตอสูร (Demon Slayer) เล่ม 7,เล่มที่ 1,Koyoharu Gotouge,90.00,1,1,A-02,ว่าง (อยู่บนชั้น)
B470101007,B470101007-C02,ดาบพิฆาตอสูร (Demon Slayer) เล่ม 7,เล่มที่ 2,Koyoharu Gotouge,90.00,1,1,A-02,ว่าง (อยู่บนชั้น)
B470101007,B470101007-C03,ดาบพิฆาตอสูร (Demon Slayer) เล่ม 7,เล่มที่ 3,Koyoharu Gotouge,90.00,1,1,A-02,ว่าง (อยู่บนชั้น)
B470101007,B470101007-C04,ดาบพิฆาตอสูร (Demon Slayer) เล่ม 7,เล่มที่ 4,Koyoharu Gotouge,90.00,1,1,A-02,ว่าง (อยู่บนชั้น)
B470101007,B470101007-C05,ดาบพิฆาตอสูร (Demon Slayer) เล่ม 7,เล่มที่ 5,Koyoharu Gotouge,90.00,1,1,A-02,ว่าง (อยู่บนชั้น)
B470101008,B470101008-C01,ดาบพิฆาตอสูร (Demon Slayer) เล่ม 8,เล่มที่ 1,Koyoharu Gotouge,90.00,1,1,A-02,ว่าง (อยู่บนชั้น)
B470101008,B470101008-C02,ดาบพิฆาตอสูร (Demon Slayer) เล่ม 8,เล่มที่ 2,Koyoharu Gotouge,90.00,1,1,A-02,ว่าง (อยู่บนชั้น)
B470101008,B470101008-C03,ดาบพิฆาตอสูร (Demon Slayer) เล่ม 8,เล่มที่ 3,Koyoharu Gotouge,90.00,1,1,A-02,ว่าง (อยู่บนชั้น)
B470101008,B470101008-C04,ดาบพิฆาตอสูร (Demon Slayer) เล่ม 8,เล่มที่ 4,Koyoharu Gotouge,90.00,1,1,A-02,ว่าง (อยู่บนชั้น)
B470101008,B470101008-C05,ดาบพิฆาตอสูร (Demon Slayer) เล่ม 8,เล่มที่ 5,Koyoharu Gotouge,90.00,1,1,A-02,ว่าง (อยู่บนชั้น)
B470101009,B470101009-C01,ดาบพิฆาตอสูร (Demon Slayer) เล่ม 9,เล่มที่ 1,Koyoharu Gotouge,90.00,1,1,A-02,ว่าง (อยู่บนชั้น)
B470101009,B470101009-C02,ดาบพิฆาตอสูร (Demon Slayer) เล่ม 9,เล่มที่ 2,Koyoharu Gotouge,90.00,1,1,A-02,ว่าง (อยู่บนชั้น)
B470101009,B470101009-C03,ดาบพิฆาตอสูร (Demon Slayer) เล่ม 9,เล่มที่ 3,Koyoharu Gotouge,90.00,1,1,A-02,ว่าง (อยู่บนชั้น)
B470101009,B470101009-C04,ดาบพิฆาตอสูร (Demon Slayer) เล่ม 9,เล่มที่ 4,Koyoharu Gotouge,90.00,1,1,A-02,ว่าง (อยู่บนชั้น)
B470101009,B470101009-C05,ดาบพิฆาตอสูร (Demon Slayer) เล่ม 9,เล่มที่ 5,Koyoharu Gotouge,90.00,1,1,A-02,ว่าง (อยู่บนชั้น)
B470101010,B470101010-C01,ดาบพิฆาตอสูร (Demon Slayer) เล่ม 10,เล่มที่ 1,Koyoharu Gotouge,90.00,1,1,A-02,ว่าง (อยู่บนชั้น)
B470101010,B470101010-C02,ดาบพิฆาตอสูร (Demon Slayer) เล่ม 10,เล่มที่ 2,Koyoharu Gotouge,90.00,1,1,A-02,ว่าง (อยู่บนชั้น)
B470101010,B470101010-C03,ดาบพิฆาตอสูร (Demon Slayer) เล่ม 10,เล่มที่ 3,Koyoharu Gotouge,90.00,1,1,A-02,ว่าง (อยู่บนชั้น)
B470101010,B470101010-C04,ดาบพิฆาตอสูร (Demon Slayer) เล่ม 10,เล่มที่ 4,Koyoharu Gotouge,90.00,1,1,A-02,ว่าง (อยู่บนชั้น)
B470101010,B470101010-C05,ดาบพิฆาตอสูร (Demon Slayer) เล่ม 10,เล่มที่ 5,Koyoharu Gotouge,90.00,1,1,A-02,ว่าง (อยู่บนชั้น)
B470101011,B470101011-C01,ดาบพิฆาตอสูร (Demon Slayer) เล่ม 11,เล่มที่ 1,Koyoharu Gotouge,90.00,1,1,A-02,ว่าง (อยู่บนชั้น)
B470101011,B470101011-C02,ดาบพิฆาตอสูร (Demon Slayer) เล่ม 11,เล่มที่ 2,Koyoharu Gotouge,90.00,1,1,A-02,ว่าง (อยู่บนชั้น)
B470101011,B470101011-C03,ดาบพิฆาตอสูร (Demon Slayer) เล่ม 11,เล่มที่ 3,Koyoharu Gotouge,90.00,1,1,A-02,ว่าง (อยู่บนชั้น)
B470101011,B470101011-C04,ดาบพิฆาตอสูร (Demon Slayer) เล่ม 11,เล่มที่ 4,Koyoharu Gotouge,90.00,1,1,A-02,ว่าง (อยู่บนชั้น)
B470101011,B470101011-C05,ดาบพิฆาตอสูร (Demon Slayer) เล่ม 11,เล่มที่ 5,Koyoharu Gotouge,90.00,1,1,A-02,ว่าง (อยู่บนชั้น)
B470101012,B470101012-C01,ดาบพิฆาตอสูร (Demon Slayer) เล่ม 12,เล่มที่ 1,Koyoharu Gotouge,90.00,1,1,A-02,ว่าง (อยู่บนชั้น)
B470101012,B470101012-C02,ดาบพิฆาตอสูร (Demon Slayer) เล่ม 12,เล่มที่ 2,Koyoharu Gotouge,90.00,1,1,A-02,ว่าง (อยู่บนชั้น)
B470101012,B470101012-C03,ดาบพิฆาตอสูร (Demon Slayer) เล่ม 12,เล่มที่ 3,Koyoharu Gotouge,90.00,1,1,A-02,ว่าง (อยู่บนชั้น)
B470101012,B470101012-C04,ดาบพิฆาตอสูร (Demon Slayer) เล่ม 12,เล่มที่ 4,Koyoharu Gotouge,90.00,1,1,A-02,ว่าง (อยู่บนชั้น)
B470101012,B470101012-C05,ดาบพิฆาตอสูร (Demon Slayer) เล่ม 12,เล่มที่ 5,Koyoharu Gotouge,90.00,1,1,A-02,ว่าง (อยู่บนชั้น)
B470101013,B470101013-C01,ดาบพิฆาตอสูร (Demon Slayer) เล่ม 13,เล่มที่ 1,Koyoharu Gotouge,90.00,1,1,A-02,ว่าง (อยู่บนชั้น)
B470101013,B470101013-C02,ดาบพิฆาตอสูร (Demon Slayer) เล่ม 13,เล่มที่ 2,Koyoharu Gotouge,90.00,1,1,A-02,ว่าง (อยู่บนชั้น)
B470101013,B470101013-C03,ดาบพิฆาตอสูร (Demon Slayer) เล่ม 13,เล่มที่ 3,Koyoharu Gotouge,90.00,1,1,A-02,ว่าง (อยู่บนชั้น)
B470101013,B470101013-C04,ดาบพิฆาตอสูร (Demon Slayer) เล่ม 13,เล่มที่ 4,Koyoharu Gotouge,90.00,1,1,A-02,ว่าง (อยู่บนชั้น)
B470101013,B470101013-C05,ดาบพิฆาตอสูร (Demon Slayer) เล่ม 13,เล่มที่ 5,Koyoharu Gotouge,90.00,1,1,A-02,ว่าง (อยู่บนชั้น)
B470101014,B470101014-C01,ดาบพิฆาตอสูร (Demon Slayer) เล่ม 14,เล่มที่ 1,Koyoharu Gotouge,90.00,1,1,A-02,ว่าง (อยู่บนชั้น)
B470101014,B470101014-C02,ดาบพิฆาตอสูร (Demon Slayer) เล่ม 14,เล่มที่ 2,Koyoharu Gotouge,90.00,1,1,A-02,ว่าง (อยู่บนชั้น)
B470101014,B470101014-C03,ดาบพิฆาตอสูร (Demon Slayer) เล่ม 14,เล่มที่ 3,Koyoharu Gotouge,90.00,1,1,A-02,ว่าง (อยู่บนชั้น)
B470101014,B470101014-C04,ดาบพิฆาตอสูร (Demon Slayer) เล่ม 14,เล่มที่ 4,Koyoharu Gotouge,90.00,1,1,A-02,ว่าง (อยู่บนชั้น)
B470101014,B470101014-C05,ดาบพิฆาตอสูร (Demon Slayer) เล่ม 14,เล่มที่ 5,Koyoharu Gotouge,90.00,1,1,A-02,ว่าง (อยู่บนชั้น)
B470101015,B470101015-C01,ดาบพิฆาตอสูร (Demon Slayer) เล่ม 15,เล่มที่ 1,Koyoharu Gotouge,90.00,1,1,A-02,ว่าง (อยู่บนชั้น)
B470101015,B470101015-C02,ดาบพิฆาตอสูร (Demon Slayer) เล่ม 15,เล่มที่ 2,Koyoharu Gotouge,90.00,1,1,A-02,ว่าง (อยู่บนชั้น)
B470101015,B470101015-C03,ดาบพิฆาตอสูร (Demon Slayer) เล่ม 15,เล่มที่ 3,Koyoharu Gotouge,90.00,1,1,A-02,ว่าง (อยู่บนชั้น)
B470101015,B470101015-C04,ดาบพิฆาตอสูร (Demon Slayer) เล่ม 15,เล่มที่ 4,Koyoharu Gotouge,90.00,1,1,A-02,ว่าง (อยู่บนชั้น)
B470101015,B470101015-C05,ดาบพิฆาตอสูร (Demon Slayer) เล่ม 15,เล่มที่ 5,Koyoharu Gotouge,90.00,1,1,A-02,ว่าง (อยู่บนชั้น)
B470101016,B470101016-C01,ดาบพิฆาตอสูร (Demon Slayer) เล่ม 16,เล่มที่ 1,Koyoharu Gotouge,90.00,1,1,A-02,ว่าง (อยู่บนชั้น)
B470101016,B470101016-C02,ดาบพิฆาตอสูร (Demon Slayer) เล่ม 16,เล่มที่ 2,Koyoharu Gotouge,90.00,1,1,A-02,ว่าง (อยู่บนชั้น)
B470101016,B470101016-C03,ดาบพิฆาตอสูร (Demon Slayer) เล่ม 16,เล่มที่ 3,Koyoharu Gotouge,90.00,1,1,A-02,ว่าง (อยู่บนชั้น)
B470101016,B470101016-C04,ดาบพิฆาตอสูร (Demon Slayer) เล่ม 16,เล่มที่ 4,Koyoharu Gotouge,90.00,1,1,A-02,ว่าง (อยู่บนชั้น)
B470101016,B470101016-C05,ดาบพิฆาตอสูร (Demon Slayer) เล่ม 16,เล่มที่ 5,Koyoharu Gotouge,90.00,1,1,A-02,ว่าง (อยู่บนชั้น)
B470101017,B470101017-C01,ดาบพิฆาตอสูร (Demon Slayer) เล่ม 17,เล่มที่ 1,Koyoharu Gotouge,90.00,1,1,A-02,ว่าง (อยู่บนชั้น)
B470101017,B470101017-C02,ดาบพิฆาตอสูร (Demon Slayer) เล่ม 17,เล่มที่ 2,Koyoharu Gotouge,90.00,1,1,A-02,ว่าง (อยู่บนชั้น)
B470101017,B470101017-C03,ดาบพิฆาตอสูร (Demon Slayer) เล่ม 17,เล่มที่ 3,Koyoharu Gotouge,90.00,1,1,A-02,ว่าง (อยู่บนชั้น)
B470101017,B470101017-C04,ดาบพิฆาตอสูร (Demon Slayer) เล่ม 17,เล่มที่ 4,Koyoharu Gotouge,90.00,1,1,A-02,ว่าง (อยู่บนชั้น)
B470101017,B470101017-C05,ดาบพิฆาตอสูร (Demon Slayer) เล่ม 17,เล่มที่ 5,Koyoharu Gotouge,90.00,1,1,A-02,ว่าง (อยู่บนชั้น)
B470101018,B470101018-C01,ดาบพิฆาตอสูร (Demon Slayer) เล่ม 18,เล่มที่ 1,Koyoharu Gotouge,90.00,1,1,A-02,ว่าง (อยู่บนชั้น)
B470101018,B470101018-C02,ดาบพิฆาตอสูร (Demon Slayer) เล่ม 18,เล่มที่ 2,Koyoharu Gotouge,90.00,1,1,A-02,ว่าง (อยู่บนชั้น)
B470101018,B470101018-C03,ดาบพิฆาตอสูร (Demon Slayer) เล่ม 18,เล่มที่ 3,Koyoharu Gotouge,90.00,1,1,A-02,ว่าง (อยู่บนชั้น)
B470101018,B470101018-C04,ดาบพิฆาตอสูร (Demon Slayer) เล่ม 18,เล่มที่ 4,Koyoharu Gotouge,90.00,1,1,A-02,ว่าง (อยู่บนชั้น)
B470101018,B470101018-C05,ดาบพิฆาตอสูร (Demon Slayer) เล่ม 18,เล่มที่ 5,Koyoharu Gotouge,90.00,1,1,A-02,ว่าง (อยู่บนชั้น)
B470101019,B470101019-C01,ดาบพิฆาตอสูร (Demon Slayer) เล่ม 19,เล่มที่ 1,Koyoharu Gotouge,90.00,1,1,A-02,ว่าง (อยู่บนชั้น)
B470101019,B470101019-C02,ดาบพิฆาตอสูร (Demon Slayer) เล่ม 19,เล่มที่ 2,Koyoharu Gotouge,90.00,1,1,A-02,ว่าง (อยู่บนชั้น)
B470101019,B470101019-C03,ดาบพิฆาตอสูร (Demon Slayer) เล่ม 19,เล่มที่ 3,Koyoharu Gotouge,90.00,1,1,A-02,ว่าง (อยู่บนชั้น)
B470101019,B470101019-C04,ดาบพิฆาตอสูร (Demon Slayer) เล่ม 19,เล่มที่ 4,Koyoharu Gotouge,90.00,1,1,A-02,ว่าง (อยู่บนชั้น)
B470101019,B470101019-C05,ดาบพิฆาตอสูร (Demon Slayer) เล่ม 19,เล่มที่ 5,Koyoharu Gotouge,90.00,1,1,A-02,ว่าง (อยู่บนชั้น)
B470101020,B470101020-C01,ดาบพิฆาตอสูร (Demon Slayer) เล่ม 20,เล่มที่ 1,Koyoharu Gotouge,90.00,1,1,A-02,ว่าง (อยู่บนชั้น)
B470101020,B470101020-C02,ดาบพิฆาตอสูร (Demon Slayer) เล่ม 20,เล่มที่ 2,Koyoharu Gotouge,90.00,1,1,A-02,ว่าง (อยู่บนชั้น)
B470101020,B470101020-C03,ดาบพิฆาตอสูร (Demon Slayer) เล่ม 20,เล่มที่ 3,Koyoharu Gotouge,90.00,1,1,A-02,ว่าง (อยู่บนชั้น)
B470101020,B470101020-C04,ดาบพิฆาตอสูร (Demon Slayer) เล่ม 20,เล่มที่ 4,Koyoharu Gotouge,90.00,1,1,A-02,ว่าง (อยู่บนชั้น)
B470101020,B470101020-C05,ดาบพิฆาตอสูร (Demon Slayer) เล่ม 20,เล่มที่ 5,Koyoharu Gotouge,90.00,1,1,A-02,ว่าง (อยู่บนชั้น)
B470101021,B470101021-C01,ดาบพิฆาตอสูร (Demon Slayer) เล่ม 21,เล่มที่ 1,Koyoharu Gotouge,90.00,1,1,A-02,ว่าง (อยู่บนชั้น)
B470101021,B470101021-C02,ดาบพิฆาตอสูร (Demon Slayer) เล่ม 21,เล่มที่ 2,Koyoharu Gotouge,90.00,1,1,A-02,ว่าง (อยู่บนชั้น)
B470101021,B470101021-C03,ดาบพิฆาตอสูร (Demon Slayer) เล่ม 21,เล่มที่ 3,Koyoharu Gotouge,90.00,1,1,A-02,ว่าง (อยู่บนชั้น)
B470101021,B470101021-C04,ดาบพิฆาตอสูร (Demon Slayer) เล่ม 21,เล่มที่ 4,Koyoharu Gotouge,90.00,1,1,A-02,ว่าง (อยู่บนชั้น)
B470101021,B470101021-C05,ดาบพิฆาตอสูร (Demon Slayer) เล่ม 21,เล่มที่ 5,Koyoharu Gotouge,90.00,1,1,A-02,ว่าง (อยู่บนชั้น)
B470101022,B470101022-C01,ดาบพิฆาตอสูร (Demon Slayer) เล่ม 22,เล่มที่ 1,Koyoharu Gotouge,90.00,1,1,A-02,ว่าง (อยู่บนชั้น)
B470101022,B470101022-C02,ดาบพิฆาตอสูร (Demon Slayer) เล่ม 22,เล่มที่ 2,Koyoharu Gotouge,90.00,1,1,A-02,ว่าง (อยู่บนชั้น)
B470101022,B470101022-C03,ดาบพิฆาตอสูร (Demon Slayer) เล่ม 22,เล่มที่ 3,Koyoharu Gotouge,90.00,1,1,A-02,ว่าง (อยู่บนชั้น)
B470101022,B470101022-C04,ดาบพิฆาตอสูร (Demon Slayer) เล่ม 22,เล่มที่ 4,Koyoharu Gotouge,90.00,1,1,A-02,ว่าง (อยู่บนชั้น)
B470101022,B470101022-C05,ดาบพิฆาตอสูร (Demon Slayer) เล่ม 22,เล่มที่ 5,Koyoharu Gotouge,90.00,1,1,A-02,ว่าง (อยู่บนชั้น)
B470101023,B470101023-C01,ดาบพิฆาตอสูร (Demon Slayer) เล่ม 23,เล่มที่ 1,Koyoharu Gotouge,90.00,1,1,A-02,ว่าง (อยู่บนชั้น)
B470101023,B470101023-C02,ดาบพิฆาตอสูร (Demon Slayer) เล่ม 23,เล่มที่ 2,Koyoharu Gotouge,90.00,1,1,A-02,ว่าง (อยู่บนชั้น)
B470101023,B470101023-C03,ดาบพิฆาตอสูร (Demon Slayer) เล่ม 23,เล่มที่ 3,Koyoharu Gotouge,90.00,1,1,A-02,ว่าง (อยู่บนชั้น)
B470101023,B470101023-C04,ดาบพิฆาตอสูร (Demon Slayer) เล่ม 23,เล่มที่ 4,Koyoharu Gotouge,90.00,1,1,A-02,ว่าง (อยู่บนชั้น)
B470101023,B470101023-C05,ดาบพิฆาตอสูร (Demon Slayer) เล่ม 23,เล่มที่ 5,Koyoharu Gotouge,90.00,1,1,A-02,ว่าง (อยู่บนชั้น)
B480101001,B480101001-C01,วันพีช (One Piece) เล่ม 1,เล่มที่ 1,Eiichiro Oda,95.00,1,1,A-03,ว่าง (อยู่บนชั้น)
B480101001,B480101001-C02,วันพีช (One Piece) เล่ม 1,เล่มที่ 2,Eiichiro Oda,95.00,1,1,A-03,ว่าง (อยู่บนชั้น)
B480101001,B480101001-C03,วันพีช (One Piece) เล่ม 1,เล่มที่ 3,Eiichiro Oda,95.00,1,1,A-03,ว่าง (อยู่บนชั้น)
B480101001,B480101001-C04,วันพีช (One Piece) เล่ม 1,เล่มที่ 4,Eiichiro Oda,95.00,1,1,A-03,ว่าง (อยู่บนชั้น)
B480101001,B480101001-C05,วันพีช (One Piece) เล่ม 1,เล่มที่ 5,Eiichiro Oda,95.00,1,1,A-03,ว่าง (อยู่บนชั้น)
B480101002,B480101002-C01,วันพีช (One Piece) เล่ม 2,เล่มที่ 1,Eiichiro Oda,95.00,1,1,A-03,ว่าง (อยู่บนชั้น)
B480101002,B480101002-C02,วันพีช (One Piece) เล่ม 2,เล่มที่ 2,Eiichiro Oda,95.00,1,1,A-03,ว่าง (อยู่บนชั้น)
B480101002,B480101002-C03,วันพีช (One Piece) เล่ม 2,เล่มที่ 3,Eiichiro Oda,95.00,1,1,A-03,ว่าง (อยู่บนชั้น)
B480101002,B480101002-C04,วันพีช (One Piece) เล่ม 2,เล่มที่ 4,Eiichiro Oda,95.00,1,1,A-03,ว่าง (อยู่บนชั้น)
B480101002,B480101002-C05,วันพีช (One Piece) เล่ม 2,เล่มที่ 5,Eiichiro Oda,95.00,1,1,A-03,ว่าง (อยู่บนชั้น)
B480101003,B480101003-C01,วันพีช (One Piece) เล่ม 3,เล่มที่ 1,Eiichiro Oda,95.00,1,1,A-03,ว่าง (อยู่บนชั้น)
B480101003,B480101003-C02,วันพีช (One Piece) เล่ม 3,เล่มที่ 2,Eiichiro Oda,95.00,1,1,A-03,ว่าง (อยู่บนชั้น)
B480101003,B480101003-C03,วันพีช (One Piece) เล่ม 3,เล่มที่ 3,Eiichiro Oda,95.00,1,1,A-03,ว่าง (อยู่บนชั้น)
B480101003,B480101003-C04,วันพีช (One Piece) เล่ม 3,เล่มที่ 4,Eiichiro Oda,95.00,1,1,A-03,ว่าง (อยู่บนชั้น)
B480101003,B480101003-C05,วันพีช (One Piece) เล่ม 3,เล่มที่ 5,Eiichiro Oda,95.00,1,1,A-03,ว่าง (อยู่บนชั้น)
B480101004,B480101004-C01,วันพีช (One Piece) เล่ม 4,เล่มที่ 1,Eiichiro Oda,95.00,1,1,A-03,ว่าง (อยู่บนชั้น)
B480101004,B480101004-C02,วันพีช (One Piece) เล่ม 4,เล่มที่ 2,Eiichiro Oda,95.00,1,1,A-03,ว่าง (อยู่บนชั้น)
B480101004,B480101004-C03,วันพีช (One Piece) เล่ม 4,เล่มที่ 3,Eiichiro Oda,95.00,1,1,A-03,ว่าง (อยู่บนชั้น)
B480101004,B480101004-C04,วันพีช (One Piece) เล่ม 4,เล่มที่ 4,Eiichiro Oda,95.00,1,1,A-03,ว่าง (อยู่บนชั้น)
B480101004,B480101004-C05,วันพีช (One Piece) เล่ม 4,เล่มที่ 5,Eiichiro Oda,95.00,1,1,A-03,ว่าง (อยู่บนชั้น)
B480101005,B480101005-C01,วันพีช (One Piece) เล่ม 5,เล่มที่ 1,Eiichiro Oda,95.00,1,1,A-03,ว่าง (อยู่บนชั้น)
B480101005,B480101005-C02,วันพีช (One Piece) เล่ม 5,เล่มที่ 2,Eiichiro Oda,95.00,1,1,A-03,ว่าง (อยู่บนชั้น)
B480101005,B480101005-C03,วันพีช (One Piece) เล่ม 5,เล่มที่ 3,Eiichiro Oda,95.00,1,1,A-03,ว่าง (อยู่บนชั้น)
B480101005,B480101005-C04,วันพีช (One Piece) เล่ม 5,เล่มที่ 4,Eiichiro Oda,95.00,1,1,A-03,ว่าง (อยู่บนชั้น)
B480101005,B480101005-C05,วันพีช (One Piece) เล่ม 5,เล่มที่ 5,Eiichiro Oda,95.00,1,1,A-03,ว่าง (อยู่บนชั้น)
B480101006,B480101006-C01,วันพีช (One Piece) เล่ม 6,เล่มที่ 1,Eiichiro Oda,95.00,1,1,A-03,ว่าง (อยู่บนชั้น)
B480101006,B480101006-C02,วันพีช (One Piece) เล่ม 6,เล่มที่ 2,Eiichiro Oda,95.00,1,1,A-03,ว่าง (อยู่บนชั้น)
B480101006,B480101006-C03,วันพีช (One Piece) เล่ม 6,เล่มที่ 3,Eiichiro Oda,95.00,1,1,A-03,ว่าง (อยู่บนชั้น)
B480101006,B480101006-C04,วันพีช (One Piece) เล่ม 6,เล่มที่ 4,Eiichiro Oda,95.00,1,1,A-03,ว่าง (อยู่บนชั้น)
B480101006,B480101006-C05,วันพีช (One Piece) เล่ม 6,เล่มที่ 5,Eiichiro Oda,95.00,1,1,A-03,ว่าง (อยู่บนชั้น)
B480101007,B480101007-C01,วันพีช (One Piece) เล่ม 7,เล่มที่ 1,Eiichiro Oda,95.00,1,1,A-03,ว่าง (อยู่บนชั้น)
B480101007,B480101007-C02,วันพีช (One Piece) เล่ม 7,เล่มที่ 2,Eiichiro Oda,95.00,1,1,A-03,ว่าง (อยู่บนชั้น)
B480101007,B480101007-C03,วันพีช (One Piece) เล่ม 7,เล่มที่ 3,Eiichiro Oda,95.00,1,1,A-03,ว่าง (อยู่บนชั้น)
B480101007,B480101007-C04,วันพีช (One Piece) เล่ม 7,เล่มที่ 4,Eiichiro Oda,95.00,1,1,A-03,ว่าง (อยู่บนชั้น)
B480101007,B480101007-C05,วันพีช (One Piece) เล่ม 7,เล่มที่ 5,Eiichiro Oda,95.00,1,1,A-03,ว่าง (อยู่บนชั้น)
B480101008,B480101008-C01,วันพีช (One Piece) เล่ม 8,เล่มที่ 1,Eiichiro Oda,95.00,1,1,A-03,ว่าง (อยู่บนชั้น)
B480101008,B480101008-C02,วันพีช (One Piece) เล่ม 8,เล่มที่ 2,Eiichiro Oda,95.00,1,1,A-03,ว่าง (อยู่บนชั้น)
B480101008,B480101008-C03,วันพีช (One Piece) เล่ม 8,เล่มที่ 3,Eiichiro Oda,95.00,1,1,A-03,ว่าง (อยู่บนชั้น)
B480101008,B480101008-C04,วันพีช (One Piece) เล่ม 8,เล่มที่ 4,Eiichiro Oda,95.00,1,1,A-03,ว่าง (อยู่บนชั้น)
B480101008,B480101008-C05,วันพีช (One Piece) เล่ม 8,เล่มที่ 5,Eiichiro Oda,95.00,1,1,A-03,ว่าง (อยู่บนชั้น)
B480101009,B480101009-C01,วันพีช (One Piece) เล่ม 9,เล่มที่ 1,Eiichiro Oda,95.00,1,1,A-03,ว่าง (อยู่บนชั้น)
B480101009,B480101009-C02,วันพีช (One Piece) เล่ม 9,เล่มที่ 2,Eiichiro Oda,95.00,1,1,A-03,ว่าง (อยู่บนชั้น)
B480101009,B480101009-C03,วันพีช (One Piece) เล่ม 9,เล่มที่ 3,Eiichiro Oda,95.00,1,1,A-03,ว่าง (อยู่บนชั้น)
B480101009,B480101009-C04,วันพีช (One Piece) เล่ม 9,เล่มที่ 4,Eiichiro Oda,95.00,1,1,A-03,ว่าง (อยู่บนชั้น)
B480101009,B480101009-C05,วันพีช (One Piece) เล่ม 9,เล่มที่ 5,Eiichiro Oda,95.00,1,1,A-03,ว่าง (อยู่บนชั้น)
B480101010,B480101010-C01,วันพีช (One Piece) เล่ม 10,เล่มที่ 1,Eiichiro Oda,95.00,1,1,A-03,ว่าง (อยู่บนชั้น)
B480101010,B480101010-C02,วันพีช (One Piece) เล่ม 10,เล่มที่ 2,Eiichiro Oda,95.00,1,1,A-03,ว่าง (อยู่บนชั้น)
B480101010,B480101010-C03,วันพีช (One Piece) เล่ม 10,เล่มที่ 3,Eiichiro Oda,95.00,1,1,A-03,ว่าง (อยู่บนชั้น)
B480101010,B480101010-C04,วันพีช (One Piece) เล่ม 10,เล่มที่ 4,Eiichiro Oda,95.00,1,1,A-03,ว่าง (อยู่บนชั้น)
B480101010,B480101010-C05,วันพีช (One Piece) เล่ม 10,เล่มที่ 5,Eiichiro Oda,95.00,1,1,A-03,ว่าง (อยู่บนชั้น)
B480101011,B480101011-C01,วันพีช (One Piece) เล่ม 11,เล่มที่ 1,Eiichiro Oda,95.00,1,1,A-03,ว่าง (อยู่บนชั้น)
B480101011,B480101011-C02,วันพีช (One Piece) เล่ม 11,เล่มที่ 2,Eiichiro Oda,95.00,1,1,A-03,ว่าง (อยู่บนชั้น)
B480101011,B480101011-C03,วันพีช (One Piece) เล่ม 11,เล่มที่ 3,Eiichiro Oda,95.00,1,1,A-03,ว่าง (อยู่บนชั้น)
B480101011,B480101011-C04,วันพีช (One Piece) เล่ม 11,เล่มที่ 4,Eiichiro Oda,95.00,1,1,A-03,ว่าง (อยู่บนชั้น)
B480101011,B480101011-C05,วันพีช (One Piece) เล่ม 11,เล่มที่ 5,Eiichiro Oda,95.00,1,1,A-03,ว่าง (อยู่บนชั้น)
B480101012,B480101012-C01,วันพีช (One Piece) เล่ม 12,เล่มที่ 1,Eiichiro Oda,95.00,1,1,A-03,ว่าง (อยู่บนชั้น)
B480101012,B480101012-C02,วันพีช (One Piece) เล่ม 12,เล่มที่ 2,Eiichiro Oda,95.00,1,1,A-03,ว่าง (อยู่บนชั้น)
B480101012,B480101012-C03,วันพีช (One Piece) เล่ม 12,เล่มที่ 3,Eiichiro Oda,95.00,1,1,A-03,ว่าง (อยู่บนชั้น)
B480101012,B480101012-C04,วันพีช (One Piece) เล่ม 12,เล่มที่ 4,Eiichiro Oda,95.00,1,1,A-03,ว่าง (อยู่บนชั้น)
B480101012,B480101012-C05,วันพีช (One Piece) เล่ม 12,เล่มที่ 5,Eiichiro Oda,95.00,1,1,A-03,ว่าง (อยู่บนชั้น)
B480101013,B480101013-C01,วันพีช (One Piece) เล่ม 13,เล่มที่ 1,Eiichiro Oda,95.00,1,1,A-03,ว่าง (อยู่บนชั้น)
B480101013,B480101013-C02,วันพีช (One Piece) เล่ม 13,เล่มที่ 2,Eiichiro Oda,95.00,1,1,A-03,ว่าง (อยู่บนชั้น)
B480101013,B480101013-C03,วันพีช (One Piece) เล่ม 13,เล่มที่ 3,Eiichiro Oda,95.00,1,1,A-03,ว่าง (อยู่บนชั้น)
B480101013,B480101013-C04,วันพีช (One Piece) เล่ม 13,เล่มที่ 4,Eiichiro Oda,95.00,1,1,A-03,ว่าง (อยู่บนชั้น)
B480101013,B480101013-C05,วันพีช (One Piece) เล่ม 13,เล่มที่ 5,Eiichiro Oda,95.00,1,1,A-03,ว่าง (อยู่บนชั้น)
B480101014,B480101014-C01,วันพีช (One Piece) เล่ม 14,เล่มที่ 1,Eiichiro Oda,95.00,1,1,A-03,ว่าง (อยู่บนชั้น)
B480101014,B480101014-C02,วันพีช (One Piece) เล่ม 14,เล่มที่ 2,Eiichiro Oda,95.00,1,1,A-03,ว่าง (อยู่บนชั้น)
B480101014,B480101014-C03,วันพีช (One Piece) เล่ม 14,เล่มที่ 3,Eiichiro Oda,95.00,1,1,A-03,ว่าง (อยู่บนชั้น)
B480101014,B480101014-C04,วันพีช (One Piece) เล่ม 14,เล่มที่ 4,Eiichiro Oda,95.00,1,1,A-03,ว่าง (อยู่บนชั้น)
B480101014,B480101014-C05,วันพีช (One Piece) เล่ม 14,เล่มที่ 5,Eiichiro Oda,95.00,1,1,A-03,ว่าง (อยู่บนชั้น)
B480101015,B480101015-C01,วันพีช (One Piece) เล่ม 15,เล่มที่ 1,Eiichiro Oda,95.00,1,1,A-03,ว่าง (อยู่บนชั้น)
B480101015,B480101015-C02,วันพีช (One Piece) เล่ม 15,เล่มที่ 2,Eiichiro Oda,95.00,1,1,A-03,ว่าง (อยู่บนชั้น)
B480101015,B480101015-C03,วันพีช (One Piece) เล่ม 15,เล่มที่ 3,Eiichiro Oda,95.00,1,1,A-03,ว่าง (อยู่บนชั้น)
B480101015,B480101015-C04,วันพีช (One Piece) เล่ม 15,เล่มที่ 4,Eiichiro Oda,95.00,1,1,A-03,ว่าง (อยู่บนชั้น)
B480101015,B480101015-C05,วันพีช (One Piece) เล่ม 15,เล่มที่ 5,Eiichiro Oda,95.00,1,1,A-03,ว่าง (อยู่บนชั้น)
B480101016,B480101016-C01,วันพีช (One Piece) เล่ม 16,เล่มที่ 1,Eiichiro Oda,95.00,1,1,A-03,ว่าง (อยู่บนชั้น)
B480101016,B480101016-C02,วันพีช (One Piece) เล่ม 16,เล่มที่ 2,Eiichiro Oda,95.00,1,1,A-03,ว่าง (อยู่บนชั้น)
B480101016,B480101016-C03,วันพีช (One Piece) เล่ม 16,เล่มที่ 3,Eiichiro Oda,95.00,1,1,A-03,ว่าง (อยู่บนชั้น)
B480101016,B480101016-C04,วันพีช (One Piece) เล่ม 16,เล่มที่ 4,Eiichiro Oda,95.00,1,1,A-03,ว่าง (อยู่บนชั้น)
B480101016,B480101016-C05,วันพีช (One Piece) เล่ม 16,เล่มที่ 5,Eiichiro Oda,95.00,1,1,A-03,ว่าง (อยู่บนชั้น)
B480101017,B480101017-C01,วันพีช (One Piece) เล่ม 17,เล่มที่ 1,Eiichiro Oda,95.00,1,1,A-03,ว่าง (อยู่บนชั้น)
B480101017,B480101017-C02,วันพีช (One Piece) เล่ม 17,เล่มที่ 2,Eiichiro Oda,95.00,1,1,A-03,ว่าง (อยู่บนชั้น)
B480101017,B480101017-C03,วันพีช (One Piece) เล่ม 17,เล่มที่ 3,Eiichiro Oda,95.00,1,1,A-03,ว่าง (อยู่บนชั้น)
B480101017,B480101017-C04,วันพีช (One Piece) เล่ม 17,เล่มที่ 4,Eiichiro Oda,95.00,1,1,A-03,ว่าง (อยู่บนชั้น)
B480101017,B480101017-C05,วันพีช (One Piece) เล่ม 17,เล่มที่ 5,Eiichiro Oda,95.00,1,1,A-03,ว่าง (อยู่บนชั้น)
B480101018,B480101018-C01,วันพีช (One Piece) เล่ม 18,เล่มที่ 1,Eiichiro Oda,95.00,1,1,A-03,ว่าง (อยู่บนชั้น)
B480101018,B480101018-C02,วันพีช (One Piece) เล่ม 18,เล่มที่ 2,Eiichiro Oda,95.00,1,1,A-03,ว่าง (อยู่บนชั้น)
B480101018,B480101018-C03,วันพีช (One Piece) เล่ม 18,เล่มที่ 3,Eiichiro Oda,95.00,1,1,A-03,ว่าง (อยู่บนชั้น)
B480101018,B480101018-C04,วันพีช (One Piece) เล่ม 18,เล่มที่ 4,Eiichiro Oda,95.00,1,1,A-03,ว่าง (อยู่บนชั้น)
B480101018,B480101018-C05,วันพีช (One Piece) เล่ม 18,เล่มที่ 5,Eiichiro Oda,95.00,1,1,A-03,ว่าง (อยู่บนชั้น)
B480101019,B480101019-C01,วันพีช (One Piece) เล่ม 19,เล่มที่ 1,Eiichiro Oda,95.00,1,1,A-03,ว่าง (อยู่บนชั้น)
B480101019,B480101019-C02,วันพีช (One Piece) เล่ม 19,เล่มที่ 2,Eiichiro Oda,95.00,1,1,A-03,ว่าง (อยู่บนชั้น)
B480101019,B480101019-C03,วันพีช (One Piece) เล่ม 19,เล่มที่ 3,Eiichiro Oda,95.00,1,1,A-03,ว่าง (อยู่บนชั้น)
B480101019,B480101019-C04,วันพีช (One Piece) เล่ม 19,เล่มที่ 4,Eiichiro Oda,95.00,1,1,A-03,ว่าง (อยู่บนชั้น)
B480101019,B480101019-C05,วันพีช (One Piece) เล่ม 19,เล่มที่ 5,Eiichiro Oda,95.00,1,1,A-03,ว่าง (อยู่บนชั้น)
B480101020,B480101020-C01,วันพีช (One Piece) เล่ม 20,เล่มที่ 1,Eiichiro Oda,95.00,1,1,A-03,ว่าง (อยู่บนชั้น)
B480101020,B480101020-C02,วันพีช (One Piece) เล่ม 20,เล่มที่ 2,Eiichiro Oda,95.00,1,1,A-03,ว่าง (อยู่บนชั้น)
B480101020,B480101020-C03,วันพีช (One Piece) เล่ม 20,เล่มที่ 3,Eiichiro Oda,95.00,1,1,A-03,ว่าง (อยู่บนชั้น)
B480101020,B480101020-C04,วันพีช (One Piece) เล่ม 20,เล่มที่ 4,Eiichiro Oda,95.00,1,1,A-03,ว่าง (อยู่บนชั้น)
B480101020,B480101020-C05,วันพีช (One Piece) เล่ม 20,เล่มที่ 5,Eiichiro Oda,95.00,1,1,A-03,ว่าง (อยู่บนชั้น)
B480101021,B480101021-C01,วันพีช (One Piece) เล่ม 21,เล่มที่ 1,Eiichiro Oda,95.00,1,1,A-03,ว่าง (อยู่บนชั้น)
B480101021,B480101021-C02,วันพีช (One Piece) เล่ม 21,เล่มที่ 2,Eiichiro Oda,95.00,1,1,A-03,ว่าง (อยู่บนชั้น)
B480101021,B480101021-C03,วันพีช (One Piece) เล่ม 21,เล่มที่ 3,Eiichiro Oda,95.00,1,1,A-03,ว่าง (อยู่บนชั้น)
B480101021,B480101021-C04,วันพีช (One Piece) เล่ม 21,เล่มที่ 4,Eiichiro Oda,95.00,1,1,A-03,ว่าง (อยู่บนชั้น)
B480101021,B480101021-C05,วันพีช (One Piece) เล่ม 21,เล่มที่ 5,Eiichiro Oda,95.00,1,1,A-03,ว่าง (อยู่บนชั้น)
B480101022,B480101022-C01,วันพีช (One Piece) เล่ม 22,เล่มที่ 1,Eiichiro Oda,95.00,1,1,A-03,ว่าง (อยู่บนชั้น)
B480101022,B480101022-C02,วันพีช (One Piece) เล่ม 22,เล่มที่ 2,Eiichiro Oda,95.00,1,1,A-03,ว่าง (อยู่บนชั้น)
B480101022,B480101022-C03,วันพีช (One Piece) เล่ม 22,เล่มที่ 3,Eiichiro Oda,95.00,1,1,A-03,ว่าง (อยู่บนชั้น)
B480101022,B480101022-C04,วันพีช (One Piece) เล่ม 22,เล่มที่ 4,Eiichiro Oda,95.00,1,1,A-03,ว่าง (อยู่บนชั้น)
B480101022,B480101022-C05,วันพีช (One Piece) เล่ม 22,เล่มที่ 5,Eiichiro Oda,95.00,1,1,A-03,ว่าง (อยู่บนชั้น)
B480101023,B480101023-C01,วันพีช (One Piece) เล่ม 23,เล่มที่ 1,Eiichiro Oda,95.00,1,1,A-03,ว่าง (อยู่บนชั้น)
B480101023,B480101023-C02,วันพีช (One Piece) เล่ม 23,เล่มที่ 2,Eiichiro Oda,95.00,1,1,A-03,ว่าง (อยู่บนชั้น)
B480101023,B480101023-C03,วันพีช (One Piece) เล่ม 23,เล่มที่ 3,Eiichiro Oda,95.00,1,1,A-03,ว่าง (อยู่บนชั้น)
B480101023,B480101023-C04,วันพีช (One Piece) เล่ม 23,เล่มที่ 4,Eiichiro Oda,95.00,1,1,A-03,ว่าง (อยู่บนชั้น)
B480101023,B480101023-C05,วันพีช (One Piece) เล่ม 23,เล่มที่ 5,Eiichiro Oda,95.00,1,1,A-03,ว่าง (อยู่บนชั้น)
B480101024,B480101024-C01,วันพีช (One Piece) เล่ม 24,เล่มที่ 1,Eiichiro Oda,95.00,1,1,A-03,ว่าง (อยู่บนชั้น)
B480101024,B480101024-C02,วันพีช (One Piece) เล่ม 24,เล่มที่ 2,Eiichiro Oda,95.00,1,1,A-03,ว่าง (อยู่บนชั้น)
B480101024,B480101024-C03,วันพีช (One Piece) เล่ม 24,เล่มที่ 3,Eiichiro Oda,95.00,1,1,A-03,ว่าง (อยู่บนชั้น)
B480101024,B480101024-C04,วันพีช (One Piece) เล่ม 24,เล่มที่ 4,Eiichiro Oda,95.00,1,1,A-03,ว่าง (อยู่บนชั้น)
B480101024,B480101024-C05,วันพีช (One Piece) เล่ม 24,เล่มที่ 5,Eiichiro Oda,95.00,1,1,A-03,ว่าง (อยู่บนชั้น)
B480101025,B480101025-C01,วันพีช (One Piece) เล่ม 25,เล่มที่ 1,Eiichiro Oda,95.00,1,1,A-03,ว่าง (อยู่บนชั้น)
B480101025,B480101025-C02,วันพีช (One Piece) เล่ม 25,เล่มที่ 2,Eiichiro Oda,95.00,1,1,A-03,ว่าง (อยู่บนชั้น)
B480101025,B480101025-C03,วันพีช (One Piece) เล่ม 25,เล่มที่ 3,Eiichiro Oda,95.00,1,1,A-03,ว่าง (อยู่บนชั้น)
B480101025,B480101025-C04,วันพีช (One Piece) เล่ม 25,เล่มที่ 4,Eiichiro Oda,95.00,1,1,A-03,ว่าง (อยู่บนชั้น)
B480101025,B480101025-C05,วันพีช (One Piece) เล่ม 25,เล่มที่ 5,Eiichiro Oda,95.00,1,1,A-03,ว่าง (อยู่บนชั้น)
B480101026,B480101026-C01,วันพีช (One Piece) เล่ม 26,เล่มที่ 1,Eiichiro Oda,95.00,1,1,A-03,ว่าง (อยู่บนชั้น)
B480101026,B480101026-C02,วันพีช (One Piece) เล่ม 26,เล่มที่ 2,Eiichiro Oda,95.00,1,1,A-03,ว่าง (อยู่บนชั้น)
B480101026,B480101026-C03,วันพีช (One Piece) เล่ม 26,เล่มที่ 3,Eiichiro Oda,95.00,1,1,A-03,ว่าง (อยู่บนชั้น)
B480101026,B480101026-C04,วันพีช (One Piece) เล่ม 26,เล่มที่ 4,Eiichiro Oda,95.00,1,1,A-03,ว่าง (อยู่บนชั้น)
B480101026,B480101026-C05,วันพีช (One Piece) เล่ม 26,เล่มที่ 5,Eiichiro Oda,95.00,1,1,A-03,ว่าง (อยู่บนชั้น)
B480101027,B480101027-C01,วันพีช (One Piece) เล่ม 27,เล่มที่ 1,Eiichiro Oda,95.00,1,1,A-03,ว่าง (อยู่บนชั้น)
B480101027,B480101027-C02,วันพีช (One Piece) เล่ม 27,เล่มที่ 2,Eiichiro Oda,95.00,1,1,A-03,ว่าง (อยู่บนชั้น)
B480101027,B480101027-C03,วันพีช (One Piece) เล่ม 27,เล่มที่ 3,Eiichiro Oda,95.00,1,1,A-03,ว่าง (อยู่บนชั้น)
B480101027,B480101027-C04,วันพีช (One Piece) เล่ม 27,เล่มที่ 4,Eiichiro Oda,95.00,1,1,A-03,ว่าง (อยู่บนชั้น)
B480101027,B480101027-C05,วันพีช (One Piece) เล่ม 27,เล่มที่ 5,Eiichiro Oda,95.00,1,1,A-03,ว่าง (อยู่บนชั้น)
B480101028,B480101028-C01,วันพีช (One Piece) เล่ม 28,เล่มที่ 1,Eiichiro Oda,95.00,1,1,A-03,ว่าง (อยู่บนชั้น)
B480101028,B480101028-C02,วันพีช (One Piece) เล่ม 28,เล่มที่ 2,Eiichiro Oda,95.00,1,1,A-03,ว่าง (อยู่บนชั้น)
B480101028,B480101028-C03,วันพีช (One Piece) เล่ม 28,เล่มที่ 3,Eiichiro Oda,95.00,1,1,A-03,ว่าง (อยู่บนชั้น)
B480101028,B480101028-C04,วันพีช (One Piece) เล่ม 28,เล่มที่ 4,Eiichiro Oda,95.00,1,1,A-03,ว่าง (อยู่บนชั้น)
B480101028,B480101028-C05,วันพีช (One Piece) เล่ม 28,เล่มที่ 5,Eiichiro Oda,95.00,1,1,A-03,ว่าง (อยู่บนชั้น)
B480101029,B480101029-C01,วันพีช (One Piece) เล่ม 29,เล่มที่ 1,Eiichiro Oda,95.00,1,1,A-03,ว่าง (อยู่บนชั้น)
B480101029,B480101029-C02,วันพีช (One Piece) เล่ม 29,เล่มที่ 2,Eiichiro Oda,95.00,1,1,A-03,ว่าง (อยู่บนชั้น)
B480101029,B480101029-C03,วันพีช (One Piece) เล่ม 29,เล่มที่ 3,Eiichiro Oda,95.00,1,1,A-03,ว่าง (อยู่บนชั้น)
B480101029,B480101029-C04,วันพีช (One Piece) เล่ม 29,เล่มที่ 4,Eiichiro Oda,95.00,1,1,A-03,ว่าง (อยู่บนชั้น)
B480101029,B480101029-C05,วันพีช (One Piece) เล่ม 29,เล่มที่ 5,Eiichiro Oda,95.00,1,1,A-03,ว่าง (อยู่บนชั้น)
B480101030,B480101030-C01,วันพีช (One Piece) เล่ม 30,เล่มที่ 1,Eiichiro Oda,95.00,1,1,A-03,ว่าง (อยู่บนชั้น)
B480101030,B480101030-C02,วันพีช (One Piece) เล่ม 30,เล่มที่ 2,Eiichiro Oda,95.00,1,1,A-03,ว่าง (อยู่บนชั้น)
B480101030,B480101030-C03,วันพีช (One Piece) เล่ม 30,เล่มที่ 3,Eiichiro Oda,95.00,1,1,A-03,ว่าง (อยู่บนชั้น)
B480101030,B480101030-C04,วันพีช (One Piece) เล่ม 30,เล่มที่ 4,Eiichiro Oda,95.00,1,1,A-03,ว่าง (อยู่บนชั้น)
B480101030,B480101030-C05,วันพีช (One Piece) เล่ม 30,เล่มที่ 5,Eiichiro Oda,95.00,1,1,A-03,ว่าง (อยู่บนชั้น)
B480101031,B480101031-C01,วันพีช (One Piece) เล่ม 31,เล่มที่ 1,Eiichiro Oda,95.00,1,1,A-03,ว่าง (อยู่บนชั้น)
B480101031,B480101031-C02,วันพีช (One Piece) เล่ม 31,เล่มที่ 2,Eiichiro Oda,95.00,1,1,A-03,ว่าง (อยู่บนชั้น)
B480101031,B480101031-C03,วันพีช (One Piece) เล่ม 31,เล่มที่ 3,Eiichiro Oda,95.00,1,1,A-03,ว่าง (อยู่บนชั้น)
B480101031,B480101031-C04,วันพีช (One Piece) เล่ม 31,เล่มที่ 4,Eiichiro Oda,95.00,1,1,A-03,ว่าง (อยู่บนชั้น)
B480101031,B480101031-C05,วันพีช (One Piece) เล่ม 31,เล่มที่ 5,Eiichiro Oda,95.00,1,1,A-03,ว่าง (อยู่บนชั้น)
B480101032,B480101032-C01,วันพีช (One Piece) เล่ม 32,เล่มที่ 1,Eiichiro Oda,95.00,1,1,A-03,ว่าง (อยู่บนชั้น)
B480101032,B480101032-C02,วันพีช (One Piece) เล่ม 32,เล่มที่ 2,Eiichiro Oda,95.00,1,1,A-03,ว่าง (อยู่บนชั้น)
B480101032,B480101032-C03,วันพีช (One Piece) เล่ม 32,เล่มที่ 3,Eiichiro Oda,95.00,1,1,A-03,ว่าง (อยู่บนชั้น)
B480101032,B480101032-C04,วันพีช (One Piece) เล่ม 32,เล่มที่ 4,Eiichiro Oda,95.00,1,1,A-03,ว่าง (อยู่บนชั้น)
B480101032,B480101032-C05,วันพีช (One Piece) เล่ม 32,เล่มที่ 5,Eiichiro Oda,95.00,1,1,A-03,ว่าง (อยู่บนชั้น)
B480101033,B480101033-C01,วันพีช (One Piece) เล่ม 33,เล่มที่ 1,Eiichiro Oda,95.00,1,1,A-03,ว่าง (อยู่บนชั้น)
B480101033,B480101033-C02,วันพีช (One Piece) เล่ม 33,เล่มที่ 2,Eiichiro Oda,95.00,1,1,A-03,ว่าง (อยู่บนชั้น)
B480101033,B480101033-C03,วันพีช (One Piece) เล่ม 33,เล่มที่ 3,Eiichiro Oda,95.00,1,1,A-03,ว่าง (อยู่บนชั้น)
B480101033,B480101033-C04,วันพีช (One Piece) เล่ม 33,เล่มที่ 4,Eiichiro Oda,95.00,1,1,A-03,ว่าง (อยู่บนชั้น)
B480101033,B480101033-C05,วันพีช (One Piece) เล่ม 33,เล่มที่ 5,Eiichiro Oda,95.00,1,1,A-03,ว่าง (อยู่บนชั้น)
B480101034,B480101034-C01,วันพีช (One Piece) เล่ม 34,เล่มที่ 1,Eiichiro Oda,95.00,1,1,A-03,ว่าง (อยู่บนชั้น)
B480101034,B480101034-C02,วันพีช (One Piece) เล่ม 34,เล่มที่ 2,Eiichiro Oda,95.00,1,1,A-03,ว่าง (อยู่บนชั้น)
B480101034,B480101034-C03,วันพีช (One Piece) เล่ม 34,เล่มที่ 3,Eiichiro Oda,95.00,1,1,A-03,ว่าง (อยู่บนชั้น)
B480101034,B480101034-C04,วันพีช (One Piece) เล่ม 34,เล่มที่ 4,Eiichiro Oda,95.00,1,1,A-03,ว่าง (อยู่บนชั้น)
B480101034,B480101034-C05,วันพีช (One Piece) เล่ม 34,เล่มที่ 5,Eiichiro Oda,95.00,1,1,A-03,ว่าง (อยู่บนชั้น)
B480101035,B480101035-C01,วันพีช (One Piece) เล่ม 35,เล่มที่ 1,Eiichiro Oda,95.00,1,1,A-03,ว่าง (อยู่บนชั้น)
B480101035,B480101035-C02,วันพีช (One Piece) เล่ม 35,เล่มที่ 2,Eiichiro Oda,95.00,1,1,A-03,ว่าง (อยู่บนชั้น)
B480101035,B480101035-C03,วันพีช (One Piece) เล่ม 35,เล่มที่ 3,Eiichiro Oda,95.00,1,1,A-03,ว่าง (อยู่บนชั้น)
B480101035,B480101035-C04,วันพีช (One Piece) เล่ม 35,เล่มที่ 4,Eiichiro Oda,95.00,1,1,A-03,ว่าง (อยู่บนชั้น)
B480101035,B480101035-C05,วันพีช (One Piece) เล่ม 35,เล่มที่ 5,Eiichiro Oda,95.00,1,1,A-03,ว่าง (อยู่บนชั้น)
B480101036,B480101036-C01,วันพีช (One Piece) เล่ม 36,เล่มที่ 1,Eiichiro Oda,95.00,1,1,A-03,ว่าง (อยู่บนชั้น)
B480101036,B480101036-C02,วันพีช (One Piece) เล่ม 36,เล่มที่ 2,Eiichiro Oda,95.00,1,1,A-03,ว่าง (อยู่บนชั้น)
B480101036,B480101036-C03,วันพีช (One Piece) เล่ม 36,เล่มที่ 3,Eiichiro Oda,95.00,1,1,A-03,ว่าง (อยู่บนชั้น)
B480101036,B480101036-C04,วันพีช (One Piece) เล่ม 36,เล่มที่ 4,Eiichiro Oda,95.00,1,1,A-03,ว่าง (อยู่บนชั้น)
B480101036,B480101036-C05,วันพีช (One Piece) เล่ม 36,เล่มที่ 5,Eiichiro Oda,95.00,1,1,A-03,ว่าง (อยู่บนชั้น)
B480101037,B480101037-C01,วันพีช (One Piece) เล่ม 37,เล่มที่ 1,Eiichiro Oda,95.00,1,1,A-03,ว่าง (อยู่บนชั้น)
B480101037,B480101037-C02,วันพีช (One Piece) เล่ม 37,เล่มที่ 2,Eiichiro Oda,95.00,1,1,A-03,ว่าง (อยู่บนชั้น)
B480101037,B480101037-C03,วันพีช (One Piece) เล่ม 37,เล่มที่ 3,Eiichiro Oda,95.00,1,1,A-03,ว่าง (อยู่บนชั้น)
B480101037,B480101037-C04,วันพีช (One Piece) เล่ม 37,เล่มที่ 4,Eiichiro Oda,95.00,1,1,A-03,ว่าง (อยู่บนชั้น)
B480101037,B480101037-C05,วันพีช (One Piece) เล่ม 37,เล่มที่ 5,Eiichiro Oda,95.00,1,1,A-03,ว่าง (อยู่บนชั้น)
B480101038,B480101038-C01,วันพีช (One Piece) เล่ม 38,เล่มที่ 1,Eiichiro Oda,95.00,1,1,A-03,ว่าง (อยู่บนชั้น)
B480101038,B480101038-C02,วันพีช (One Piece) เล่ม 38,เล่มที่ 2,Eiichiro Oda,95.00,1,1,A-03,ว่าง (อยู่บนชั้น)
B480101038,B480101038-C03,วันพีช (One Piece) เล่ม 38,เล่มที่ 3,Eiichiro Oda,95.00,1,1,A-03,ว่าง (อยู่บนชั้น)
B480101038,B480101038-C04,วันพีช (One Piece) เล่ม 38,เล่มที่ 4,Eiichiro Oda,95.00,1,1,A-03,ว่าง (อยู่บนชั้น)
B480101038,B480101038-C05,วันพีช (One Piece) เล่ม 38,เล่มที่ 5,Eiichiro Oda,95.00,1,1,A-03,ว่าง (อยู่บนชั้น)
B480101039,B480101039-C01,วันพีช (One Piece) เล่ม 39,เล่มที่ 1,Eiichiro Oda,95.00,1,1,A-03,ว่าง (อยู่บนชั้น)
B480101039,B480101039-C02,วันพีช (One Piece) เล่ม 39,เล่มที่ 2,Eiichiro Oda,95.00,1,1,A-03,ว่าง (อยู่บนชั้น)
B480101039,B480101039-C03,วันพีช (One Piece) เล่ม 39,เล่มที่ 3,Eiichiro Oda,95.00,1,1,A-03,ว่าง (อยู่บนชั้น)
B480101039,B480101039-C04,วันพีช (One Piece) เล่ม 39,เล่มที่ 4,Eiichiro Oda,95.00,1,1,A-03,ว่าง (อยู่บนชั้น)
B480101039,B480101039-C05,วันพีช (One Piece) เล่ม 39,เล่มที่ 5,Eiichiro Oda,95.00,1,1,A-03,ว่าง (อยู่บนชั้น)
B480101040,B480101040-C01,วันพีช (One Piece) เล่ม 40,เล่มที่ 1,Eiichiro Oda,95.00,1,1,A-03,ว่าง (อยู่บนชั้น)
B480101040,B480101040-C02,วันพีช (One Piece) เล่ม 40,เล่มที่ 2,Eiichiro Oda,95.00,1,1,A-03,ว่าง (อยู่บนชั้น)
B480101040,B480101040-C03,วันพีช (One Piece) เล่ม 40,เล่มที่ 3,Eiichiro Oda,95.00,1,1,A-03,ว่าง (อยู่บนชั้น)
B480101040,B480101040-C04,วันพีช (One Piece) เล่ม 40,เล่มที่ 4,Eiichiro Oda,95.00,1,1,A-03,ว่าง (อยู่บนชั้น)
B480101040,B480101040-C05,วันพีช (One Piece) เล่ม 40,เล่มที่ 5,Eiichiro Oda,95.00,1,1,A-03,ว่าง (อยู่บนชั้น)
B480101041,B480101041-C01,วันพีช (One Piece) เล่ม 41,เล่มที่ 1,Eiichiro Oda,95.00,1,1,A-03,ว่าง (อยู่บนชั้น)
B480101041,B480101041-C02,วันพีช (One Piece) เล่ม 41,เล่มที่ 2,Eiichiro Oda,95.00,1,1,A-03,ว่าง (อยู่บนชั้น)
B480101041,B480101041-C03,วันพีช (One Piece) เล่ม 41,เล่มที่ 3,Eiichiro Oda,95.00,1,1,A-03,ว่าง (อยู่บนชั้น)
B480101041,B480101041-C04,วันพีช (One Piece) เล่ม 41,เล่มที่ 4,Eiichiro Oda,95.00,1,1,A-03,ว่าง (อยู่บนชั้น)
B480101041,B480101041-C05,วันพีช (One Piece) เล่ม 41,เล่มที่ 5,Eiichiro Oda,95.00,1,1,A-03,ว่าง (อยู่บนชั้น)
B480101042,B480101042-C01,วันพีช (One Piece) เล่ม 42,เล่มที่ 1,Eiichiro Oda,95.00,1,1,A-03,ว่าง (อยู่บนชั้น)
B480101042,B480101042-C02,วันพีช (One Piece) เล่ม 42,เล่มที่ 2,Eiichiro Oda,95.00,1,1,A-03,ว่าง (อยู่บนชั้น)
B480101042,B480101042-C03,วันพีช (One Piece) เล่ม 42,เล่มที่ 3,Eiichiro Oda,95.00,1,1,A-03,ว่าง (อยู่บนชั้น)
B480101042,B480101042-C04,วันพีช (One Piece) เล่ม 42,เล่มที่ 4,Eiichiro Oda,95.00,1,1,A-03,ว่าง (อยู่บนชั้น)
B480101042,B480101042-C05,วันพีช (One Piece) เล่ม 42,เล่มที่ 5,Eiichiro Oda,95.00,1,1,A-03,ว่าง (อยู่บนชั้น)
B480101043,B480101043-C01,วันพีช (One Piece) เล่ม 43,เล่มที่ 1,Eiichiro Oda,95.00,1,1,A-03,ว่าง (อยู่บนชั้น)
B480101043,B480101043-C02,วันพีช (One Piece) เล่ม 43,เล่มที่ 2,Eiichiro Oda,95.00,1,1,A-03,ว่าง (อยู่บนชั้น)
B480101043,B480101043-C03,วันพีช (One Piece) เล่ม 43,เล่มที่ 3,Eiichiro Oda,95.00,1,1,A-03,ว่าง (อยู่บนชั้น)
B480101043,B480101043-C04,วันพีช (One Piece) เล่ม 43,เล่มที่ 4,Eiichiro Oda,95.00,1,1,A-03,ว่าง (อยู่บนชั้น)
B480101043,B480101043-C05,วันพีช (One Piece) เล่ม 43,เล่มที่ 5,Eiichiro Oda,95.00,1,1,A-03,ว่าง (อยู่บนชั้น)
B480101044,B480101044-C01,วันพีช (One Piece) เล่ม 44,เล่มที่ 1,Eiichiro Oda,95.00,1,1,A-03,ว่าง (อยู่บนชั้น)
B480101044,B480101044-C02,วันพีช (One Piece) เล่ม 44,เล่มที่ 2,Eiichiro Oda,95.00,1,1,A-03,ว่าง (อยู่บนชั้น)
B480101044,B480101044-C03,วันพีช (One Piece) เล่ม 44,เล่มที่ 3,Eiichiro Oda,95.00,1,1,A-03,ว่าง (อยู่บนชั้น)
B480101044,B480101044-C04,วันพีช (One Piece) เล่ม 44,เล่มที่ 4,Eiichiro Oda,95.00,1,1,A-03,ว่าง (อยู่บนชั้น)
B480101044,B480101044-C05,วันพีช (One Piece) เล่ม 44,เล่มที่ 5,Eiichiro Oda,95.00,1,1,A-03,ว่าง (อยู่บนชั้น)
B480101045,B480101045-C01,วันพีช (One Piece) เล่ม 45,เล่มที่ 1,Eiichiro Oda,95.00,1,1,A-03,ว่าง (อยู่บนชั้น)
B480101045,B480101045-C02,วันพีช (One Piece) เล่ม 45,เล่มที่ 2,Eiichiro Oda,95.00,1,1,A-03,ว่าง (อยู่บนชั้น)
B480101045,B480101045-C03,วันพีช (One Piece) เล่ม 45,เล่มที่ 3,Eiichiro Oda,95.00,1,1,A-03,ว่าง (อยู่บนชั้น)
B480101045,B480101045-C04,วันพีช (One Piece) เล่ม 45,เล่มที่ 4,Eiichiro Oda,95.00,1,1,A-03,ว่าง (อยู่บนชั้น)
B480101045,B480101045-C05,วันพีช (One Piece) เล่ม 45,เล่มที่ 5,Eiichiro Oda,95.00,1,1,A-03,ว่าง (อยู่บนชั้น)
B480101046,B480101046-C01,วันพีช (One Piece) เล่ม 46,เล่มที่ 1,Eiichiro Oda,95.00,1,1,A-03,ว่าง (อยู่บนชั้น)
B480101046,B480101046-C02,วันพีช (One Piece) เล่ม 46,เล่มที่ 2,Eiichiro Oda,95.00,1,1,A-03,ว่าง (อยู่บนชั้น)
B480101046,B480101046-C03,วันพีช (One Piece) เล่ม 46,เล่มที่ 3,Eiichiro Oda,95.00,1,1,A-03,ว่าง (อยู่บนชั้น)
B480101046,B480101046-C04,วันพีช (One Piece) เล่ม 46,เล่มที่ 4,Eiichiro Oda,95.00,1,1,A-03,ว่าง (อยู่บนชั้น)
B480101046,B480101046-C05,วันพีช (One Piece) เล่ม 46,เล่มที่ 5,Eiichiro Oda,95.00,1,1,A-03,ว่าง (อยู่บนชั้น)
B480101047,B480101047-C01,วันพีช (One Piece) เล่ม 47,เล่มที่ 1,Eiichiro Oda,95.00,1,1,A-03,ว่าง (อยู่บนชั้น)
B480101047,B480101047-C02,วันพีช (One Piece) เล่ม 47,เล่มที่ 2,Eiichiro Oda,95.00,1,1,A-03,ว่าง (อยู่บนชั้น)
B480101047,B480101047-C03,วันพีช (One Piece) เล่ม 47,เล่มที่ 3,Eiichiro Oda,95.00,1,1,A-03,ว่าง (อยู่บนชั้น)
B480101047,B480101047-C04,วันพีช (One Piece) เล่ม 47,เล่มที่ 4,Eiichiro Oda,95.00,1,1,A-03,ว่าง (อยู่บนชั้น)
B480101047,B480101047-C05,วันพีช (One Piece) เล่ม 47,เล่มที่ 5,Eiichiro Oda,95.00,1,1,A-03,ว่าง (อยู่บนชั้น)
B480101048,B480101048-C01,วันพีช (One Piece) เล่ม 48,เล่มที่ 1,Eiichiro Oda,95.00,1,1,A-03,ว่าง (อยู่บนชั้น)
B480101048,B480101048-C02,วันพีช (One Piece) เล่ม 48,เล่มที่ 2,Eiichiro Oda,95.00,1,1,A-03,ว่าง (อยู่บนชั้น)
B480101048,B480101048-C03,วันพีช (One Piece) เล่ม 48,เล่มที่ 3,Eiichiro Oda,95.00,1,1,A-03,ว่าง (อยู่บนชั้น)
B480101048,B480101048-C04,วันพีช (One Piece) เล่ม 48,เล่มที่ 4,Eiichiro Oda,95.00,1,1,A-03,ว่าง (อยู่บนชั้น)
B480101048,B480101048-C05,วันพีช (One Piece) เล่ม 48,เล่มที่ 5,Eiichiro Oda,95.00,1,1,A-03,ว่าง (อยู่บนชั้น)
B480101049,B480101049-C01,วันพีช (One Piece) เล่ม 49,เล่มที่ 1,Eiichiro Oda,95.00,1,1,A-03,ว่าง (อยู่บนชั้น)
B480101049,B480101049-C02,วันพีช (One Piece) เล่ม 49,เล่มที่ 2,Eiichiro Oda,95.00,1,1,A-03,ว่าง (อยู่บนชั้น)
B480101049,B480101049-C03,วันพีช (One Piece) เล่ม 49,เล่มที่ 3,Eiichiro Oda,95.00,1,1,A-03,ว่าง (อยู่บนชั้น)
B480101049,B480101049-C04,วันพีช (One Piece) เล่ม 49,เล่มที่ 4,Eiichiro Oda,95.00,1,1,A-03,ว่าง (อยู่บนชั้น)
B480101049,B480101049-C05,วันพีช (One Piece) เล่ม 49,เล่มที่ 5,Eiichiro Oda,95.00,1,1,A-03,ว่าง (อยู่บนชั้น)
B480101050,B480101050-C01,วันพีช (One Piece) เล่ม 50,เล่มที่ 1,Eiichiro Oda,95.00,1,1,A-03,ว่าง (อยู่บนชั้น)
B480101050,B480101050-C02,วันพีช (One Piece) เล่ม 50,เล่มที่ 2,Eiichiro Oda,95.00,1,1,A-03,ว่าง (อยู่บนชั้น)
B480101050,B480101050-C03,วันพีช (One Piece) เล่ม 50,เล่มที่ 3,Eiichiro Oda,95.00,1,1,A-03,ว่าง (อยู่บนชั้น)
B480101050,B480101050-C04,วันพีช (One Piece) เล่ม 50,เล่มที่ 4,Eiichiro Oda,95.00,1,1,A-03,ว่าง (อยู่บนชั้น)
B480101050,B480101050-C05,วันพีช (One Piece) เล่ม 50,เล่มที่ 5,Eiichiro Oda,95.00,1,1,A-03,ว่าง (อยู่บนชั้น)
B480101051,B480101051-C01,วันพีช (One Piece) เล่ม 51,เล่มที่ 1,Eiichiro Oda,95.00,1,1,A-03,ว่าง (อยู่บนชั้น)
B480101051,B480101051-C02,วันพีช (One Piece) เล่ม 51,เล่มที่ 2,Eiichiro Oda,95.00,1,1,A-03,ว่าง (อยู่บนชั้น)
B480101051,B480101051-C03,วันพีช (One Piece) เล่ม 51,เล่มที่ 3,Eiichiro Oda,95.00,1,1,A-03,ว่าง (อยู่บนชั้น)
B480101051,B480101051-C04,วันพีช (One Piece) เล่ม 51,เล่มที่ 4,Eiichiro Oda,95.00,1,1,A-03,ว่าง (อยู่บนชั้น)
B480101051,B480101051-C05,วันพีช (One Piece) เล่ม 51,เล่มที่ 5,Eiichiro Oda,95.00,1,1,A-03,ว่าง (อยู่บนชั้น)
B480101052,B480101052-C01,วันพีช (One Piece) เล่ม 52,เล่มที่ 1,Eiichiro Oda,95.00,1,1,A-03,ว่าง (อยู่บนชั้น)
B480101052,B480101052-C02,วันพีช (One Piece) เล่ม 52,เล่มที่ 2,Eiichiro Oda,95.00,1,1,A-03,ว่าง (อยู่บนชั้น)
B480101052,B480101052-C03,วันพีช (One Piece) เล่ม 52,เล่มที่ 3,Eiichiro Oda,95.00,1,1,A-03,ว่าง (อยู่บนชั้น)
B480101052,B480101052-C04,วันพีช (One Piece) เล่ม 52,เล่มที่ 4,Eiichiro Oda,95.00,1,1,A-03,ว่าง (อยู่บนชั้น)
B480101052,B480101052-C05,วันพีช (One Piece) เล่ม 52,เล่มที่ 5,Eiichiro Oda,95.00,1,1,A-03,ว่าง (อยู่บนชั้น)
B480101053,B480101053-C01,วันพีช (One Piece) เล่ม 53,เล่มที่ 1,Eiichiro Oda,95.00,1,1,A-03,ว่าง (อยู่บนชั้น)
B480101053,B480101053-C02,วันพีช (One Piece) เล่ม 53,เล่มที่ 2,Eiichiro Oda,95.00,1,1,A-03,ว่าง (อยู่บนชั้น)
B480101053,B480101053-C03,วันพีช (One Piece) เล่ม 53,เล่มที่ 3,Eiichiro Oda,95.00,1,1,A-03,ว่าง (อยู่บนชั้น)
B480101053,B480101053-C04,วันพีช (One Piece) เล่ม 53,เล่มที่ 4,Eiichiro Oda,95.00,1,1,A-03,ว่าง (อยู่บนชั้น)
B480101053,B480101053-C05,วันพีช (One Piece) เล่ม 53,เล่มที่ 5,Eiichiro Oda,95.00,1,1,A-03,ว่าง (อยู่บนชั้น)
B480101054,B480101054-C01,วันพีช (One Piece) เล่ม 54,เล่มที่ 1,Eiichiro Oda,95.00,1,1,A-03,ว่าง (อยู่บนชั้น)
B480101054,B480101054-C02,วันพีช (One Piece) เล่ม 54,เล่มที่ 2,Eiichiro Oda,95.00,1,1,A-03,ว่าง (อยู่บนชั้น)
B480101054,B480101054-C03,วันพีช (One Piece) เล่ม 54,เล่มที่ 3,Eiichiro Oda,95.00,1,1,A-03,ว่าง (อยู่บนชั้น)
B480101054,B480101054-C04,วันพีช (One Piece) เล่ม 54,เล่มที่ 4,Eiichiro Oda,95.00,1,1,A-03,ว่าง (อยู่บนชั้น)
B480101054,B480101054-C05,วันพีช (One Piece) เล่ม 54,เล่มที่ 5,Eiichiro Oda,95.00,1,1,A-03,ว่าง (อยู่บนชั้น)
B480101055,B480101055-C01,วันพีช (One Piece) เล่ม 55,เล่มที่ 1,Eiichiro Oda,95.00,1,1,A-03,ว่าง (อยู่บนชั้น)
B480101055,B480101055-C02,วันพีช (One Piece) เล่ม 55,เล่มที่ 2,Eiichiro Oda,95.00,1,1,A-03,ว่าง (อยู่บนชั้น)
B480101055,B480101055-C03,วันพีช (One Piece) เล่ม 55,เล่มที่ 3,Eiichiro Oda,95.00,1,1,A-03,ว่าง (อยู่บนชั้น)
B480101055,B480101055-C04,วันพีช (One Piece) เล่ม 55,เล่มที่ 4,Eiichiro Oda,95.00,1,1,A-03,ว่าง (อยู่บนชั้น)
B480101055,B480101055-C05,วันพีช (One Piece) เล่ม 55,เล่มที่ 5,Eiichiro Oda,95.00,1,1,A-03,ว่าง (อยู่บนชั้น)
B480101056,B480101056-C01,วันพีช (One Piece) เล่ม 56,เล่มที่ 1,Eiichiro Oda,95.00,1,1,A-03,ว่าง (อยู่บนชั้น)
B480101056,B480101056-C02,วันพีช (One Piece) เล่ม 56,เล่มที่ 2,Eiichiro Oda,95.00,1,1,A-03,ว่าง (อยู่บนชั้น)
B480101056,B480101056-C03,วันพีช (One Piece) เล่ม 56,เล่มที่ 3,Eiichiro Oda,95.00,1,1,A-03,ว่าง (อยู่บนชั้น)
B480101056,B480101056-C04,วันพีช (One Piece) เล่ม 56,เล่มที่ 4,Eiichiro Oda,95.00,1,1,A-03,ว่าง (อยู่บนชั้น)
B480101056,B480101056-C05,วันพีช (One Piece) เล่ม 56,เล่มที่ 5,Eiichiro Oda,95.00,1,1,A-03,ว่าง (อยู่บนชั้น)
B480101057,B480101057-C01,วันพีช (One Piece) เล่ม 57,เล่มที่ 1,Eiichiro Oda,95.00,1,1,A-03,ว่าง (อยู่บนชั้น)
B480101057,B480101057-C02,วันพีช (One Piece) เล่ม 57,เล่มที่ 2,Eiichiro Oda,95.00,1,1,A-03,ว่าง (อยู่บนชั้น)
B480101057,B480101057-C03,วันพีช (One Piece) เล่ม 57,เล่มที่ 3,Eiichiro Oda,95.00,1,1,A-03,ว่าง (อยู่บนชั้น)
B480101057,B480101057-C04,วันพีช (One Piece) เล่ม 57,เล่มที่ 4,Eiichiro Oda,95.00,1,1,A-03,ว่าง (อยู่บนชั้น)
B480101057,B480101057-C05,วันพีช (One Piece) เล่ม 57,เล่มที่ 5,Eiichiro Oda,95.00,1,1,A-03,ว่าง (อยู่บนชั้น)
B480101058,B480101058-C01,วันพีช (One Piece) เล่ม 58,เล่มที่ 1,Eiichiro Oda,95.00,1,1,A-03,ว่าง (อยู่บนชั้น)
B480101058,B480101058-C02,วันพีช (One Piece) เล่ม 58,เล่มที่ 2,Eiichiro Oda,95.00,1,1,A-03,ว่าง (อยู่บนชั้น)
B480101058,B480101058-C03,วันพีช (One Piece) เล่ม 58,เล่มที่ 3,Eiichiro Oda,95.00,1,1,A-03,ว่าง (อยู่บนชั้น)
B480101058,B480101058-C04,วันพีช (One Piece) เล่ม 58,เล่มที่ 4,Eiichiro Oda,95.00,1,1,A-03,ว่าง (อยู่บนชั้น)
B480101058,B480101058-C05,วันพีช (One Piece) เล่ม 58,เล่มที่ 5,Eiichiro Oda,95.00,1,1,A-03,ว่าง (อยู่บนชั้น)
B480101059,B480101059-C01,วันพีช (One Piece) เล่ม 59,เล่มที่ 1,Eiichiro Oda,95.00,1,1,A-03,ว่าง (อยู่บนชั้น)
B480101059,B480101059-C02,วันพีช (One Piece) เล่ม 59,เล่มที่ 2,Eiichiro Oda,95.00,1,1,A-03,ว่าง (อยู่บนชั้น)
B480101059,B480101059-C03,วันพีช (One Piece) เล่ม 59,เล่มที่ 3,Eiichiro Oda,95.00,1,1,A-03,ว่าง (อยู่บนชั้น)
B480101059,B480101059-C04,วันพีช (One Piece) เล่ม 59,เล่มที่ 4,Eiichiro Oda,95.00,1,1,A-03,ว่าง (อยู่บนชั้น)
B480101059,B480101059-C05,วันพีช (One Piece) เล่ม 59,เล่มที่ 5,Eiichiro Oda,95.00,1,1,A-03,ว่าง (อยู่บนชั้น)
B480101060,B480101060-C01,วันพีช (One Piece) เล่ม 60,เล่มที่ 1,Eiichiro Oda,95.00,1,1,A-03,ว่าง (อยู่บนชั้น)
B480101060,B480101060-C02,วันพีช (One Piece) เล่ม 60,เล่มที่ 2,Eiichiro Oda,95.00,1,1,A-03,ว่าง (อยู่บนชั้น)
B480101060,B480101060-C03,วันพีช (One Piece) เล่ม 60,เล่มที่ 3,Eiichiro Oda,95.00,1,1,A-03,ว่าง (อยู่บนชั้น)
B480101060,B480101060-C04,วันพีช (One Piece) เล่ม 60,เล่มที่ 4,Eiichiro Oda,95.00,1,1,A-03,ว่าง (อยู่บนชั้น)
B480101060,B480101060-C05,วันพีช (One Piece) เล่ม 60,เล่มที่ 5,Eiichiro Oda,95.00,1,1,A-03,ว่าง (อยู่บนชั้น)
B480101061,B480101061-C01,วันพีช (One Piece) เล่ม 61,เล่มที่ 1,Eiichiro Oda,95.00,1,1,A-03,ว่าง (อยู่บนชั้น)
B480101061,B480101061-C02,วันพีช (One Piece) เล่ม 61,เล่มที่ 2,Eiichiro Oda,95.00,1,1,A-03,ว่าง (อยู่บนชั้น)
B480101061,B480101061-C03,วันพีช (One Piece) เล่ม 61,เล่มที่ 3,Eiichiro Oda,95.00,1,1,A-03,ว่าง (อยู่บนชั้น)
B480101061,B480101061-C04,วันพีช (One Piece) เล่ม 61,เล่มที่ 4,Eiichiro Oda,95.00,1,1,A-03,ว่าง (อยู่บนชั้น)
B480101061,B480101061-C05,วันพีช (One Piece) เล่ม 61,เล่มที่ 5,Eiichiro Oda,95.00,1,1,A-03,ว่าง (อยู่บนชั้น)
B480101062,B480101062-C01,วันพีช (One Piece) เล่ม 62,เล่มที่ 1,Eiichiro Oda,95.00,1,1,A-03,ว่าง (อยู่บนชั้น)
B480101062,B480101062-C02,วันพีช (One Piece) เล่ม 62,เล่มที่ 2,Eiichiro Oda,95.00,1,1,A-03,ว่าง (อยู่บนชั้น)
B480101062,B480101062-C03,วันพีช (One Piece) เล่ม 62,เล่มที่ 3,Eiichiro Oda,95.00,1,1,A-03,ว่าง (อยู่บนชั้น)
B480101062,B480101062-C04,วันพีช (One Piece) เล่ม 62,เล่มที่ 4,Eiichiro Oda,95.00,1,1,A-03,ว่าง (อยู่บนชั้น)
B480101062,B480101062-C05,วันพีช (One Piece) เล่ม 62,เล่มที่ 5,Eiichiro Oda,95.00,1,1,A-03,ว่าง (อยู่บนชั้น)
B480101063,B480101063-C01,วันพีช (One Piece) เล่ม 63,เล่มที่ 1,Eiichiro Oda,95.00,1,1,A-03,ว่าง (อยู่บนชั้น)
B480101063,B480101063-C02,วันพีช (One Piece) เล่ม 63,เล่มที่ 2,Eiichiro Oda,95.00,1,1,A-03,ว่าง (อยู่บนชั้น)
B480101063,B480101063-C03,วันพีช (One Piece) เล่ม 63,เล่มที่ 3,Eiichiro Oda,95.00,1,1,A-03,ว่าง (อยู่บนชั้น)
B480101063,B480101063-C04,วันพีช (One Piece) เล่ม 63,เล่มที่ 4,Eiichiro Oda,95.00,1,1,A-03,ว่าง (อยู่บนชั้น)
B480101063,B480101063-C05,วันพีช (One Piece) เล่ม 63,เล่มที่ 5,Eiichiro Oda,95.00,1,1,A-03,ว่าง (อยู่บนชั้น)
B480101064,B480101064-C01,วันพีช (One Piece) เล่ม 64,เล่มที่ 1,Eiichiro Oda,95.00,1,1,A-03,ว่าง (อยู่บนชั้น)
B480101064,B480101064-C02,วันพีช (One Piece) เล่ม 64,เล่มที่ 2,Eiichiro Oda,95.00,1,1,A-03,ว่าง (อยู่บนชั้น)
B480101064,B480101064-C03,วันพีช (One Piece) เล่ม 64,เล่มที่ 3,Eiichiro Oda,95.00,1,1,A-03,ว่าง (อยู่บนชั้น)
B480101064,B480101064-C04,วันพีช (One Piece) เล่ม 64,เล่มที่ 4,Eiichiro Oda,95.00,1,1,A-03,ว่าง (อยู่บนชั้น)
B480101064,B480101064-C05,วันพีช (One Piece) เล่ม 64,เล่มที่ 5,Eiichiro Oda,95.00,1,1,A-03,ว่าง (อยู่บนชั้น)
B480101065,B480101065-C01,วันพีช (One Piece) เล่ม 65,เล่มที่ 1,Eiichiro Oda,95.00,1,1,A-03,ว่าง (อยู่บนชั้น)
B480101065,B480101065-C02,วันพีช (One Piece) เล่ม 65,เล่มที่ 2,Eiichiro Oda,95.00,1,1,A-03,ว่าง (อยู่บนชั้น)
B480101065,B480101065-C03,วันพีช (One Piece) เล่ม 65,เล่มที่ 3,Eiichiro Oda,95.00,1,1,A-03,ว่าง (อยู่บนชั้น)
B480101065,B480101065-C04,วันพีช (One Piece) เล่ม 65,เล่มที่ 4,Eiichiro Oda,95.00,1,1,A-03,ว่าง (อยู่บนชั้น)
B480101065,B480101065-C05,วันพีช (One Piece) เล่ม 65,เล่มที่ 5,Eiichiro Oda,95.00,1,1,A-03,ว่าง (อยู่บนชั้น)
B480101066,B480101066-C01,วันพีช (One Piece) เล่ม 66,เล่มที่ 1,Eiichiro Oda,95.00,1,1,A-03,ว่าง (อยู่บนชั้น)
B480101066,B480101066-C02,วันพีช (One Piece) เล่ม 66,เล่มที่ 2,Eiichiro Oda,95.00,1,1,A-03,ว่าง (อยู่บนชั้น)
B480101066,B480101066-C03,วันพีช (One Piece) เล่ม 66,เล่มที่ 3,Eiichiro Oda,95.00,1,1,A-03,ว่าง (อยู่บนชั้น)
B480101066,B480101066-C04,วันพีช (One Piece) เล่ม 66,เล่มที่ 4,Eiichiro Oda,95.00,1,1,A-03,ว่าง (อยู่บนชั้น)
B480101066,B480101066-C05,วันพีช (One Piece) เล่ม 66,เล่มที่ 5,Eiichiro Oda,95.00,1,1,A-03,ว่าง (อยู่บนชั้น)
B480101067,B480101067-C01,วันพีช (One Piece) เล่ม 67,เล่มที่ 1,Eiichiro Oda,95.00,1,1,A-03,ว่าง (อยู่บนชั้น)
B480101067,B480101067-C02,วันพีช (One Piece) เล่ม 67,เล่มที่ 2,Eiichiro Oda,95.00,1,1,A-03,ว่าง (อยู่บนชั้น)
B480101067,B480101067-C03,วันพีช (One Piece) เล่ม 67,เล่มที่ 3,Eiichiro Oda,95.00,1,1,A-03,ว่าง (อยู่บนชั้น)
B480101067,B480101067-C04,วันพีช (One Piece) เล่ม 67,เล่มที่ 4,Eiichiro Oda,95.00,1,1,A-03,ว่าง (อยู่บนชั้น)
B480101067,B480101067-C05,วันพีช (One Piece) เล่ม 67,เล่มที่ 5,Eiichiro Oda,95.00,1,1,A-03,ว่าง (อยู่บนชั้น)
B480101068,B480101068-C01,วันพีช (One Piece) เล่ม 68,เล่มที่ 1,Eiichiro Oda,95.00,1,1,A-03,ว่าง (อยู่บนชั้น)
B480101068,B480101068-C02,วันพีช (One Piece) เล่ม 68,เล่มที่ 2,Eiichiro Oda,95.00,1,1,A-03,ว่าง (อยู่บนชั้น)
B480101068,B480101068-C03,วันพีช (One Piece) เล่ม 68,เล่มที่ 3,Eiichiro Oda,95.00,1,1,A-03,ว่าง (อยู่บนชั้น)
B480101068,B480101068-C04,วันพีช (One Piece) เล่ม 68,เล่มที่ 4,Eiichiro Oda,95.00,1,1,A-03,ว่าง (อยู่บนชั้น)
B480101068,B480101068-C05,วันพีช (One Piece) เล่ม 68,เล่มที่ 5,Eiichiro Oda,95.00,1,1,A-03,ว่าง (อยู่บนชั้น)
B480101069,B480101069-C01,วันพีช (One Piece) เล่ม 69,เล่มที่ 1,Eiichiro Oda,95.00,1,1,A-03,ว่าง (อยู่บนชั้น)
B480101069,B480101069-C02,วันพีช (One Piece) เล่ม 69,เล่มที่ 2,Eiichiro Oda,95.00,1,1,A-03,ว่าง (อยู่บนชั้น)
B480101069,B480101069-C03,วันพีช (One Piece) เล่ม 69,เล่มที่ 3,Eiichiro Oda,95.00,1,1,A-03,ว่าง (อยู่บนชั้น)
B480101069,B480101069-C04,วันพีช (One Piece) เล่ม 69,เล่มที่ 4,Eiichiro Oda,95.00,1,1,A-03,ว่าง (อยู่บนชั้น)
B480101069,B480101069-C05,วันพีช (One Piece) เล่ม 69,เล่มที่ 5,Eiichiro Oda,95.00,1,1,A-03,ว่าง (อยู่บนชั้น)
B480101070,B480101070-C01,วันพีช (One Piece) เล่ม 70,เล่มที่ 1,Eiichiro Oda,95.00,1,1,A-03,ว่าง (อยู่บนชั้น)
B480101070,B480101070-C02,วันพีช (One Piece) เล่ม 70,เล่มที่ 2,Eiichiro Oda,95.00,1,1,A-03,ว่าง (อยู่บนชั้น)
B480101070,B480101070-C03,วันพีช (One Piece) เล่ม 70,เล่มที่ 3,Eiichiro Oda,95.00,1,1,A-03,ว่าง (อยู่บนชั้น)
B480101070,B480101070-C04,วันพีช (One Piece) เล่ม 70,เล่มที่ 4,Eiichiro Oda,95.00,1,1,A-03,ว่าง (อยู่บนชั้น)
B480101070,B480101070-C05,วันพีช (One Piece) เล่ม 70,เล่มที่ 5,Eiichiro Oda,95.00,1,1,A-03,ว่าง (อยู่บนชั้น)
B480101071,B480101071-C01,วันพีช (One Piece) เล่ม 71,เล่มที่ 1,Eiichiro Oda,95.00,1,1,A-03,ว่าง (อยู่บนชั้น)
B480101071,B480101071-C02,วันพีช (One Piece) เล่ม 71,เล่มที่ 2,Eiichiro Oda,95.00,1,1,A-03,ว่าง (อยู่บนชั้น)
B480101071,B480101071-C03,วันพีช (One Piece) เล่ม 71,เล่มที่ 3,Eiichiro Oda,95.00,1,1,A-03,ว่าง (อยู่บนชั้น)
B480101071,B480101071-C04,วันพีช (One Piece) เล่ม 71,เล่มที่ 4,Eiichiro Oda,95.00,1,1,A-03,ว่าง (อยู่บนชั้น)
B480101071,B480101071-C05,วันพีช (One Piece) เล่ม 71,เล่มที่ 5,Eiichiro Oda,95.00,1,1,A-03,ว่าง (อยู่บนชั้น)
B480101072,B480101072-C01,วันพีช (One Piece) เล่ม 72,เล่มที่ 1,Eiichiro Oda,95.00,1,1,A-03,ว่าง (อยู่บนชั้น)
B480101072,B480101072-C02,วันพีช (One Piece) เล่ม 72,เล่มที่ 2,Eiichiro Oda,95.00,1,1,A-03,ว่าง (อยู่บนชั้น)
B480101072,B480101072-C03,วันพีช (One Piece) เล่ม 72,เล่มที่ 3,Eiichiro Oda,95.00,1,1,A-03,ว่าง (อยู่บนชั้น)
B480101072,B480101072-C04,วันพีช (One Piece) เล่ม 72,เล่มที่ 4,Eiichiro Oda,95.00,1,1,A-03,ว่าง (อยู่บนชั้น)
B480101072,B480101072-C05,วันพีช (One Piece) เล่ม 72,เล่มที่ 5,Eiichiro Oda,95.00,1,1,A-03,ว่าง (อยู่บนชั้น)
B480101073,B480101073-C01,วันพีช (One Piece) เล่ม 73,เล่มที่ 1,Eiichiro Oda,95.00,1,1,A-03,ว่าง (อยู่บนชั้น)
B480101073,B480101073-C02,วันพีช (One Piece) เล่ม 73,เล่มที่ 2,Eiichiro Oda,95.00,1,1,A-03,ว่าง (อยู่บนชั้น)
B480101073,B480101073-C03,วันพีช (One Piece) เล่ม 73,เล่มที่ 3,Eiichiro Oda,95.00,1,1,A-03,ว่าง (อยู่บนชั้น)
B480101073,B480101073-C04,วันพีช (One Piece) เล่ม 73,เล่มที่ 4,Eiichiro Oda,95.00,1,1,A-03,ว่าง (อยู่บนชั้น)
B480101073,B480101073-C05,วันพีช (One Piece) เล่ม 73,เล่มที่ 5,Eiichiro Oda,95.00,1,1,A-03,ว่าง (อยู่บนชั้น)
B480101074,B480101074-C01,วันพีช (One Piece) เล่ม 74,เล่มที่ 1,Eiichiro Oda,95.00,1,1,A-03,ว่าง (อยู่บนชั้น)
B480101074,B480101074-C02,วันพีช (One Piece) เล่ม 74,เล่มที่ 2,Eiichiro Oda,95.00,1,1,A-03,ว่าง (อยู่บนชั้น)
B480101074,B480101074-C03,วันพีช (One Piece) เล่ม 74,เล่มที่ 3,Eiichiro Oda,95.00,1,1,A-03,ว่าง (อยู่บนชั้น)
B480101074,B480101074-C04,วันพีช (One Piece) เล่ม 74,เล่มที่ 4,Eiichiro Oda,95.00,1,1,A-03,ว่าง (อยู่บนชั้น)
B480101074,B480101074-C05,วันพีช (One Piece) เล่ม 74,เล่มที่ 5,Eiichiro Oda,95.00,1,1,A-03,ว่าง (อยู่บนชั้น)
B480101075,B480101075-C01,วันพีช (One Piece) เล่ม 75,เล่มที่ 1,Eiichiro Oda,95.00,1,1,A-03,ว่าง (อยู่บนชั้น)
B480101075,B480101075-C02,วันพีช (One Piece) เล่ม 75,เล่มที่ 2,Eiichiro Oda,95.00,1,1,A-03,ว่าง (อยู่บนชั้น)
B480101075,B480101075-C03,วันพีช (One Piece) เล่ม 75,เล่มที่ 3,Eiichiro Oda,95.00,1,1,A-03,ว่าง (อยู่บนชั้น)
B480101075,B480101075-C04,วันพีช (One Piece) เล่ม 75,เล่มที่ 4,Eiichiro Oda,95.00,1,1,A-03,ว่าง (อยู่บนชั้น)
B480101075,B480101075-C05,วันพีช (One Piece) เล่ม 75,เล่มที่ 5,Eiichiro Oda,95.00,1,1,A-03,ว่าง (อยู่บนชั้น)
B480101076,B480101076-C01,วันพีช (One Piece) เล่ม 76,เล่มที่ 1,Eiichiro Oda,95.00,1,1,A-03,ว่าง (อยู่บนชั้น)
B480101076,B480101076-C02,วันพีช (One Piece) เล่ม 76,เล่มที่ 2,Eiichiro Oda,95.00,1,1,A-03,ว่าง (อยู่บนชั้น)
B480101076,B480101076-C03,วันพีช (One Piece) เล่ม 76,เล่มที่ 3,Eiichiro Oda,95.00,1,1,A-03,ว่าง (อยู่บนชั้น)
B480101076,B480101076-C04,วันพีช (One Piece) เล่ม 76,เล่มที่ 4,Eiichiro Oda,95.00,1,1,A-03,ว่าง (อยู่บนชั้น)
B480101076,B480101076-C05,วันพีช (One Piece) เล่ม 76,เล่มที่ 5,Eiichiro Oda,95.00,1,1,A-03,ว่าง (อยู่บนชั้น)
B480101077,B480101077-C01,วันพีช (One Piece) เล่ม 77,เล่มที่ 1,Eiichiro Oda,95.00,1,1,A-03,ว่าง (อยู่บนชั้น)
B480101077,B480101077-C02,วันพีช (One Piece) เล่ม 77,เล่มที่ 2,Eiichiro Oda,95.00,1,1,A-03,ว่าง (อยู่บนชั้น)
B480101077,B480101077-C03,วันพีช (One Piece) เล่ม 77,เล่มที่ 3,Eiichiro Oda,95.00,1,1,A-03,ว่าง (อยู่บนชั้น)
B480101077,B480101077-C04,วันพีช (One Piece) เล่ม 77,เล่มที่ 4,Eiichiro Oda,95.00,1,1,A-03,ว่าง (อยู่บนชั้น)
B480101077,B480101077-C05,วันพีช (One Piece) เล่ม 77,เล่มที่ 5,Eiichiro Oda,95.00,1,1,A-03,ว่าง (อยู่บนชั้น)
B480101078,B480101078-C01,วันพีช (One Piece) เล่ม 78,เล่มที่ 1,Eiichiro Oda,95.00,1,1,A-03,ว่าง (อยู่บนชั้น)
B480101078,B480101078-C02,วันพีช (One Piece) เล่ม 78,เล่มที่ 2,Eiichiro Oda,95.00,1,1,A-03,ว่าง (อยู่บนชั้น)
B480101078,B480101078-C03,วันพีช (One Piece) เล่ม 78,เล่มที่ 3,Eiichiro Oda,95.00,1,1,A-03,ว่าง (อยู่บนชั้น)
B480101078,B480101078-C04,วันพีช (One Piece) เล่ม 78,เล่มที่ 4,Eiichiro Oda,95.00,1,1,A-03,ว่าง (อยู่บนชั้น)
B480101078,B480101078-C05,วันพีช (One Piece) เล่ม 78,เล่มที่ 5,Eiichiro Oda,95.00,1,1,A-03,ว่าง (อยู่บนชั้น)
B480101079,B480101079-C01,วันพีช (One Piece) เล่ม 79,เล่มที่ 1,Eiichiro Oda,95.00,1,1,A-03,ว่าง (อยู่บนชั้น)
B480101079,B480101079-C02,วันพีช (One Piece) เล่ม 79,เล่มที่ 2,Eiichiro Oda,95.00,1,1,A-03,ว่าง (อยู่บนชั้น)
B480101079,B480101079-C03,วันพีช (One Piece) เล่ม 79,เล่มที่ 3,Eiichiro Oda,95.00,1,1,A-03,ว่าง (อยู่บนชั้น)
B480101079,B480101079-C04,วันพีช (One Piece) เล่ม 79,เล่มที่ 4,Eiichiro Oda,95.00,1,1,A-03,ว่าง (อยู่บนชั้น)
B480101079,B480101079-C05,วันพีช (One Piece) เล่ม 79,เล่มที่ 5,Eiichiro Oda,95.00,1,1,A-03,ว่าง (อยู่บนชั้น)
B480101080,B480101080-C01,วันพีช (One Piece) เล่ม 80,เล่มที่ 1,Eiichiro Oda,95.00,1,1,A-03,ว่าง (อยู่บนชั้น)
B480101080,B480101080-C02,วันพีช (One Piece) เล่ม 80,เล่มที่ 2,Eiichiro Oda,95.00,1,1,A-03,ว่าง (อยู่บนชั้น)
B480101080,B480101080-C03,วันพีช (One Piece) เล่ม 80,เล่มที่ 3,Eiichiro Oda,95.00,1,1,A-03,ว่าง (อยู่บนชั้น)
B480101080,B480101080-C04,วันพีช (One Piece) เล่ม 80,เล่มที่ 4,Eiichiro Oda,95.00,1,1,A-03,ว่าง (อยู่บนชั้น)
B480101080,B480101080-C05,วันพีช (One Piece) เล่ม 80,เล่มที่ 5,Eiichiro Oda,95.00,1,1,A-03,ว่าง (อยู่บนชั้น)
B480101081,B480101081-C01,วันพีช (One Piece) เล่ม 81,เล่มที่ 1,Eiichiro Oda,95.00,1,1,A-03,ว่าง (อยู่บนชั้น)
B480101081,B480101081-C02,วันพีช (One Piece) เล่ม 81,เล่มที่ 2,Eiichiro Oda,95.00,1,1,A-03,ว่าง (อยู่บนชั้น)
B480101081,B480101081-C03,วันพีช (One Piece) เล่ม 81,เล่มที่ 3,Eiichiro Oda,95.00,1,1,A-03,ว่าง (อยู่บนชั้น)
B480101081,B480101081-C04,วันพีช (One Piece) เล่ม 81,เล่มที่ 4,Eiichiro Oda,95.00,1,1,A-03,ว่าง (อยู่บนชั้น)
B480101081,B480101081-C05,วันพีช (One Piece) เล่ม 81,เล่มที่ 5,Eiichiro Oda,95.00,1,1,A-03,ว่าง (อยู่บนชั้น)
B480101082,B480101082-C01,วันพีช (One Piece) เล่ม 82,เล่มที่ 1,Eiichiro Oda,95.00,1,1,A-03,ว่าง (อยู่บนชั้น)
B480101082,B480101082-C02,วันพีช (One Piece) เล่ม 82,เล่มที่ 2,Eiichiro Oda,95.00,1,1,A-03,ว่าง (อยู่บนชั้น)
B480101082,B480101082-C03,วันพีช (One Piece) เล่ม 82,เล่มที่ 3,Eiichiro Oda,95.00,1,1,A-03,ว่าง (อยู่บนชั้น)
B480101082,B480101082-C04,วันพีช (One Piece) เล่ม 82,เล่มที่ 4,Eiichiro Oda,95.00,1,1,A-03,ว่าง (อยู่บนชั้น)
B480101082,B480101082-C05,วันพีช (One Piece) เล่ม 82,เล่มที่ 5,Eiichiro Oda,95.00,1,1,A-03,ว่าง (อยู่บนชั้น)
B480101083,B480101083-C01,วันพีช (One Piece) เล่ม 83,เล่มที่ 1,Eiichiro Oda,95.00,1,1,A-03,ว่าง (อยู่บนชั้น)
B480101083,B480101083-C02,วันพีช (One Piece) เล่ม 83,เล่มที่ 2,Eiichiro Oda,95.00,1,1,A-03,ว่าง (อยู่บนชั้น)
B480101083,B480101083-C03,วันพีช (One Piece) เล่ม 83,เล่มที่ 3,Eiichiro Oda,95.00,1,1,A-03,ว่าง (อยู่บนชั้น)
B480101083,B480101083-C04,วันพีช (One Piece) เล่ม 83,เล่มที่ 4,Eiichiro Oda,95.00,1,1,A-03,ว่าง (อยู่บนชั้น)
B480101083,B480101083-C05,วันพีช (One Piece) เล่ม 83,เล่มที่ 5,Eiichiro Oda,95.00,1,1,A-03,ว่าง (อยู่บนชั้น)
B480101084,B480101084-C01,วันพีช (One Piece) เล่ม 84,เล่มที่ 1,Eiichiro Oda,95.00,1,1,A-03,ว่าง (อยู่บนชั้น)
B480101084,B480101084-C02,วันพีช (One Piece) เล่ม 84,เล่มที่ 2,Eiichiro Oda,95.00,1,1,A-03,ว่าง (อยู่บนชั้น)
B480101084,B480101084-C03,วันพีช (One Piece) เล่ม 84,เล่มที่ 3,Eiichiro Oda,95.00,1,1,A-03,ว่าง (อยู่บนชั้น)
B480101084,B480101084-C04,วันพีช (One Piece) เล่ม 84,เล่มที่ 4,Eiichiro Oda,95.00,1,1,A-03,ว่าง (อยู่บนชั้น)
B480101084,B480101084-C05,วันพีช (One Piece) เล่ม 84,เล่มที่ 5,Eiichiro Oda,95.00,1,1,A-03,ว่าง (อยู่บนชั้น)
B480101085,B480101085-C01,วันพีช (One Piece) เล่ม 85,เล่มที่ 1,Eiichiro Oda,95.00,1,1,A-03,ว่าง (อยู่บนชั้น)
B480101085,B480101085-C02,วันพีช (One Piece) เล่ม 85,เล่มที่ 2,Eiichiro Oda,95.00,1,1,A-03,ว่าง (อยู่บนชั้น)
B480101085,B480101085-C03,วันพีช (One Piece) เล่ม 85,เล่มที่ 3,Eiichiro Oda,95.00,1,1,A-03,ว่าง (อยู่บนชั้น)
B480101085,B480101085-C04,วันพีช (One Piece) เล่ม 85,เล่มที่ 4,Eiichiro Oda,95.00,1,1,A-03,ว่าง (อยู่บนชั้น)
B480101085,B480101085-C05,วันพีช (One Piece) เล่ม 85,เล่มที่ 5,Eiichiro Oda,95.00,1,1,A-03,ว่าง (อยู่บนชั้น)
B480101086,B480101086-C01,วันพีช (One Piece) เล่ม 86,เล่มที่ 1,Eiichiro Oda,95.00,1,1,A-03,ว่าง (อยู่บนชั้น)
B480101086,B480101086-C02,วันพีช (One Piece) เล่ม 86,เล่มที่ 2,Eiichiro Oda,95.00,1,1,A-03,ว่าง (อยู่บนชั้น)
B480101086,B480101086-C03,วันพีช (One Piece) เล่ม 86,เล่มที่ 3,Eiichiro Oda,95.00,1,1,A-03,ว่าง (อยู่บนชั้น)
B480101086,B480101086-C04,วันพีช (One Piece) เล่ม 86,เล่มที่ 4,Eiichiro Oda,95.00,1,1,A-03,ว่าง (อยู่บนชั้น)
B480101086,B480101086-C05,วันพีช (One Piece) เล่ม 86,เล่มที่ 5,Eiichiro Oda,95.00,1,1,A-03,ว่าง (อยู่บนชั้น)
B480101087,B480101087-C01,วันพีช (One Piece) เล่ม 87,เล่มที่ 1,Eiichiro Oda,95.00,1,1,A-03,ว่าง (อยู่บนชั้น)
B480101087,B480101087-C02,วันพีช (One Piece) เล่ม 87,เล่มที่ 2,Eiichiro Oda,95.00,1,1,A-03,ว่าง (อยู่บนชั้น)
B480101087,B480101087-C03,วันพีช (One Piece) เล่ม 87,เล่มที่ 3,Eiichiro Oda,95.00,1,1,A-03,ว่าง (อยู่บนชั้น)
B480101087,B480101087-C04,วันพีช (One Piece) เล่ม 87,เล่มที่ 4,Eiichiro Oda,95.00,1,1,A-03,ว่าง (อยู่บนชั้น)
B480101087,B480101087-C05,วันพีช (One Piece) เล่ม 87,เล่มที่ 5,Eiichiro Oda,95.00,1,1,A-03,ว่าง (อยู่บนชั้น)
B480101088,B480101088-C01,วันพีช (One Piece) เล่ม 88,เล่มที่ 1,Eiichiro Oda,95.00,1,1,A-03,ว่าง (อยู่บนชั้น)
B480101088,B480101088-C02,วันพีช (One Piece) เล่ม 88,เล่มที่ 2,Eiichiro Oda,95.00,1,1,A-03,ว่าง (อยู่บนชั้น)
B480101088,B480101088-C03,วันพีช (One Piece) เล่ม 88,เล่มที่ 3,Eiichiro Oda,95.00,1,1,A-03,ว่าง (อยู่บนชั้น)
B480101088,B480101088-C04,วันพีช (One Piece) เล่ม 88,เล่มที่ 4,Eiichiro Oda,95.00,1,1,A-03,ว่าง (อยู่บนชั้น)
B480101088,B480101088-C05,วันพีช (One Piece) เล่ม 88,เล่มที่ 5,Eiichiro Oda,95.00,1,1,A-03,ว่าง (อยู่บนชั้น)
B480101089,B480101089-C01,วันพีช (One Piece) เล่ม 89,เล่มที่ 1,Eiichiro Oda,95.00,1,1,A-03,ว่าง (อยู่บนชั้น)
B480101089,B480101089-C02,วันพีช (One Piece) เล่ม 89,เล่มที่ 2,Eiichiro Oda,95.00,1,1,A-03,ว่าง (อยู่บนชั้น)
B480101089,B480101089-C03,วันพีช (One Piece) เล่ม 89,เล่มที่ 3,Eiichiro Oda,95.00,1,1,A-03,ว่าง (อยู่บนชั้น)
B480101089,B480101089-C04,วันพีช (One Piece) เล่ม 89,เล่มที่ 4,Eiichiro Oda,95.00,1,1,A-03,ว่าง (อยู่บนชั้น)
B480101089,B480101089-C05,วันพีช (One Piece) เล่ม 89,เล่มที่ 5,Eiichiro Oda,95.00,1,1,A-03,ว่าง (อยู่บนชั้น)
B480101090,B480101090-C01,วันพีช (One Piece) เล่ม 90,เล่มที่ 1,Eiichiro Oda,95.00,1,1,A-03,ว่าง (อยู่บนชั้น)
B480101090,B480101090-C02,วันพีช (One Piece) เล่ม 90,เล่มที่ 2,Eiichiro Oda,95.00,1,1,A-03,ว่าง (อยู่บนชั้น)
B480101090,B480101090-C03,วันพีช (One Piece) เล่ม 90,เล่มที่ 3,Eiichiro Oda,95.00,1,1,A-03,ว่าง (อยู่บนชั้น)
B480101090,B480101090-C04,วันพีช (One Piece) เล่ม 90,เล่มที่ 4,Eiichiro Oda,95.00,1,1,A-03,ว่าง (อยู่บนชั้น)
B480101090,B480101090-C05,วันพีช (One Piece) เล่ม 90,เล่มที่ 5,Eiichiro Oda,95.00,1,1,A-03,ว่าง (อยู่บนชั้น)
B480101091,B480101091-C01,วันพีช (One Piece) เล่ม 91,เล่มที่ 1,Eiichiro Oda,95.00,1,1,A-03,ว่าง (อยู่บนชั้น)
B480101091,B480101091-C02,วันพีช (One Piece) เล่ม 91,เล่มที่ 2,Eiichiro Oda,95.00,1,1,A-03,ว่าง (อยู่บนชั้น)
B480101091,B480101091-C03,วันพีช (One Piece) เล่ม 91,เล่มที่ 3,Eiichiro Oda,95.00,1,1,A-03,ว่าง (อยู่บนชั้น)
B480101091,B480101091-C04,วันพีช (One Piece) เล่ม 91,เล่มที่ 4,Eiichiro Oda,95.00,1,1,A-03,ว่าง (อยู่บนชั้น)
B480101091,B480101091-C05,วันพีช (One Piece) เล่ม 91,เล่มที่ 5,Eiichiro Oda,95.00,1,1,A-03,ว่าง (อยู่บนชั้น)
B480101092,B480101092-C01,วันพีช (One Piece) เล่ม 92,เล่มที่ 1,Eiichiro Oda,95.00,1,1,A-03,ว่าง (อยู่บนชั้น)
B480101092,B480101092-C02,วันพีช (One Piece) เล่ม 92,เล่มที่ 2,Eiichiro Oda,95.00,1,1,A-03,ว่าง (อยู่บนชั้น)
B480101092,B480101092-C03,วันพีช (One Piece) เล่ม 92,เล่มที่ 3,Eiichiro Oda,95.00,1,1,A-03,ว่าง (อยู่บนชั้น)
B480101092,B480101092-C04,วันพีช (One Piece) เล่ม 92,เล่มที่ 4,Eiichiro Oda,95.00,1,1,A-03,ว่าง (อยู่บนชั้น)
B480101092,B480101092-C05,วันพีช (One Piece) เล่ม 92,เล่มที่ 5,Eiichiro Oda,95.00,1,1,A-03,ว่าง (อยู่บนชั้น)
B480101093,B480101093-C01,วันพีช (One Piece) เล่ม 93,เล่มที่ 1,Eiichiro Oda,95.00,1,1,A-03,ว่าง (อยู่บนชั้น)
B480101093,B480101093-C02,วันพีช (One Piece) เล่ม 93,เล่มที่ 2,Eiichiro Oda,95.00,1,1,A-03,ว่าง (อยู่บนชั้น)
B480101093,B480101093-C03,วันพีช (One Piece) เล่ม 93,เล่มที่ 3,Eiichiro Oda,95.00,1,1,A-03,ว่าง (อยู่บนชั้น)
B480101093,B480101093-C04,วันพีช (One Piece) เล่ม 93,เล่มที่ 4,Eiichiro Oda,95.00,1,1,A-03,ว่าง (อยู่บนชั้น)
B480101093,B480101093-C05,วันพีช (One Piece) เล่ม 93,เล่มที่ 5,Eiichiro Oda,95.00,1,1,A-03,ว่าง (อยู่บนชั้น)
B480101094,B480101094-C01,วันพีช (One Piece) เล่ม 94,เล่มที่ 1,Eiichiro Oda,95.00,1,1,A-03,ว่าง (อยู่บนชั้น)
B480101094,B480101094-C02,วันพีช (One Piece) เล่ม 94,เล่มที่ 2,Eiichiro Oda,95.00,1,1,A-03,ว่าง (อยู่บนชั้น)
B480101094,B480101094-C03,วันพีช (One Piece) เล่ม 94,เล่มที่ 3,Eiichiro Oda,95.00,1,1,A-03,ว่าง (อยู่บนชั้น)
B480101094,B480101094-C04,วันพีช (One Piece) เล่ม 94,เล่มที่ 4,Eiichiro Oda,95.00,1,1,A-03,ว่าง (อยู่บนชั้น)
B480101094,B480101094-C05,วันพีช (One Piece) เล่ม 94,เล่มที่ 5,Eiichiro Oda,95.00,1,1,A-03,ว่าง (อยู่บนชั้น)
B480101095,B480101095-C01,วันพีช (One Piece) เล่ม 95,เล่มที่ 1,Eiichiro Oda,95.00,1,1,A-03,ว่าง (อยู่บนชั้น)
B480101095,B480101095-C02,วันพีช (One Piece) เล่ม 95,เล่มที่ 2,Eiichiro Oda,95.00,1,1,A-03,ว่าง (อยู่บนชั้น)
B480101095,B480101095-C03,วันพีช (One Piece) เล่ม 95,เล่มที่ 3,Eiichiro Oda,95.00,1,1,A-03,ว่าง (อยู่บนชั้น)
B480101095,B480101095-C04,วันพีช (One Piece) เล่ม 95,เล่มที่ 4,Eiichiro Oda,95.00,1,1,A-03,ว่าง (อยู่บนชั้น)
B480101095,B480101095-C05,วันพีช (One Piece) เล่ม 95,เล่มที่ 5,Eiichiro Oda,95.00,1,1,A-03,ว่าง (อยู่บนชั้น)
B480101096,B480101096-C01,วันพีช (One Piece) เล่ม 96,เล่มที่ 1,Eiichiro Oda,95.00,1,1,A-03,ว่าง (อยู่บนชั้น)
B480101096,B480101096-C02,วันพีช (One Piece) เล่ม 96,เล่มที่ 2,Eiichiro Oda,95.00,1,1,A-03,ว่าง (อยู่บนชั้น)
B480101096,B480101096-C03,วันพีช (One Piece) เล่ม 96,เล่มที่ 3,Eiichiro Oda,95.00,1,1,A-03,ว่าง (อยู่บนชั้น)
B480101096,B480101096-C04,วันพีช (One Piece) เล่ม 96,เล่มที่ 4,Eiichiro Oda,95.00,1,1,A-03,ว่าง (อยู่บนชั้น)
B480101096,B480101096-C05,วันพีช (One Piece) เล่ม 96,เล่มที่ 5,Eiichiro Oda,95.00,1,1,A-03,ว่าง (อยู่บนชั้น)
B480101097,B480101097-C01,วันพีช (One Piece) เล่ม 97,เล่มที่ 1,Eiichiro Oda,95.00,1,1,A-03,ว่าง (อยู่บนชั้น)
B480101097,B480101097-C02,วันพีช (One Piece) เล่ม 97,เล่มที่ 2,Eiichiro Oda,95.00,1,1,A-03,ว่าง (อยู่บนชั้น)
B480101097,B480101097-C03,วันพีช (One Piece) เล่ม 97,เล่มที่ 3,Eiichiro Oda,95.00,1,1,A-03,ว่าง (อยู่บนชั้น)
B480101097,B480101097-C04,วันพีช (One Piece) เล่ม 97,เล่มที่ 4,Eiichiro Oda,95.00,1,1,A-03,ว่าง (อยู่บนชั้น)
B480101097,B480101097-C05,วันพีช (One Piece) เล่ม 97,เล่มที่ 5,Eiichiro Oda,95.00,1,1,A-03,ว่าง (อยู่บนชั้น)
B480101098,B480101098-C01,วันพีช (One Piece) เล่ม 98,เล่มที่ 1,Eiichiro Oda,95.00,1,1,A-03,ว่าง (อยู่บนชั้น)
B480101098,B480101098-C02,วันพีช (One Piece) เล่ม 98,เล่มที่ 2,Eiichiro Oda,95.00,1,1,A-03,ว่าง (อยู่บนชั้น)
B480101098,B480101098-C03,วันพีช (One Piece) เล่ม 98,เล่มที่ 3,Eiichiro Oda,95.00,1,1,A-03,ว่าง (อยู่บนชั้น)
B480101098,B480101098-C04,วันพีช (One Piece) เล่ม 98,เล่มที่ 4,Eiichiro Oda,95.00,1,1,A-03,ว่าง (อยู่บนชั้น)
B480101098,B480101098-C05,วันพีช (One Piece) เล่ม 98,เล่มที่ 5,Eiichiro Oda,95.00,1,1,A-03,ว่าง (อยู่บนชั้น)
B480101099,B480101099-C01,วันพีช (One Piece) เล่ม 99,เล่มที่ 1,Eiichiro Oda,95.00,1,1,A-03,ว่าง (อยู่บนชั้น)
B480101099,B480101099-C02,วันพีช (One Piece) เล่ม 99,เล่มที่ 2,Eiichiro Oda,95.00,1,1,A-03,ว่าง (อยู่บนชั้น)
B480101099,B480101099-C03,วันพีช (One Piece) เล่ม 99,เล่มที่ 3,Eiichiro Oda,95.00,1,1,A-03,ว่าง (อยู่บนชั้น)
B480101099,B480101099-C04,วันพีช (One Piece) เล่ม 99,เล่มที่ 4,Eiichiro Oda,95.00,1,1,A-03,ว่าง (อยู่บนชั้น)
B480101099,B480101099-C05,วันพีช (One Piece) เล่ม 99,เล่มที่ 5,Eiichiro Oda,95.00,1,1,A-03,ว่าง (อยู่บนชั้น)
B480101100,B480101100-C01,วันพีช (One Piece) เล่ม 100,เล่มที่ 1,Eiichiro Oda,95.00,1,1,A-03,ว่าง (อยู่บนชั้น)
B480101100,B480101100-C02,วันพีช (One Piece) เล่ม 100,เล่มที่ 2,Eiichiro Oda,95.00,1,1,A-03,ว่าง (อยู่บนชั้น)
B480101100,B480101100-C03,วันพีช (One Piece) เล่ม 100,เล่มที่ 3,Eiichiro Oda,95.00,1,1,A-03,ว่าง (อยู่บนชั้น)
B480101100,B480101100-C04,วันพีช (One Piece) เล่ม 100,เล่มที่ 4,Eiichiro Oda,95.00,1,1,A-03,ว่าง (อยู่บนชั้น)
B480101100,B480101100-C05,วันพีช (One Piece) เล่ม 100,เล่มที่ 5,Eiichiro Oda,95.00,1,1,A-03,ว่าง (อยู่บนชั้น)
B480101101,B480101101-C01,วันพีช (One Piece) เล่ม 101,เล่มที่ 1,Eiichiro Oda,95.00,1,1,A-03,ว่าง (อยู่บนชั้น)
B480101101,B480101101-C02,วันพีช (One Piece) เล่ม 101,เล่มที่ 2,Eiichiro Oda,95.00,1,1,A-03,ว่าง (อยู่บนชั้น)
B480101101,B480101101-C03,วันพีช (One Piece) เล่ม 101,เล่มที่ 3,Eiichiro Oda,95.00,1,1,A-03,ว่าง (อยู่บนชั้น)
B480101101,B480101101-C04,วันพีช (One Piece) เล่ม 101,เล่มที่ 4,Eiichiro Oda,95.00,1,1,A-03,ว่าง (อยู่บนชั้น)
B480101101,B480101101-C05,วันพีช (One Piece) เล่ม 101,เล่มที่ 5,Eiichiro Oda,95.00,1,1,A-03,ว่าง (อยู่บนชั้น)
B480101102,B480101102-C01,วันพีช (One Piece) เล่ม 102,เล่มที่ 1,Eiichiro Oda,95.00,1,1,A-03,ว่าง (อยู่บนชั้น)
B480101102,B480101102-C02,วันพีช (One Piece) เล่ม 102,เล่มที่ 2,Eiichiro Oda,95.00,1,1,A-03,ว่าง (อยู่บนชั้น)
B480101102,B480101102-C03,วันพีช (One Piece) เล่ม 102,เล่มที่ 3,Eiichiro Oda,95.00,1,1,A-03,ว่าง (อยู่บนชั้น)
B480101102,B480101102-C04,วันพีช (One Piece) เล่ม 102,เล่มที่ 4,Eiichiro Oda,95.00,1,1,A-03,ว่าง (อยู่บนชั้น)
B480101102,B480101102-C05,วันพีช (One Piece) เล่ม 102,เล่มที่ 5,Eiichiro Oda,95.00,1,1,A-03,ว่าง (อยู่บนชั้น)
B480101103,B480101103-C01,วันพีช (One Piece) เล่ม 103,เล่มที่ 1,Eiichiro Oda,95.00,1,1,A-03,ว่าง (อยู่บนชั้น)
B480101103,B480101103-C02,วันพีช (One Piece) เล่ม 103,เล่มที่ 2,Eiichiro Oda,95.00,1,1,A-03,ว่าง (อยู่บนชั้น)
B480101103,B480101103-C03,วันพีช (One Piece) เล่ม 103,เล่มที่ 3,Eiichiro Oda,95.00,1,1,A-03,ว่าง (อยู่บนชั้น)
B480101103,B480101103-C04,วันพีช (One Piece) เล่ม 103,เล่มที่ 4,Eiichiro Oda,95.00,1,1,A-03,ว่าง (อยู่บนชั้น)
B480101103,B480101103-C05,วันพีช (One Piece) เล่ม 103,เล่มที่ 5,Eiichiro Oda,95.00,1,1,A-03,ว่าง (อยู่บนชั้น)
B480101104,B480101104-C01,วันพีช (One Piece) เล่ม 104,เล่มที่ 1,Eiichiro Oda,95.00,1,1,A-03,ว่าง (อยู่บนชั้น)
B480101104,B480101104-C02,วันพีช (One Piece) เล่ม 104,เล่มที่ 2,Eiichiro Oda,95.00,1,1,A-03,ว่าง (อยู่บนชั้น)
B480101104,B480101104-C03,วันพีช (One Piece) เล่ม 104,เล่มที่ 3,Eiichiro Oda,95.00,1,1,A-03,ว่าง (อยู่บนชั้น)
B480101104,B480101104-C04,วันพีช (One Piece) เล่ม 104,เล่มที่ 4,Eiichiro Oda,95.00,1,1,A-03,ว่าง (อยู่บนชั้น)
B480101104,B480101104-C05,วันพีช (One Piece) เล่ม 104,เล่มที่ 5,Eiichiro Oda,95.00,1,1,A-03,ว่าง (อยู่บนชั้น)
B480101105,B480101105-C01,วันพีช (One Piece) เล่ม 105,เล่มที่ 1,Eiichiro Oda,95.00,1,1,A-03,ว่าง (อยู่บนชั้น)
B480101105,B480101105-C02,วันพีช (One Piece) เล่ม 105,เล่มที่ 2,Eiichiro Oda,95.00,1,1,A-03,ว่าง (อยู่บนชั้น)
B480101105,B480101105-C03,วันพีช (One Piece) เล่ม 105,เล่มที่ 3,Eiichiro Oda,95.00,1,1,A-03,ว่าง (อยู่บนชั้น)
B480101105,B480101105-C04,วันพีช (One Piece) เล่ม 105,เล่มที่ 4,Eiichiro Oda,95.00,1,1,A-03,ว่าง (อยู่บนชั้น)
B480101105,B480101105-C05,วันพีช (One Piece) เล่ม 105,เล่มที่ 5,Eiichiro Oda,95.00,1,1,A-03,ว่าง (อยู่บนชั้น)
B480101106,B480101106-C01,วันพีช (One Piece) เล่ม 106,เล่มที่ 1,Eiichiro Oda,95.00,1,1,A-03,ว่าง (อยู่บนชั้น)
B480101106,B480101106-C02,วันพีช (One Piece) เล่ม 106,เล่มที่ 2,Eiichiro Oda,95.00,1,1,A-03,ว่าง (อยู่บนชั้น)
B480101106,B480101106-C03,วันพีช (One Piece) เล่ม 106,เล่มที่ 3,Eiichiro Oda,95.00,1,1,A-03,ว่าง (อยู่บนชั้น)
B480101106,B480101106-C04,วันพีช (One Piece) เล่ม 106,เล่มที่ 4,Eiichiro Oda,95.00,1,1,A-03,ว่าง (อยู่บนชั้น)
B480101106,B480101106-C05,วันพีช (One Piece) เล่ม 106,เล่มที่ 5,Eiichiro Oda,95.00,1,1,A-03,ว่าง (อยู่บนชั้น)
B480101107,B480101107-C01,วันพีช (One Piece) เล่ม 107,เล่มที่ 1,Eiichiro Oda,95.00,1,1,A-03,ว่าง (อยู่บนชั้น)
B480101107,B480101107-C02,วันพีช (One Piece) เล่ม 107,เล่มที่ 2,Eiichiro Oda,95.00,1,1,A-03,ว่าง (อยู่บนชั้น)
B480101107,B480101107-C03,วันพีช (One Piece) เล่ม 107,เล่มที่ 3,Eiichiro Oda,95.00,1,1,A-03,ว่าง (อยู่บนชั้น)
B480101107,B480101107-C04,วันพีช (One Piece) เล่ม 107,เล่มที่ 4,Eiichiro Oda,95.00,1,1,A-03,ว่าง (อยู่บนชั้น)
B480101107,B480101107-C05,วันพีช (One Piece) เล่ม 107,เล่มที่ 5,Eiichiro Oda,95.00,1,1,A-03,ว่าง (อยู่บนชั้น)
B480101108,B480101108-C01,วันพีช (One Piece) เล่ม 108,เล่มที่ 1,Eiichiro Oda,95.00,1,1,A-03,ว่าง (อยู่บนชั้น)
B480101108,B480101108-C02,วันพีช (One Piece) เล่ม 108,เล่มที่ 2,Eiichiro Oda,95.00,1,1,A-03,ว่าง (อยู่บนชั้น)
B480101108,B480101108-C03,วันพีช (One Piece) เล่ม 108,เล่มที่ 3,Eiichiro Oda,95.00,1,1,A-03,ว่าง (อยู่บนชั้น)
B480101108,B480101108-C04,วันพีช (One Piece) เล่ม 108,เล่มที่ 4,Eiichiro Oda,95.00,1,1,A-03,ว่าง (อยู่บนชั้น)
B480101108,B480101108-C05,วันพีช (One Piece) เล่ม 108,เล่มที่ 5,Eiichiro Oda,95.00,1,1,A-03,ว่าง (อยู่บนชั้น)
B480101109,B480101109-C01,วันพีช (One Piece) เล่ม 109,เล่มที่ 1,Eiichiro Oda,95.00,1,1,A-03,ว่าง (อยู่บนชั้น)
B480101109,B480101109-C02,วันพีช (One Piece) เล่ม 109,เล่มที่ 2,Eiichiro Oda,95.00,1,1,A-03,ว่าง (อยู่บนชั้น)
B480101109,B480101109-C03,วันพีช (One Piece) เล่ม 109,เล่มที่ 3,Eiichiro Oda,95.00,1,1,A-03,ว่าง (อยู่บนชั้น)
B480101109,B480101109-C04,วันพีช (One Piece) เล่ม 109,เล่มที่ 4,Eiichiro Oda,95.00,1,1,A-03,ว่าง (อยู่บนชั้น)
B480101109,B480101109-C05,วันพีช (One Piece) เล่ม 109,เล่มที่ 5,Eiichiro Oda,95.00,1,1,A-03,ว่าง (อยู่บนชั้น)
B490101001,B490101001-C01,มหาเวทย์ผนึกมาร (Jujutsu Kaisen) เล่ม 1,เล่มที่ 1,Gege Akutami,90.00,1,1,A-04,ว่าง (อยู่บนชั้น)
B490101001,B490101001-C02,มหาเวทย์ผนึกมาร (Jujutsu Kaisen) เล่ม 1,เล่มที่ 2,Gege Akutami,90.00,1,1,A-04,ว่าง (อยู่บนชั้น)
B490101001,B490101001-C03,มหาเวทย์ผนึกมาร (Jujutsu Kaisen) เล่ม 1,เล่มที่ 3,Gege Akutami,90.00,1,1,A-04,ว่าง (อยู่บนชั้น)
B490101001,B490101001-C04,มหาเวทย์ผนึกมาร (Jujutsu Kaisen) เล่ม 1,เล่มที่ 4,Gege Akutami,90.00,1,1,A-04,ว่าง (อยู่บนชั้น)
B490101001,B490101001-C05,มหาเวทย์ผนึกมาร (Jujutsu Kaisen) เล่ม 1,เล่มที่ 5,Gege Akutami,90.00,1,1,A-04,ว่าง (อยู่บนชั้น)
B490101002,B490101002-C01,มหาเวทย์ผนึกมาร (Jujutsu Kaisen) เล่ม 2,เล่มที่ 1,Gege Akutami,90.00,1,1,A-04,ว่าง (อยู่บนชั้น)
B490101002,B490101002-C02,มหาเวทย์ผนึกมาร (Jujutsu Kaisen) เล่ม 2,เล่มที่ 2,Gege Akutami,90.00,1,1,A-04,ว่าง (อยู่บนชั้น)
B490101002,B490101002-C03,มหาเวทย์ผนึกมาร (Jujutsu Kaisen) เล่ม 2,เล่มที่ 3,Gege Akutami,90.00,1,1,A-04,ว่าง (อยู่บนชั้น)
B490101002,B490101002-C04,มหาเวทย์ผนึกมาร (Jujutsu Kaisen) เล่ม 2,เล่มที่ 4,Gege Akutami,90.00,1,1,A-04,ว่าง (อยู่บนชั้น)
B490101002,B490101002-C05,มหาเวทย์ผนึกมาร (Jujutsu Kaisen) เล่ม 2,เล่มที่ 5,Gege Akutami,90.00,1,1,A-04,ว่าง (อยู่บนชั้น)
B490101003,B490101003-C01,มหาเวทย์ผนึกมาร (Jujutsu Kaisen) เล่ม 3,เล่มที่ 1,Gege Akutami,90.00,1,1,A-04,ว่าง (อยู่บนชั้น)
B490101003,B490101003-C02,มหาเวทย์ผนึกมาร (Jujutsu Kaisen) เล่ม 3,เล่มที่ 2,Gege Akutami,90.00,1,1,A-04,ว่าง (อยู่บนชั้น)
B490101003,B490101003-C03,มหาเวทย์ผนึกมาร (Jujutsu Kaisen) เล่ม 3,เล่มที่ 3,Gege Akutami,90.00,1,1,A-04,ว่าง (อยู่บนชั้น)
B490101003,B490101003-C04,มหาเวทย์ผนึกมาร (Jujutsu Kaisen) เล่ม 3,เล่มที่ 4,Gege Akutami,90.00,1,1,A-04,ว่าง (อยู่บนชั้น)
B490101003,B490101003-C05,มหาเวทย์ผนึกมาร (Jujutsu Kaisen) เล่ม 3,เล่มที่ 5,Gege Akutami,90.00,1,1,A-04,ว่าง (อยู่บนชั้น)
B490101004,B490101004-C01,มหาเวทย์ผนึกมาร (Jujutsu Kaisen) เล่ม 4,เล่มที่ 1,Gege Akutami,90.00,1,1,A-04,ว่าง (อยู่บนชั้น)
B490101004,B490101004-C02,มหาเวทย์ผนึกมาร (Jujutsu Kaisen) เล่ม 4,เล่มที่ 2,Gege Akutami,90.00,1,1,A-04,ว่าง (อยู่บนชั้น)
B490101004,B490101004-C03,มหาเวทย์ผนึกมาร (Jujutsu Kaisen) เล่ม 4,เล่มที่ 3,Gege Akutami,90.00,1,1,A-04,ว่าง (อยู่บนชั้น)
B490101004,B490101004-C04,มหาเวทย์ผนึกมาร (Jujutsu Kaisen) เล่ม 4,เล่มที่ 4,Gege Akutami,90.00,1,1,A-04,ว่าง (อยู่บนชั้น)
B490101004,B490101004-C05,มหาเวทย์ผนึกมาร (Jujutsu Kaisen) เล่ม 4,เล่มที่ 5,Gege Akutami,90.00,1,1,A-04,ว่าง (อยู่บนชั้น)
B490101005,B490101005-C01,มหาเวทย์ผนึกมาร (Jujutsu Kaisen) เล่ม 5,เล่มที่ 1,Gege Akutami,90.00,1,1,A-04,ว่าง (อยู่บนชั้น)
B490101005,B490101005-C02,มหาเวทย์ผนึกมาร (Jujutsu Kaisen) เล่ม 5,เล่มที่ 2,Gege Akutami,90.00,1,1,A-04,ว่าง (อยู่บนชั้น)
B490101005,B490101005-C03,มหาเวทย์ผนึกมาร (Jujutsu Kaisen) เล่ม 5,เล่มที่ 3,Gege Akutami,90.00,1,1,A-04,ว่าง (อยู่บนชั้น)
B490101005,B490101005-C04,มหาเวทย์ผนึกมาร (Jujutsu Kaisen) เล่ม 5,เล่มที่ 4,Gege Akutami,90.00,1,1,A-04,ว่าง (อยู่บนชั้น)
B490101005,B490101005-C05,มหาเวทย์ผนึกมาร (Jujutsu Kaisen) เล่ม 5,เล่มที่ 5,Gege Akutami,90.00,1,1,A-04,ว่าง (อยู่บนชั้น)
B490101006,B490101006-C01,มหาเวทย์ผนึกมาร (Jujutsu Kaisen) เล่ม 6,เล่มที่ 1,Gege Akutami,90.00,1,1,A-04,ว่าง (อยู่บนชั้น)
B490101006,B490101006-C02,มหาเวทย์ผนึกมาร (Jujutsu Kaisen) เล่ม 6,เล่มที่ 2,Gege Akutami,90.00,1,1,A-04,ว่าง (อยู่บนชั้น)
B490101006,B490101006-C03,มหาเวทย์ผนึกมาร (Jujutsu Kaisen) เล่ม 6,เล่มที่ 3,Gege Akutami,90.00,1,1,A-04,ว่าง (อยู่บนชั้น)
B490101006,B490101006-C04,มหาเวทย์ผนึกมาร (Jujutsu Kaisen) เล่ม 6,เล่มที่ 4,Gege Akutami,90.00,1,1,A-04,ว่าง (อยู่บนชั้น)
B490101006,B490101006-C05,มหาเวทย์ผนึกมาร (Jujutsu Kaisen) เล่ม 6,เล่มที่ 5,Gege Akutami,90.00,1,1,A-04,ว่าง (อยู่บนชั้น)
B490101007,B490101007-C01,มหาเวทย์ผนึกมาร (Jujutsu Kaisen) เล่ม 7,เล่มที่ 1,Gege Akutami,90.00,1,1,A-04,ว่าง (อยู่บนชั้น)
B490101007,B490101007-C02,มหาเวทย์ผนึกมาร (Jujutsu Kaisen) เล่ม 7,เล่มที่ 2,Gege Akutami,90.00,1,1,A-04,ว่าง (อยู่บนชั้น)
B490101007,B490101007-C03,มหาเวทย์ผนึกมาร (Jujutsu Kaisen) เล่ม 7,เล่มที่ 3,Gege Akutami,90.00,1,1,A-04,ว่าง (อยู่บนชั้น)
B490101007,B490101007-C04,มหาเวทย์ผนึกมาร (Jujutsu Kaisen) เล่ม 7,เล่มที่ 4,Gege Akutami,90.00,1,1,A-04,ว่าง (อยู่บนชั้น)
B490101007,B490101007-C05,มหาเวทย์ผนึกมาร (Jujutsu Kaisen) เล่ม 7,เล่มที่ 5,Gege Akutami,90.00,1,1,A-04,ว่าง (อยู่บนชั้น)
B490101008,B490101008-C01,มหาเวทย์ผนึกมาร (Jujutsu Kaisen) เล่ม 8,เล่มที่ 1,Gege Akutami,90.00,1,1,A-04,ว่าง (อยู่บนชั้น)
B490101008,B490101008-C02,มหาเวทย์ผนึกมาร (Jujutsu Kaisen) เล่ม 8,เล่มที่ 2,Gege Akutami,90.00,1,1,A-04,ว่าง (อยู่บนชั้น)
B490101008,B490101008-C03,มหาเวทย์ผนึกมาร (Jujutsu Kaisen) เล่ม 8,เล่มที่ 3,Gege Akutami,90.00,1,1,A-04,ว่าง (อยู่บนชั้น)
B490101008,B490101008-C04,มหาเวทย์ผนึกมาร (Jujutsu Kaisen) เล่ม 8,เล่มที่ 4,Gege Akutami,90.00,1,1,A-04,ว่าง (อยู่บนชั้น)
B490101008,B490101008-C05,มหาเวทย์ผนึกมาร (Jujutsu Kaisen) เล่ม 8,เล่มที่ 5,Gege Akutami,90.00,1,1,A-04,ว่าง (อยู่บนชั้น)
B490101009,B490101009-C01,มหาเวทย์ผนึกมาร (Jujutsu Kaisen) เล่ม 9,เล่มที่ 1,Gege Akutami,90.00,1,1,A-04,ว่าง (อยู่บนชั้น)
B490101009,B490101009-C02,มหาเวทย์ผนึกมาร (Jujutsu Kaisen) เล่ม 9,เล่มที่ 2,Gege Akutami,90.00,1,1,A-04,ว่าง (อยู่บนชั้น)
B490101009,B490101009-C03,มหาเวทย์ผนึกมาร (Jujutsu Kaisen) เล่ม 9,เล่มที่ 3,Gege Akutami,90.00,1,1,A-04,ว่าง (อยู่บนชั้น)
B490101009,B490101009-C04,มหาเวทย์ผนึกมาร (Jujutsu Kaisen) เล่ม 9,เล่มที่ 4,Gege Akutami,90.00,1,1,A-04,ว่าง (อยู่บนชั้น)
B490101009,B490101009-C05,มหาเวทย์ผนึกมาร (Jujutsu Kaisen) เล่ม 9,เล่มที่ 5,Gege Akutami,90.00,1,1,A-04,ว่าง (อยู่บนชั้น)
B490101010,B490101010-C01,มหาเวทย์ผนึกมาร (Jujutsu Kaisen) เล่ม 10,เล่มที่ 1,Gege Akutami,90.00,1,1,A-04,ว่าง (อยู่บนชั้น)
B490101010,B490101010-C02,มหาเวทย์ผนึกมาร (Jujutsu Kaisen) เล่ม 10,เล่มที่ 2,Gege Akutami,90.00,1,1,A-04,ว่าง (อยู่บนชั้น)
B490101010,B490101010-C03,มหาเวทย์ผนึกมาร (Jujutsu Kaisen) เล่ม 10,เล่มที่ 3,Gege Akutami,90.00,1,1,A-04,ว่าง (อยู่บนชั้น)
B490101010,B490101010-C04,มหาเวทย์ผนึกมาร (Jujutsu Kaisen) เล่ม 10,เล่มที่ 4,Gege Akutami,90.00,1,1,A-04,ว่าง (อยู่บนชั้น)
B490101010,B490101010-C05,มหาเวทย์ผนึกมาร (Jujutsu Kaisen) เล่ม 10,เล่มที่ 5,Gege Akutami,90.00,1,1,A-04,ว่าง (อยู่บนชั้น)
B490101011,B490101011-C01,มหาเวทย์ผนึกมาร (Jujutsu Kaisen) เล่ม 11,เล่มที่ 1,Gege Akutami,90.00,1,1,A-04,ว่าง (อยู่บนชั้น)
B490101011,B490101011-C02,มหาเวทย์ผนึกมาร (Jujutsu Kaisen) เล่ม 11,เล่มที่ 2,Gege Akutami,90.00,1,1,A-04,ว่าง (อยู่บนชั้น)
B490101011,B490101011-C03,มหาเวทย์ผนึกมาร (Jujutsu Kaisen) เล่ม 11,เล่มที่ 3,Gege Akutami,90.00,1,1,A-04,ว่าง (อยู่บนชั้น)
B490101011,B490101011-C04,มหาเวทย์ผนึกมาร (Jujutsu Kaisen) เล่ม 11,เล่มที่ 4,Gege Akutami,90.00,1,1,A-04,ว่าง (อยู่บนชั้น)
B490101011,B490101011-C05,มหาเวทย์ผนึกมาร (Jujutsu Kaisen) เล่ม 11,เล่มที่ 5,Gege Akutami,90.00,1,1,A-04,ว่าง (อยู่บนชั้น)
B490101012,B490101012-C01,มหาเวทย์ผนึกมาร (Jujutsu Kaisen) เล่ม 12,เล่มที่ 1,Gege Akutami,90.00,1,1,A-04,ว่าง (อยู่บนชั้น)
B490101012,B490101012-C02,มหาเวทย์ผนึกมาร (Jujutsu Kaisen) เล่ม 12,เล่มที่ 2,Gege Akutami,90.00,1,1,A-04,ว่าง (อยู่บนชั้น)
B490101012,B490101012-C03,มหาเวทย์ผนึกมาร (Jujutsu Kaisen) เล่ม 12,เล่มที่ 3,Gege Akutami,90.00,1,1,A-04,ว่าง (อยู่บนชั้น)
B490101012,B490101012-C04,มหาเวทย์ผนึกมาร (Jujutsu Kaisen) เล่ม 12,เล่มที่ 4,Gege Akutami,90.00,1,1,A-04,ว่าง (อยู่บนชั้น)
B490101012,B490101012-C05,มหาเวทย์ผนึกมาร (Jujutsu Kaisen) เล่ม 12,เล่มที่ 5,Gege Akutami,90.00,1,1,A-04,ว่าง (อยู่บนชั้น)
B490101013,B490101013-C01,มหาเวทย์ผนึกมาร (Jujutsu Kaisen) เล่ม 13,เล่มที่ 1,Gege Akutami,90.00,1,1,A-04,ว่าง (อยู่บนชั้น)
B490101013,B490101013-C02,มหาเวทย์ผนึกมาร (Jujutsu Kaisen) เล่ม 13,เล่มที่ 2,Gege Akutami,90.00,1,1,A-04,ว่าง (อยู่บนชั้น)
B490101013,B490101013-C03,มหาเวทย์ผนึกมาร (Jujutsu Kaisen) เล่ม 13,เล่มที่ 3,Gege Akutami,90.00,1,1,A-04,ว่าง (อยู่บนชั้น)
B490101013,B490101013-C04,มหาเวทย์ผนึกมาร (Jujutsu Kaisen) เล่ม 13,เล่มที่ 4,Gege Akutami,90.00,1,1,A-04,ว่าง (อยู่บนชั้น)
B490101013,B490101013-C05,มหาเวทย์ผนึกมาร (Jujutsu Kaisen) เล่ม 13,เล่มที่ 5,Gege Akutami,90.00,1,1,A-04,ว่าง (อยู่บนชั้น)
B490101014,B490101014-C01,มหาเวทย์ผนึกมาร (Jujutsu Kaisen) เล่ม 14,เล่มที่ 1,Gege Akutami,90.00,1,1,A-04,ว่าง (อยู่บนชั้น)
B490101014,B490101014-C02,มหาเวทย์ผนึกมาร (Jujutsu Kaisen) เล่ม 14,เล่มที่ 2,Gege Akutami,90.00,1,1,A-04,ว่าง (อยู่บนชั้น)
B490101014,B490101014-C03,มหาเวทย์ผนึกมาร (Jujutsu Kaisen) เล่ม 14,เล่มที่ 3,Gege Akutami,90.00,1,1,A-04,ว่าง (อยู่บนชั้น)
B490101014,B490101014-C04,มหาเวทย์ผนึกมาร (Jujutsu Kaisen) เล่ม 14,เล่มที่ 4,Gege Akutami,90.00,1,1,A-04,ว่าง (อยู่บนชั้น)
B490101014,B490101014-C05,มหาเวทย์ผนึกมาร (Jujutsu Kaisen) เล่ม 14,เล่มที่ 5,Gege Akutami,90.00,1,1,A-04,ว่าง (อยู่บนชั้น)
B490101015,B490101015-C01,มหาเวทย์ผนึกมาร (Jujutsu Kaisen) เล่ม 15,เล่มที่ 1,Gege Akutami,90.00,1,1,A-04,ว่าง (อยู่บนชั้น)
B490101015,B490101015-C02,มหาเวทย์ผนึกมาร (Jujutsu Kaisen) เล่ม 15,เล่มที่ 2,Gege Akutami,90.00,1,1,A-04,ว่าง (อยู่บนชั้น)
B490101015,B490101015-C03,มหาเวทย์ผนึกมาร (Jujutsu Kaisen) เล่ม 15,เล่มที่ 3,Gege Akutami,90.00,1,1,A-04,ว่าง (อยู่บนชั้น)
B490101015,B490101015-C04,มหาเวทย์ผนึกมาร (Jujutsu Kaisen) เล่ม 15,เล่มที่ 4,Gege Akutami,90.00,1,1,A-04,ว่าง (อยู่บนชั้น)
B490101015,B490101015-C05,มหาเวทย์ผนึกมาร (Jujutsu Kaisen) เล่ม 15,เล่มที่ 5,Gege Akutami,90.00,1,1,A-04,ว่าง (อยู่บนชั้น)
B490101016,B490101016-C01,มหาเวทย์ผนึกมาร (Jujutsu Kaisen) เล่ม 16,เล่มที่ 1,Gege Akutami,90.00,1,1,A-04,ว่าง (อยู่บนชั้น)
B490101016,B490101016-C02,มหาเวทย์ผนึกมาร (Jujutsu Kaisen) เล่ม 16,เล่มที่ 2,Gege Akutami,90.00,1,1,A-04,ว่าง (อยู่บนชั้น)
B490101016,B490101016-C03,มหาเวทย์ผนึกมาร (Jujutsu Kaisen) เล่ม 16,เล่มที่ 3,Gege Akutami,90.00,1,1,A-04,ว่าง (อยู่บนชั้น)
B490101016,B490101016-C04,มหาเวทย์ผนึกมาร (Jujutsu Kaisen) เล่ม 16,เล่มที่ 4,Gege Akutami,90.00,1,1,A-04,ว่าง (อยู่บนชั้น)
B490101016,B490101016-C05,มหาเวทย์ผนึกมาร (Jujutsu Kaisen) เล่ม 16,เล่มที่ 5,Gege Akutami,90.00,1,1,A-04,ว่าง (อยู่บนชั้น)
B490101017,B490101017-C01,มหาเวทย์ผนึกมาร (Jujutsu Kaisen) เล่ม 17,เล่มที่ 1,Gege Akutami,90.00,1,1,A-04,ว่าง (อยู่บนชั้น)
B490101017,B490101017-C02,มหาเวทย์ผนึกมาร (Jujutsu Kaisen) เล่ม 17,เล่มที่ 2,Gege Akutami,90.00,1,1,A-04,ว่าง (อยู่บนชั้น)
B490101017,B490101017-C03,มหาเวทย์ผนึกมาร (Jujutsu Kaisen) เล่ม 17,เล่มที่ 3,Gege Akutami,90.00,1,1,A-04,ว่าง (อยู่บนชั้น)
B490101017,B490101017-C04,มหาเวทย์ผนึกมาร (Jujutsu Kaisen) เล่ม 17,เล่มที่ 4,Gege Akutami,90.00,1,1,A-04,ว่าง (อยู่บนชั้น)
B490101017,B490101017-C05,มหาเวทย์ผนึกมาร (Jujutsu Kaisen) เล่ม 17,เล่มที่ 5,Gege Akutami,90.00,1,1,A-04,ว่าง (อยู่บนชั้น)
B490101018,B490101018-C01,มหาเวทย์ผนึกมาร (Jujutsu Kaisen) เล่ม 18,เล่มที่ 1,Gege Akutami,90.00,1,1,A-04,ว่าง (อยู่บนชั้น)
B490101018,B490101018-C02,มหาเวทย์ผนึกมาร (Jujutsu Kaisen) เล่ม 18,เล่มที่ 2,Gege Akutami,90.00,1,1,A-04,ว่าง (อยู่บนชั้น)
B490101018,B490101018-C03,มหาเวทย์ผนึกมาร (Jujutsu Kaisen) เล่ม 18,เล่มที่ 3,Gege Akutami,90.00,1,1,A-04,ว่าง (อยู่บนชั้น)
B490101018,B490101018-C04,มหาเวทย์ผนึกมาร (Jujutsu Kaisen) เล่ม 18,เล่มที่ 4,Gege Akutami,90.00,1,1,A-04,ว่าง (อยู่บนชั้น)
B490101018,B490101018-C05,มหาเวทย์ผนึกมาร (Jujutsu Kaisen) เล่ม 18,เล่มที่ 5,Gege Akutami,90.00,1,1,A-04,ว่าง (อยู่บนชั้น)
B490101019,B490101019-C01,มหาเวทย์ผนึกมาร (Jujutsu Kaisen) เล่ม 19,เล่มที่ 1,Gege Akutami,90.00,1,1,A-04,ว่าง (อยู่บนชั้น)
B490101019,B490101019-C02,มหาเวทย์ผนึกมาร (Jujutsu Kaisen) เล่ม 19,เล่มที่ 2,Gege Akutami,90.00,1,1,A-04,ว่าง (อยู่บนชั้น)
B490101019,B490101019-C03,มหาเวทย์ผนึกมาร (Jujutsu Kaisen) เล่ม 19,เล่มที่ 3,Gege Akutami,90.00,1,1,A-04,ว่าง (อยู่บนชั้น)
B490101019,B490101019-C04,มหาเวทย์ผนึกมาร (Jujutsu Kaisen) เล่ม 19,เล่มที่ 4,Gege Akutami,90.00,1,1,A-04,ว่าง (อยู่บนชั้น)
B490101019,B490101019-C05,มหาเวทย์ผนึกมาร (Jujutsu Kaisen) เล่ม 19,เล่มที่ 5,Gege Akutami,90.00,1,1,A-04,ว่าง (อยู่บนชั้น)
B490101020,B490101020-C01,มหาเวทย์ผนึกมาร (Jujutsu Kaisen) เล่ม 20,เล่มที่ 1,Gege Akutami,90.00,1,1,A-04,ว่าง (อยู่บนชั้น)
B490101020,B490101020-C02,มหาเวทย์ผนึกมาร (Jujutsu Kaisen) เล่ม 20,เล่มที่ 2,Gege Akutami,90.00,1,1,A-04,ว่าง (อยู่บนชั้น)
B490101020,B490101020-C03,มหาเวทย์ผนึกมาร (Jujutsu Kaisen) เล่ม 20,เล่มที่ 3,Gege Akutami,90.00,1,1,A-04,ว่าง (อยู่บนชั้น)
B490101020,B490101020-C04,มหาเวทย์ผนึกมาร (Jujutsu Kaisen) เล่ม 20,เล่มที่ 4,Gege Akutami,90.00,1,1,A-04,ว่าง (อยู่บนชั้น)
B490101020,B490101020-C05,มหาเวทย์ผนึกมาร (Jujutsu Kaisen) เล่ม 20,เล่มที่ 5,Gege Akutami,90.00,1,1,A-04,ว่าง (อยู่บนชั้น)
B490101021,B490101021-C01,มหาเวทย์ผนึกมาร (Jujutsu Kaisen) เล่ม 21,เล่มที่ 1,Gege Akutami,90.00,1,1,A-04,ว่าง (อยู่บนชั้น)
B490101021,B490101021-C02,มหาเวทย์ผนึกมาร (Jujutsu Kaisen) เล่ม 21,เล่มที่ 2,Gege Akutami,90.00,1,1,A-04,ว่าง (อยู่บนชั้น)
B490101021,B490101021-C03,มหาเวทย์ผนึกมาร (Jujutsu Kaisen) เล่ม 21,เล่มที่ 3,Gege Akutami,90.00,1,1,A-04,ว่าง (อยู่บนชั้น)
B490101021,B490101021-C04,มหาเวทย์ผนึกมาร (Jujutsu Kaisen) เล่ม 21,เล่มที่ 4,Gege Akutami,90.00,1,1,A-04,ว่าง (อยู่บนชั้น)
B490101021,B490101021-C05,มหาเวทย์ผนึกมาร (Jujutsu Kaisen) เล่ม 21,เล่มที่ 5,Gege Akutami,90.00,1,1,A-04,ว่าง (อยู่บนชั้น)
B490101022,B490101022-C01,มหาเวทย์ผนึกมาร (Jujutsu Kaisen) เล่ม 22,เล่มที่ 1,Gege Akutami,90.00,1,1,A-04,ว่าง (อยู่บนชั้น)
B490101022,B490101022-C02,มหาเวทย์ผนึกมาร (Jujutsu Kaisen) เล่ม 22,เล่มที่ 2,Gege Akutami,90.00,1,1,A-04,ว่าง (อยู่บนชั้น)
B490101022,B490101022-C03,มหาเวทย์ผนึกมาร (Jujutsu Kaisen) เล่ม 22,เล่มที่ 3,Gege Akutami,90.00,1,1,A-04,ว่าง (อยู่บนชั้น)
B490101022,B490101022-C04,มหาเวทย์ผนึกมาร (Jujutsu Kaisen) เล่ม 22,เล่มที่ 4,Gege Akutami,90.00,1,1,A-04,ว่าง (อยู่บนชั้น)
B490101022,B490101022-C05,มหาเวทย์ผนึกมาร (Jujutsu Kaisen) เล่ม 22,เล่มที่ 5,Gege Akutami,90.00,1,1,A-04,ว่าง (อยู่บนชั้น)
B490101023,B490101023-C01,มหาเวทย์ผนึกมาร (Jujutsu Kaisen) เล่ม 23,เล่มที่ 1,Gege Akutami,90.00,1,1,A-04,ว่าง (อยู่บนชั้น)
B490101023,B490101023-C02,มหาเวทย์ผนึกมาร (Jujutsu Kaisen) เล่ม 23,เล่มที่ 2,Gege Akutami,90.00,1,1,A-04,ว่าง (อยู่บนชั้น)
B490101023,B490101023-C03,มหาเวทย์ผนึกมาร (Jujutsu Kaisen) เล่ม 23,เล่มที่ 3,Gege Akutami,90.00,1,1,A-04,ว่าง (อยู่บนชั้น)
B490101023,B490101023-C04,มหาเวทย์ผนึกมาร (Jujutsu Kaisen) เล่ม 23,เล่มที่ 4,Gege Akutami,90.00,1,1,A-04,ว่าง (อยู่บนชั้น)
B490101023,B490101023-C05,มหาเวทย์ผนึกมาร (Jujutsu Kaisen) เล่ม 23,เล่มที่ 5,Gege Akutami,90.00,1,1,A-04,ว่าง (อยู่บนชั้น)
B490101024,B490101024-C01,มหาเวทย์ผนึกมาร (Jujutsu Kaisen) เล่ม 24,เล่มที่ 1,Gege Akutami,90.00,1,1,A-04,ว่าง (อยู่บนชั้น)
B490101024,B490101024-C02,มหาเวทย์ผนึกมาร (Jujutsu Kaisen) เล่ม 24,เล่มที่ 2,Gege Akutami,90.00,1,1,A-04,ว่าง (อยู่บนชั้น)
B490101024,B490101024-C03,มหาเวทย์ผนึกมาร (Jujutsu Kaisen) เล่ม 24,เล่มที่ 3,Gege Akutami,90.00,1,1,A-04,ว่าง (อยู่บนชั้น)
B490101024,B490101024-C04,มหาเวทย์ผนึกมาร (Jujutsu Kaisen) เล่ม 24,เล่มที่ 4,Gege Akutami,90.00,1,1,A-04,ว่าง (อยู่บนชั้น)
B490101024,B490101024-C05,มหาเวทย์ผนึกมาร (Jujutsu Kaisen) เล่ม 24,เล่มที่ 5,Gege Akutami,90.00,1,1,A-04,ว่าง (อยู่บนชั้น)
B490101025,B490101025-C01,มหาเวทย์ผนึกมาร (Jujutsu Kaisen) เล่ม 25,เล่มที่ 1,Gege Akutami,90.00,1,1,A-04,ว่าง (อยู่บนชั้น)
B490101025,B490101025-C02,มหาเวทย์ผนึกมาร (Jujutsu Kaisen) เล่ม 25,เล่มที่ 2,Gege Akutami,90.00,1,1,A-04,ว่าง (อยู่บนชั้น)
B490101025,B490101025-C03,มหาเวทย์ผนึกมาร (Jujutsu Kaisen) เล่ม 25,เล่มที่ 3,Gege Akutami,90.00,1,1,A-04,ว่าง (อยู่บนชั้น)
B490101025,B490101025-C04,มหาเวทย์ผนึกมาร (Jujutsu Kaisen) เล่ม 25,เล่มที่ 4,Gege Akutami,90.00,1,1,A-04,ว่าง (อยู่บนชั้น)
B490101025,B490101025-C05,มหาเวทย์ผนึกมาร (Jujutsu Kaisen) เล่ม 25,เล่มที่ 5,Gege Akutami,90.00,1,1,A-04,ว่าง (อยู่บนชั้น)
B490101026,B490101026-C01,มหาเวทย์ผนึกมาร (Jujutsu Kaisen) เล่ม 26,เล่มที่ 1,Gege Akutami,90.00,1,1,A-04,ว่าง (อยู่บนชั้น)
B490101026,B490101026-C02,มหาเวทย์ผนึกมาร (Jujutsu Kaisen) เล่ม 26,เล่มที่ 2,Gege Akutami,90.00,1,1,A-04,ว่าง (อยู่บนชั้น)
B490101026,B490101026-C03,มหาเวทย์ผนึกมาร (Jujutsu Kaisen) เล่ม 26,เล่มที่ 3,Gege Akutami,90.00,1,1,A-04,ว่าง (อยู่บนชั้น)
B490101026,B490101026-C04,มหาเวทย์ผนึกมาร (Jujutsu Kaisen) เล่ม 26,เล่มที่ 4,Gege Akutami,90.00,1,1,A-04,ว่าง (อยู่บนชั้น)
B490101026,B490101026-C05,มหาเวทย์ผนึกมาร (Jujutsu Kaisen) เล่ม 26,เล่มที่ 5,Gege Akutami,90.00,1,1,A-04,ว่าง (อยู่บนชั้น)
B490101027,B490101027-C01,มหาเวทย์ผนึกมาร (Jujutsu Kaisen) เล่ม 27,เล่มที่ 1,Gege Akutami,90.00,1,1,A-04,ว่าง (อยู่บนชั้น)
B490101027,B490101027-C02,มหาเวทย์ผนึกมาร (Jujutsu Kaisen) เล่ม 27,เล่มที่ 2,Gege Akutami,90.00,1,1,A-04,ว่าง (อยู่บนชั้น)
B490101027,B490101027-C03,มหาเวทย์ผนึกมาร (Jujutsu Kaisen) เล่ม 27,เล่มที่ 3,Gege Akutami,90.00,1,1,A-04,ว่าง (อยู่บนชั้น)
B490101027,B490101027-C04,มหาเวทย์ผนึกมาร (Jujutsu Kaisen) เล่ม 27,เล่มที่ 4,Gege Akutami,90.00,1,1,A-04,ว่าง (อยู่บนชั้น)
B490101027,B490101027-C05,มหาเวทย์ผนึกมาร (Jujutsu Kaisen) เล่ม 27,เล่มที่ 5,Gege Akutami,90.00,1,1,A-04,ว่าง (อยู่บนชั้น)
B490101028,B490101028-C01,มหาเวทย์ผนึกมาร (Jujutsu Kaisen) เล่ม 28,เล่มที่ 1,Gege Akutami,90.00,1,1,A-04,ว่าง (อยู่บนชั้น)
B490101028,B490101028-C02,มหาเวทย์ผนึกมาร (Jujutsu Kaisen) เล่ม 28,เล่มที่ 2,Gege Akutami,90.00,1,1,A-04,ว่าง (อยู่บนชั้น)
B490101028,B490101028-C03,มหาเวทย์ผนึกมาร (Jujutsu Kaisen) เล่ม 28,เล่มที่ 3,Gege Akutami,90.00,1,1,A-04,ว่าง (อยู่บนชั้น)
B490101028,B490101028-C04,มหาเวทย์ผนึกมาร (Jujutsu Kaisen) เล่ม 28,เล่มที่ 4,Gege Akutami,90.00,1,1,A-04,ว่าง (อยู่บนชั้น)
B490101028,B490101028-C05,มหาเวทย์ผนึกมาร (Jujutsu Kaisen) เล่ม 28,เล่มที่ 5,Gege Akutami,90.00,1,1,A-04,ว่าง (อยู่บนชั้น)
B500102001,B500102001-C01,โคนัน (Detective Conan) เล่ม 1,เล่มที่ 1,Gosho Aoyama,90.00,1,2,A-05,ว่าง (อยู่บนชั้น)
B500102001,B500102001-C02,โคนัน (Detective Conan) เล่ม 1,เล่มที่ 2,Gosho Aoyama,90.00,1,2,A-05,ว่าง (อยู่บนชั้น)
B500102001,B500102001-C03,โคนัน (Detective Conan) เล่ม 1,เล่มที่ 3,Gosho Aoyama,90.00,1,2,A-05,ว่าง (อยู่บนชั้น)
B500102001,B500102001-C04,โคนัน (Detective Conan) เล่ม 1,เล่มที่ 4,Gosho Aoyama,90.00,1,2,A-05,ว่าง (อยู่บนชั้น)
B500102001,B500102001-C05,โคนัน (Detective Conan) เล่ม 1,เล่มที่ 5,Gosho Aoyama,90.00,1,2,A-05,ว่าง (อยู่บนชั้น)
B500102002,B500102002-C01,โคนัน (Detective Conan) เล่ม 2,เล่มที่ 1,Gosho Aoyama,90.00,1,2,A-05,ว่าง (อยู่บนชั้น)
B500102002,B500102002-C02,โคนัน (Detective Conan) เล่ม 2,เล่มที่ 2,Gosho Aoyama,90.00,1,2,A-05,ว่าง (อยู่บนชั้น)
B500102002,B500102002-C03,โคนัน (Detective Conan) เล่ม 2,เล่มที่ 3,Gosho Aoyama,90.00,1,2,A-05,ว่าง (อยู่บนชั้น)
B500102002,B500102002-C04,โคนัน (Detective Conan) เล่ม 2,เล่มที่ 4,Gosho Aoyama,90.00,1,2,A-05,ว่าง (อยู่บนชั้น)
B500102002,B500102002-C05,โคนัน (Detective Conan) เล่ม 2,เล่มที่ 5,Gosho Aoyama,90.00,1,2,A-05,ว่าง (อยู่บนชั้น)
B500102003,B500102003-C01,โคนัน (Detective Conan) เล่ม 3,เล่มที่ 1,Gosho Aoyama,90.00,1,2,A-05,ว่าง (อยู่บนชั้น)
B500102003,B500102003-C02,โคนัน (Detective Conan) เล่ม 3,เล่มที่ 2,Gosho Aoyama,90.00,1,2,A-05,ว่าง (อยู่บนชั้น)
B500102003,B500102003-C03,โคนัน (Detective Conan) เล่ม 3,เล่มที่ 3,Gosho Aoyama,90.00,1,2,A-05,ว่าง (อยู่บนชั้น)
B500102003,B500102003-C04,โคนัน (Detective Conan) เล่ม 3,เล่มที่ 4,Gosho Aoyama,90.00,1,2,A-05,ว่าง (อยู่บนชั้น)
B500102003,B500102003-C05,โคนัน (Detective Conan) เล่ม 3,เล่มที่ 5,Gosho Aoyama,90.00,1,2,A-05,ว่าง (อยู่บนชั้น)
B500102004,B500102004-C01,โคนัน (Detective Conan) เล่ม 4,เล่มที่ 1,Gosho Aoyama,90.00,1,2,A-05,ว่าง (อยู่บนชั้น)
B500102004,B500102004-C02,โคนัน (Detective Conan) เล่ม 4,เล่มที่ 2,Gosho Aoyama,90.00,1,2,A-05,ว่าง (อยู่บนชั้น)
B500102004,B500102004-C03,โคนัน (Detective Conan) เล่ม 4,เล่มที่ 3,Gosho Aoyama,90.00,1,2,A-05,ว่าง (อยู่บนชั้น)
B500102004,B500102004-C04,โคนัน (Detective Conan) เล่ม 4,เล่มที่ 4,Gosho Aoyama,90.00,1,2,A-05,ว่าง (อยู่บนชั้น)
B500102004,B500102004-C05,โคนัน (Detective Conan) เล่ม 4,เล่มที่ 5,Gosho Aoyama,90.00,1,2,A-05,ว่าง (อยู่บนชั้น)
B500102005,B500102005-C01,โคนัน (Detective Conan) เล่ม 5,เล่มที่ 1,Gosho Aoyama,90.00,1,2,A-05,ว่าง (อยู่บนชั้น)
B500102005,B500102005-C02,โคนัน (Detective Conan) เล่ม 5,เล่มที่ 2,Gosho Aoyama,90.00,1,2,A-05,ว่าง (อยู่บนชั้น)
B500102005,B500102005-C03,โคนัน (Detective Conan) เล่ม 5,เล่มที่ 3,Gosho Aoyama,90.00,1,2,A-05,ว่าง (อยู่บนชั้น)
B500102005,B500102005-C04,โคนัน (Detective Conan) เล่ม 5,เล่มที่ 4,Gosho Aoyama,90.00,1,2,A-05,ว่าง (อยู่บนชั้น)
B500102005,B500102005-C05,โคนัน (Detective Conan) เล่ม 5,เล่มที่ 5,Gosho Aoyama,90.00,1,2,A-05,ว่าง (อยู่บนชั้น)
B500102006,B500102006-C01,โคนัน (Detective Conan) เล่ม 6,เล่มที่ 1,Gosho Aoyama,90.00,1,2,A-05,ว่าง (อยู่บนชั้น)
B500102006,B500102006-C02,โคนัน (Detective Conan) เล่ม 6,เล่มที่ 2,Gosho Aoyama,90.00,1,2,A-05,ว่าง (อยู่บนชั้น)
B500102006,B500102006-C03,โคนัน (Detective Conan) เล่ม 6,เล่มที่ 3,Gosho Aoyama,90.00,1,2,A-05,ว่าง (อยู่บนชั้น)
B500102006,B500102006-C04,โคนัน (Detective Conan) เล่ม 6,เล่มที่ 4,Gosho Aoyama,90.00,1,2,A-05,ว่าง (อยู่บนชั้น)
B500102006,B500102006-C05,โคนัน (Detective Conan) เล่ม 6,เล่มที่ 5,Gosho Aoyama,90.00,1,2,A-05,ว่าง (อยู่บนชั้น)
B500102007,B500102007-C01,โคนัน (Detective Conan) เล่ม 7,เล่มที่ 1,Gosho Aoyama,90.00,1,2,A-05,ว่าง (อยู่บนชั้น)
B500102007,B500102007-C02,โคนัน (Detective Conan) เล่ม 7,เล่มที่ 2,Gosho Aoyama,90.00,1,2,A-05,ว่าง (อยู่บนชั้น)
B500102007,B500102007-C03,โคนัน (Detective Conan) เล่ม 7,เล่มที่ 3,Gosho Aoyama,90.00,1,2,A-05,ว่าง (อยู่บนชั้น)
B500102007,B500102007-C04,โคนัน (Detective Conan) เล่ม 7,เล่มที่ 4,Gosho Aoyama,90.00,1,2,A-05,ว่าง (อยู่บนชั้น)
B500102007,B500102007-C05,โคนัน (Detective Conan) เล่ม 7,เล่มที่ 5,Gosho Aoyama,90.00,1,2,A-05,ว่าง (อยู่บนชั้น)
B500102008,B500102008-C01,โคนัน (Detective Conan) เล่ม 8,เล่มที่ 1,Gosho Aoyama,90.00,1,2,A-05,ว่าง (อยู่บนชั้น)
B500102008,B500102008-C02,โคนัน (Detective Conan) เล่ม 8,เล่มที่ 2,Gosho Aoyama,90.00,1,2,A-05,ว่าง (อยู่บนชั้น)
B500102008,B500102008-C03,โคนัน (Detective Conan) เล่ม 8,เล่มที่ 3,Gosho Aoyama,90.00,1,2,A-05,ว่าง (อยู่บนชั้น)
B500102008,B500102008-C04,โคนัน (Detective Conan) เล่ม 8,เล่มที่ 4,Gosho Aoyama,90.00,1,2,A-05,ว่าง (อยู่บนชั้น)
B500102008,B500102008-C05,โคนัน (Detective Conan) เล่ม 8,เล่มที่ 5,Gosho Aoyama,90.00,1,2,A-05,ว่าง (อยู่บนชั้น)
B500102009,B500102009-C01,โคนัน (Detective Conan) เล่ม 9,เล่มที่ 1,Gosho Aoyama,90.00,1,2,A-05,ว่าง (อยู่บนชั้น)
B500102009,B500102009-C02,โคนัน (Detective Conan) เล่ม 9,เล่มที่ 2,Gosho Aoyama,90.00,1,2,A-05,ว่าง (อยู่บนชั้น)
B500102009,B500102009-C03,โคนัน (Detective Conan) เล่ม 9,เล่มที่ 3,Gosho Aoyama,90.00,1,2,A-05,ว่าง (อยู่บนชั้น)
B500102009,B500102009-C04,โคนัน (Detective Conan) เล่ม 9,เล่มที่ 4,Gosho Aoyama,90.00,1,2,A-05,ว่าง (อยู่บนชั้น)
B500102009,B500102009-C05,โคนัน (Detective Conan) เล่ม 9,เล่มที่ 5,Gosho Aoyama,90.00,1,2,A-05,ว่าง (อยู่บนชั้น)
B500102010,B500102010-C01,โคนัน (Detective Conan) เล่ม 10,เล่มที่ 1,Gosho Aoyama,90.00,1,2,A-05,ว่าง (อยู่บนชั้น)
B500102010,B500102010-C02,โคนัน (Detective Conan) เล่ม 10,เล่มที่ 2,Gosho Aoyama,90.00,1,2,A-05,ว่าง (อยู่บนชั้น)
B500102010,B500102010-C03,โคนัน (Detective Conan) เล่ม 10,เล่มที่ 3,Gosho Aoyama,90.00,1,2,A-05,ว่าง (อยู่บนชั้น)
B500102010,B500102010-C04,โคนัน (Detective Conan) เล่ม 10,เล่มที่ 4,Gosho Aoyama,90.00,1,2,A-05,ว่าง (อยู่บนชั้น)
B500102010,B500102010-C05,โคนัน (Detective Conan) เล่ม 10,เล่มที่ 5,Gosho Aoyama,90.00,1,2,A-05,ว่าง (อยู่บนชั้น)
B500102011,B500102011-C01,โคนัน (Detective Conan) เล่ม 11,เล่มที่ 1,Gosho Aoyama,90.00,1,2,A-05,ว่าง (อยู่บนชั้น)
B500102011,B500102011-C02,โคนัน (Detective Conan) เล่ม 11,เล่มที่ 2,Gosho Aoyama,90.00,1,2,A-05,ว่าง (อยู่บนชั้น)
B500102011,B500102011-C03,โคนัน (Detective Conan) เล่ม 11,เล่มที่ 3,Gosho Aoyama,90.00,1,2,A-05,ว่าง (อยู่บนชั้น)
B500102011,B500102011-C04,โคนัน (Detective Conan) เล่ม 11,เล่มที่ 4,Gosho Aoyama,90.00,1,2,A-05,ว่าง (อยู่บนชั้น)
B500102011,B500102011-C05,โคนัน (Detective Conan) เล่ม 11,เล่มที่ 5,Gosho Aoyama,90.00,1,2,A-05,ว่าง (อยู่บนชั้น)
B500102012,B500102012-C01,โคนัน (Detective Conan) เล่ม 12,เล่มที่ 1,Gosho Aoyama,90.00,1,2,A-05,ว่าง (อยู่บนชั้น)
B500102012,B500102012-C02,โคนัน (Detective Conan) เล่ม 12,เล่มที่ 2,Gosho Aoyama,90.00,1,2,A-05,ว่าง (อยู่บนชั้น)
B500102012,B500102012-C03,โคนัน (Detective Conan) เล่ม 12,เล่มที่ 3,Gosho Aoyama,90.00,1,2,A-05,ว่าง (อยู่บนชั้น)
B500102012,B500102012-C04,โคนัน (Detective Conan) เล่ม 12,เล่มที่ 4,Gosho Aoyama,90.00,1,2,A-05,ว่าง (อยู่บนชั้น)
B500102012,B500102012-C05,โคนัน (Detective Conan) เล่ม 12,เล่มที่ 5,Gosho Aoyama,90.00,1,2,A-05,ว่าง (อยู่บนชั้น)
B500102013,B500102013-C01,โคนัน (Detective Conan) เล่ม 13,เล่มที่ 1,Gosho Aoyama,90.00,1,2,A-05,ว่าง (อยู่บนชั้น)
B500102013,B500102013-C02,โคนัน (Detective Conan) เล่ม 13,เล่มที่ 2,Gosho Aoyama,90.00,1,2,A-05,ว่าง (อยู่บนชั้น)
B500102013,B500102013-C03,โคนัน (Detective Conan) เล่ม 13,เล่มที่ 3,Gosho Aoyama,90.00,1,2,A-05,ว่าง (อยู่บนชั้น)
B500102013,B500102013-C04,โคนัน (Detective Conan) เล่ม 13,เล่มที่ 4,Gosho Aoyama,90.00,1,2,A-05,ว่าง (อยู่บนชั้น)
B500102013,B500102013-C05,โคนัน (Detective Conan) เล่ม 13,เล่มที่ 5,Gosho Aoyama,90.00,1,2,A-05,ว่าง (อยู่บนชั้น)
B500102014,B500102014-C01,โคนัน (Detective Conan) เล่ม 14,เล่มที่ 1,Gosho Aoyama,90.00,1,2,A-05,ว่าง (อยู่บนชั้น)
B500102014,B500102014-C02,โคนัน (Detective Conan) เล่ม 14,เล่มที่ 2,Gosho Aoyama,90.00,1,2,A-05,ว่าง (อยู่บนชั้น)
B500102014,B500102014-C03,โคนัน (Detective Conan) เล่ม 14,เล่มที่ 3,Gosho Aoyama,90.00,1,2,A-05,ว่าง (อยู่บนชั้น)
B500102014,B500102014-C04,โคนัน (Detective Conan) เล่ม 14,เล่มที่ 4,Gosho Aoyama,90.00,1,2,A-05,ว่าง (อยู่บนชั้น)
B500102014,B500102014-C05,โคนัน (Detective Conan) เล่ม 14,เล่มที่ 5,Gosho Aoyama,90.00,1,2,A-05,ว่าง (อยู่บนชั้น)
B500102015,B500102015-C01,โคนัน (Detective Conan) เล่ม 15,เล่มที่ 1,Gosho Aoyama,90.00,1,2,A-05,ว่าง (อยู่บนชั้น)
B500102015,B500102015-C02,โคนัน (Detective Conan) เล่ม 15,เล่มที่ 2,Gosho Aoyama,90.00,1,2,A-05,ว่าง (อยู่บนชั้น)
B500102015,B500102015-C03,โคนัน (Detective Conan) เล่ม 15,เล่มที่ 3,Gosho Aoyama,90.00,1,2,A-05,ว่าง (อยู่บนชั้น)
B500102015,B500102015-C04,โคนัน (Detective Conan) เล่ม 15,เล่มที่ 4,Gosho Aoyama,90.00,1,2,A-05,ว่าง (อยู่บนชั้น)
B500102015,B500102015-C05,โคนัน (Detective Conan) เล่ม 15,เล่มที่ 5,Gosho Aoyama,90.00,1,2,A-05,ว่าง (อยู่บนชั้น)
B500102016,B500102016-C01,โคนัน (Detective Conan) เล่ม 16,เล่มที่ 1,Gosho Aoyama,90.00,1,2,A-05,ว่าง (อยู่บนชั้น)
B500102016,B500102016-C02,โคนัน (Detective Conan) เล่ม 16,เล่มที่ 2,Gosho Aoyama,90.00,1,2,A-05,ว่าง (อยู่บนชั้น)
B500102016,B500102016-C03,โคนัน (Detective Conan) เล่ม 16,เล่มที่ 3,Gosho Aoyama,90.00,1,2,A-05,ว่าง (อยู่บนชั้น)
B500102016,B500102016-C04,โคนัน (Detective Conan) เล่ม 16,เล่มที่ 4,Gosho Aoyama,90.00,1,2,A-05,ว่าง (อยู่บนชั้น)
B500102016,B500102016-C05,โคนัน (Detective Conan) เล่ม 16,เล่มที่ 5,Gosho Aoyama,90.00,1,2,A-05,ว่าง (อยู่บนชั้น)
B500102017,B500102017-C01,โคนัน (Detective Conan) เล่ม 17,เล่มที่ 1,Gosho Aoyama,90.00,1,2,A-05,ว่าง (อยู่บนชั้น)
B500102017,B500102017-C02,โคนัน (Detective Conan) เล่ม 17,เล่มที่ 2,Gosho Aoyama,90.00,1,2,A-05,ว่าง (อยู่บนชั้น)
B500102017,B500102017-C03,โคนัน (Detective Conan) เล่ม 17,เล่มที่ 3,Gosho Aoyama,90.00,1,2,A-05,ว่าง (อยู่บนชั้น)
B500102017,B500102017-C04,โคนัน (Detective Conan) เล่ม 17,เล่มที่ 4,Gosho Aoyama,90.00,1,2,A-05,ว่าง (อยู่บนชั้น)
B500102017,B500102017-C05,โคนัน (Detective Conan) เล่ม 17,เล่มที่ 5,Gosho Aoyama,90.00,1,2,A-05,ว่าง (อยู่บนชั้น)
B500102018,B500102018-C01,โคนัน (Detective Conan) เล่ม 18,เล่มที่ 1,Gosho Aoyama,90.00,1,2,A-05,ว่าง (อยู่บนชั้น)
B500102018,B500102018-C02,โคนัน (Detective Conan) เล่ม 18,เล่มที่ 2,Gosho Aoyama,90.00,1,2,A-05,ว่าง (อยู่บนชั้น)
B500102018,B500102018-C03,โคนัน (Detective Conan) เล่ม 18,เล่มที่ 3,Gosho Aoyama,90.00,1,2,A-05,ว่าง (อยู่บนชั้น)
B500102018,B500102018-C04,โคนัน (Detective Conan) เล่ม 18,เล่มที่ 4,Gosho Aoyama,90.00,1,2,A-05,ว่าง (อยู่บนชั้น)
B500102018,B500102018-C05,โคนัน (Detective Conan) เล่ม 18,เล่มที่ 5,Gosho Aoyama,90.00,1,2,A-05,ว่าง (อยู่บนชั้น)
B500102019,B500102019-C01,โคนัน (Detective Conan) เล่ม 19,เล่มที่ 1,Gosho Aoyama,90.00,1,2,A-05,ว่าง (อยู่บนชั้น)
B500102019,B500102019-C02,โคนัน (Detective Conan) เล่ม 19,เล่มที่ 2,Gosho Aoyama,90.00,1,2,A-05,ว่าง (อยู่บนชั้น)
B500102019,B500102019-C03,โคนัน (Detective Conan) เล่ม 19,เล่มที่ 3,Gosho Aoyama,90.00,1,2,A-05,ว่าง (อยู่บนชั้น)
B500102019,B500102019-C04,โคนัน (Detective Conan) เล่ม 19,เล่มที่ 4,Gosho Aoyama,90.00,1,2,A-05,ว่าง (อยู่บนชั้น)
B500102019,B500102019-C05,โคนัน (Detective Conan) เล่ม 19,เล่มที่ 5,Gosho Aoyama,90.00,1,2,A-05,ว่าง (อยู่บนชั้น)
B500102020,B500102020-C01,โคนัน (Detective Conan) เล่ม 20,เล่มที่ 1,Gosho Aoyama,90.00,1,2,A-05,ว่าง (อยู่บนชั้น)
B500102020,B500102020-C02,โคนัน (Detective Conan) เล่ม 20,เล่มที่ 2,Gosho Aoyama,90.00,1,2,A-05,ว่าง (อยู่บนชั้น)
B500102020,B500102020-C03,โคนัน (Detective Conan) เล่ม 20,เล่มที่ 3,Gosho Aoyama,90.00,1,2,A-05,ว่าง (อยู่บนชั้น)
B500102020,B500102020-C04,โคนัน (Detective Conan) เล่ม 20,เล่มที่ 4,Gosho Aoyama,90.00,1,2,A-05,ว่าง (อยู่บนชั้น)
B500102020,B500102020-C05,โคนัน (Detective Conan) เล่ม 20,เล่มที่ 5,Gosho Aoyama,90.00,1,2,A-05,ว่าง (อยู่บนชั้น)
B500102021,B500102021-C01,โคนัน (Detective Conan) เล่ม 21,เล่มที่ 1,Gosho Aoyama,90.00,1,2,A-05,ว่าง (อยู่บนชั้น)
B500102021,B500102021-C02,โคนัน (Detective Conan) เล่ม 21,เล่มที่ 2,Gosho Aoyama,90.00,1,2,A-05,ว่าง (อยู่บนชั้น)
B500102021,B500102021-C03,โคนัน (Detective Conan) เล่ม 21,เล่มที่ 3,Gosho Aoyama,90.00,1,2,A-05,ว่าง (อยู่บนชั้น)
B500102021,B500102021-C04,โคนัน (Detective Conan) เล่ม 21,เล่มที่ 4,Gosho Aoyama,90.00,1,2,A-05,ว่าง (อยู่บนชั้น)
B500102021,B500102021-C05,โคนัน (Detective Conan) เล่ม 21,เล่มที่ 5,Gosho Aoyama,90.00,1,2,A-05,ว่าง (อยู่บนชั้น)
B500102022,B500102022-C01,โคนัน (Detective Conan) เล่ม 22,เล่มที่ 1,Gosho Aoyama,90.00,1,2,A-05,ว่าง (อยู่บนชั้น)
B500102022,B500102022-C02,โคนัน (Detective Conan) เล่ม 22,เล่มที่ 2,Gosho Aoyama,90.00,1,2,A-05,ว่าง (อยู่บนชั้น)
B500102022,B500102022-C03,โคนัน (Detective Conan) เล่ม 22,เล่มที่ 3,Gosho Aoyama,90.00,1,2,A-05,ว่าง (อยู่บนชั้น)
B500102022,B500102022-C04,โคนัน (Detective Conan) เล่ม 22,เล่มที่ 4,Gosho Aoyama,90.00,1,2,A-05,ว่าง (อยู่บนชั้น)
B500102022,B500102022-C05,โคนัน (Detective Conan) เล่ม 22,เล่มที่ 5,Gosho Aoyama,90.00,1,2,A-05,ว่าง (อยู่บนชั้น)
B500102023,B500102023-C01,โคนัน (Detective Conan) เล่ม 23,เล่มที่ 1,Gosho Aoyama,90.00,1,2,A-05,ว่าง (อยู่บนชั้น)
B500102023,B500102023-C02,โคนัน (Detective Conan) เล่ม 23,เล่มที่ 2,Gosho Aoyama,90.00,1,2,A-05,ว่าง (อยู่บนชั้น)
B500102023,B500102023-C03,โคนัน (Detective Conan) เล่ม 23,เล่มที่ 3,Gosho Aoyama,90.00,1,2,A-05,ว่าง (อยู่บนชั้น)
B500102023,B500102023-C04,โคนัน (Detective Conan) เล่ม 23,เล่มที่ 4,Gosho Aoyama,90.00,1,2,A-05,ว่าง (อยู่บนชั้น)
B500102023,B500102023-C05,โคนัน (Detective Conan) เล่ม 23,เล่มที่ 5,Gosho Aoyama,90.00,1,2,A-05,ว่าง (อยู่บนชั้น)
B500102024,B500102024-C01,โคนัน (Detective Conan) เล่ม 24,เล่มที่ 1,Gosho Aoyama,90.00,1,2,A-05,ว่าง (อยู่บนชั้น)
B500102024,B500102024-C02,โคนัน (Detective Conan) เล่ม 24,เล่มที่ 2,Gosho Aoyama,90.00,1,2,A-05,ว่าง (อยู่บนชั้น)
B500102024,B500102024-C03,โคนัน (Detective Conan) เล่ม 24,เล่มที่ 3,Gosho Aoyama,90.00,1,2,A-05,ว่าง (อยู่บนชั้น)
B500102024,B500102024-C04,โคนัน (Detective Conan) เล่ม 24,เล่มที่ 4,Gosho Aoyama,90.00,1,2,A-05,ว่าง (อยู่บนชั้น)
B500102024,B500102024-C05,โคนัน (Detective Conan) เล่ม 24,เล่มที่ 5,Gosho Aoyama,90.00,1,2,A-05,ว่าง (อยู่บนชั้น)
B500102025,B500102025-C01,โคนัน (Detective Conan) เล่ม 25,เล่มที่ 1,Gosho Aoyama,90.00,1,2,A-05,ว่าง (อยู่บนชั้น)
B500102025,B500102025-C02,โคนัน (Detective Conan) เล่ม 25,เล่มที่ 2,Gosho Aoyama,90.00,1,2,A-05,ว่าง (อยู่บนชั้น)
B500102025,B500102025-C03,โคนัน (Detective Conan) เล่ม 25,เล่มที่ 3,Gosho Aoyama,90.00,1,2,A-05,ว่าง (อยู่บนชั้น)
B500102025,B500102025-C04,โคนัน (Detective Conan) เล่ม 25,เล่มที่ 4,Gosho Aoyama,90.00,1,2,A-05,ว่าง (อยู่บนชั้น)
B500102025,B500102025-C05,โคนัน (Detective Conan) เล่ม 25,เล่มที่ 5,Gosho Aoyama,90.00,1,2,A-05,ว่าง (อยู่บนชั้น)
B500102026,B500102026-C01,โคนัน (Detective Conan) เล่ม 26,เล่มที่ 1,Gosho Aoyama,90.00,1,2,A-05,ว่าง (อยู่บนชั้น)
B500102026,B500102026-C02,โคนัน (Detective Conan) เล่ม 26,เล่มที่ 2,Gosho Aoyama,90.00,1,2,A-05,ว่าง (อยู่บนชั้น)
B500102026,B500102026-C03,โคนัน (Detective Conan) เล่ม 26,เล่มที่ 3,Gosho Aoyama,90.00,1,2,A-05,ว่าง (อยู่บนชั้น)
B500102026,B500102026-C04,โคนัน (Detective Conan) เล่ม 26,เล่มที่ 4,Gosho Aoyama,90.00,1,2,A-05,ว่าง (อยู่บนชั้น)
B500102026,B500102026-C05,โคนัน (Detective Conan) เล่ม 26,เล่มที่ 5,Gosho Aoyama,90.00,1,2,A-05,ว่าง (อยู่บนชั้น)
B500102027,B500102027-C01,โคนัน (Detective Conan) เล่ม 27,เล่มที่ 1,Gosho Aoyama,90.00,1,2,A-05,ว่าง (อยู่บนชั้น)
B500102027,B500102027-C02,โคนัน (Detective Conan) เล่ม 27,เล่มที่ 2,Gosho Aoyama,90.00,1,2,A-05,ว่าง (อยู่บนชั้น)
B500102027,B500102027-C03,โคนัน (Detective Conan) เล่ม 27,เล่มที่ 3,Gosho Aoyama,90.00,1,2,A-05,ว่าง (อยู่บนชั้น)
B500102027,B500102027-C04,โคนัน (Detective Conan) เล่ม 27,เล่มที่ 4,Gosho Aoyama,90.00,1,2,A-05,ว่าง (อยู่บนชั้น)
B500102027,B500102027-C05,โคนัน (Detective Conan) เล่ม 27,เล่มที่ 5,Gosho Aoyama,90.00,1,2,A-05,ว่าง (อยู่บนชั้น)
B500102028,B500102028-C01,โคนัน (Detective Conan) เล่ม 28,เล่มที่ 1,Gosho Aoyama,90.00,1,2,A-05,ว่าง (อยู่บนชั้น)
B500102028,B500102028-C02,โคนัน (Detective Conan) เล่ม 28,เล่มที่ 2,Gosho Aoyama,90.00,1,2,A-05,ว่าง (อยู่บนชั้น)
B500102028,B500102028-C03,โคนัน (Detective Conan) เล่ม 28,เล่มที่ 3,Gosho Aoyama,90.00,1,2,A-05,ว่าง (อยู่บนชั้น)
B500102028,B500102028-C04,โคนัน (Detective Conan) เล่ม 28,เล่มที่ 4,Gosho Aoyama,90.00,1,2,A-05,ว่าง (อยู่บนชั้น)
B500102028,B500102028-C05,โคนัน (Detective Conan) เล่ม 28,เล่มที่ 5,Gosho Aoyama,90.00,1,2,A-05,ว่าง (อยู่บนชั้น)
B500102029,B500102029-C01,โคนัน (Detective Conan) เล่ม 29,เล่มที่ 1,Gosho Aoyama,90.00,1,2,A-05,ว่าง (อยู่บนชั้น)
B500102029,B500102029-C02,โคนัน (Detective Conan) เล่ม 29,เล่มที่ 2,Gosho Aoyama,90.00,1,2,A-05,ว่าง (อยู่บนชั้น)
B500102029,B500102029-C03,โคนัน (Detective Conan) เล่ม 29,เล่มที่ 3,Gosho Aoyama,90.00,1,2,A-05,ว่าง (อยู่บนชั้น)
B500102029,B500102029-C04,โคนัน (Detective Conan) เล่ม 29,เล่มที่ 4,Gosho Aoyama,90.00,1,2,A-05,ว่าง (อยู่บนชั้น)
B500102029,B500102029-C05,โคนัน (Detective Conan) เล่ม 29,เล่มที่ 5,Gosho Aoyama,90.00,1,2,A-05,ว่าง (อยู่บนชั้น)
B500102030,B500102030-C01,โคนัน (Detective Conan) เล่ม 30,เล่มที่ 1,Gosho Aoyama,90.00,1,2,A-05,ว่าง (อยู่บนชั้น)
B500102030,B500102030-C02,โคนัน (Detective Conan) เล่ม 30,เล่มที่ 2,Gosho Aoyama,90.00,1,2,A-05,ว่าง (อยู่บนชั้น)
B500102030,B500102030-C03,โคนัน (Detective Conan) เล่ม 30,เล่มที่ 3,Gosho Aoyama,90.00,1,2,A-05,ว่าง (อยู่บนชั้น)
B500102030,B500102030-C04,โคนัน (Detective Conan) เล่ม 30,เล่มที่ 4,Gosho Aoyama,90.00,1,2,A-05,ว่าง (อยู่บนชั้น)
B500102030,B500102030-C05,โคนัน (Detective Conan) เล่ม 30,เล่มที่ 5,Gosho Aoyama,90.00,1,2,A-05,ว่าง (อยู่บนชั้น)
B500102031,B500102031-C01,โคนัน (Detective Conan) เล่ม 31,เล่มที่ 1,Gosho Aoyama,90.00,1,2,A-05,ว่าง (อยู่บนชั้น)
B500102031,B500102031-C02,โคนัน (Detective Conan) เล่ม 31,เล่มที่ 2,Gosho Aoyama,90.00,1,2,A-05,ว่าง (อยู่บนชั้น)
B500102031,B500102031-C03,โคนัน (Detective Conan) เล่ม 31,เล่มที่ 3,Gosho Aoyama,90.00,1,2,A-05,ว่าง (อยู่บนชั้น)
B500102031,B500102031-C04,โคนัน (Detective Conan) เล่ม 31,เล่มที่ 4,Gosho Aoyama,90.00,1,2,A-05,ว่าง (อยู่บนชั้น)
B500102031,B500102031-C05,โคนัน (Detective Conan) เล่ม 31,เล่มที่ 5,Gosho Aoyama,90.00,1,2,A-05,ว่าง (อยู่บนชั้น)
B500102032,B500102032-C01,โคนัน (Detective Conan) เล่ม 32,เล่มที่ 1,Gosho Aoyama,90.00,1,2,A-05,ว่าง (อยู่บนชั้น)
B500102032,B500102032-C02,โคนัน (Detective Conan) เล่ม 32,เล่มที่ 2,Gosho Aoyama,90.00,1,2,A-05,ว่าง (อยู่บนชั้น)
B500102032,B500102032-C03,โคนัน (Detective Conan) เล่ม 32,เล่มที่ 3,Gosho Aoyama,90.00,1,2,A-05,ว่าง (อยู่บนชั้น)
B500102032,B500102032-C04,โคนัน (Detective Conan) เล่ม 32,เล่มที่ 4,Gosho Aoyama,90.00,1,2,A-05,ว่าง (อยู่บนชั้น)
B500102032,B500102032-C05,โคนัน (Detective Conan) เล่ม 32,เล่มที่ 5,Gosho Aoyama,90.00,1,2,A-05,ว่าง (อยู่บนชั้น)
B500102033,B500102033-C01,โคนัน (Detective Conan) เล่ม 33,เล่มที่ 1,Gosho Aoyama,90.00,1,2,A-05,ว่าง (อยู่บนชั้น)
B500102033,B500102033-C02,โคนัน (Detective Conan) เล่ม 33,เล่มที่ 2,Gosho Aoyama,90.00,1,2,A-05,ว่าง (อยู่บนชั้น)
B500102033,B500102033-C03,โคนัน (Detective Conan) เล่ม 33,เล่มที่ 3,Gosho Aoyama,90.00,1,2,A-05,ว่าง (อยู่บนชั้น)
B500102033,B500102033-C04,โคนัน (Detective Conan) เล่ม 33,เล่มที่ 4,Gosho Aoyama,90.00,1,2,A-05,ว่าง (อยู่บนชั้น)
B500102033,B500102033-C05,โคนัน (Detective Conan) เล่ม 33,เล่มที่ 5,Gosho Aoyama,90.00,1,2,A-05,ว่าง (อยู่บนชั้น)
B500102034,B500102034-C01,โคนัน (Detective Conan) เล่ม 34,เล่มที่ 1,Gosho Aoyama,90.00,1,2,A-05,ว่าง (อยู่บนชั้น)
B500102034,B500102034-C02,โคนัน (Detective Conan) เล่ม 34,เล่มที่ 2,Gosho Aoyama,90.00,1,2,A-05,ว่าง (อยู่บนชั้น)
B500102034,B500102034-C03,โคนัน (Detective Conan) เล่ม 34,เล่มที่ 3,Gosho Aoyama,90.00,1,2,A-05,ว่าง (อยู่บนชั้น)
B500102034,B500102034-C04,โคนัน (Detective Conan) เล่ม 34,เล่มที่ 4,Gosho Aoyama,90.00,1,2,A-05,ว่าง (อยู่บนชั้น)
B500102034,B500102034-C05,โคนัน (Detective Conan) เล่ม 34,เล่มที่ 5,Gosho Aoyama,90.00,1,2,A-05,ว่าง (อยู่บนชั้น)
B500102035,B500102035-C01,โคนัน (Detective Conan) เล่ม 35,เล่มที่ 1,Gosho Aoyama,90.00,1,2,A-05,ว่าง (อยู่บนชั้น)
B500102035,B500102035-C02,โคนัน (Detective Conan) เล่ม 35,เล่มที่ 2,Gosho Aoyama,90.00,1,2,A-05,ว่าง (อยู่บนชั้น)
B500102035,B500102035-C03,โคนัน (Detective Conan) เล่ม 35,เล่มที่ 3,Gosho Aoyama,90.00,1,2,A-05,ว่าง (อยู่บนชั้น)
B500102035,B500102035-C04,โคนัน (Detective Conan) เล่ม 35,เล่มที่ 4,Gosho Aoyama,90.00,1,2,A-05,ว่าง (อยู่บนชั้น)
B500102035,B500102035-C05,โคนัน (Detective Conan) เล่ม 35,เล่มที่ 5,Gosho Aoyama,90.00,1,2,A-05,ว่าง (อยู่บนชั้น)
B500102036,B500102036-C01,โคนัน (Detective Conan) เล่ม 36,เล่มที่ 1,Gosho Aoyama,90.00,1,2,A-05,ว่าง (อยู่บนชั้น)
B500102036,B500102036-C02,โคนัน (Detective Conan) เล่ม 36,เล่มที่ 2,Gosho Aoyama,90.00,1,2,A-05,ว่าง (อยู่บนชั้น)
B500102036,B500102036-C03,โคนัน (Detective Conan) เล่ม 36,เล่มที่ 3,Gosho Aoyama,90.00,1,2,A-05,ว่าง (อยู่บนชั้น)
B500102036,B500102036-C04,โคนัน (Detective Conan) เล่ม 36,เล่มที่ 4,Gosho Aoyama,90.00,1,2,A-05,ว่าง (อยู่บนชั้น)
B500102036,B500102036-C05,โคนัน (Detective Conan) เล่ม 36,เล่มที่ 5,Gosho Aoyama,90.00,1,2,A-05,ว่าง (อยู่บนชั้น)
B500102037,B500102037-C01,โคนัน (Detective Conan) เล่ม 37,เล่มที่ 1,Gosho Aoyama,90.00,1,2,A-05,ว่าง (อยู่บนชั้น)
B500102037,B500102037-C02,โคนัน (Detective Conan) เล่ม 37,เล่มที่ 2,Gosho Aoyama,90.00,1,2,A-05,ว่าง (อยู่บนชั้น)
B500102037,B500102037-C03,โคนัน (Detective Conan) เล่ม 37,เล่มที่ 3,Gosho Aoyama,90.00,1,2,A-05,ว่าง (อยู่บนชั้น)
B500102037,B500102037-C04,โคนัน (Detective Conan) เล่ม 37,เล่มที่ 4,Gosho Aoyama,90.00,1,2,A-05,ว่าง (อยู่บนชั้น)
B500102037,B500102037-C05,โคนัน (Detective Conan) เล่ม 37,เล่มที่ 5,Gosho Aoyama,90.00,1,2,A-05,ว่าง (อยู่บนชั้น)
B500102038,B500102038-C01,โคนัน (Detective Conan) เล่ม 38,เล่มที่ 1,Gosho Aoyama,90.00,1,2,A-05,ว่าง (อยู่บนชั้น)
B500102038,B500102038-C02,โคนัน (Detective Conan) เล่ม 38,เล่มที่ 2,Gosho Aoyama,90.00,1,2,A-05,ว่าง (อยู่บนชั้น)
B500102038,B500102038-C03,โคนัน (Detective Conan) เล่ม 38,เล่มที่ 3,Gosho Aoyama,90.00,1,2,A-05,ว่าง (อยู่บนชั้น)
B500102038,B500102038-C04,โคนัน (Detective Conan) เล่ม 38,เล่มที่ 4,Gosho Aoyama,90.00,1,2,A-05,ว่าง (อยู่บนชั้น)
B500102038,B500102038-C05,โคนัน (Detective Conan) เล่ม 38,เล่มที่ 5,Gosho Aoyama,90.00,1,2,A-05,ว่าง (อยู่บนชั้น)
B500102039,B500102039-C01,โคนัน (Detective Conan) เล่ม 39,เล่มที่ 1,Gosho Aoyama,90.00,1,2,A-05,ว่าง (อยู่บนชั้น)
B500102039,B500102039-C02,โคนัน (Detective Conan) เล่ม 39,เล่มที่ 2,Gosho Aoyama,90.00,1,2,A-05,ว่าง (อยู่บนชั้น)
B500102039,B500102039-C03,โคนัน (Detective Conan) เล่ม 39,เล่มที่ 3,Gosho Aoyama,90.00,1,2,A-05,ว่าง (อยู่บนชั้น)
B500102039,B500102039-C04,โคนัน (Detective Conan) เล่ม 39,เล่มที่ 4,Gosho Aoyama,90.00,1,2,A-05,ว่าง (อยู่บนชั้น)
B500102039,B500102039-C05,โคนัน (Detective Conan) เล่ม 39,เล่มที่ 5,Gosho Aoyama,90.00,1,2,A-05,ว่าง (อยู่บนชั้น)
B500102040,B500102040-C01,โคนัน (Detective Conan) เล่ม 40,เล่มที่ 1,Gosho Aoyama,90.00,1,2,A-05,ว่าง (อยู่บนชั้น)
B500102040,B500102040-C02,โคนัน (Detective Conan) เล่ม 40,เล่มที่ 2,Gosho Aoyama,90.00,1,2,A-05,ว่าง (อยู่บนชั้น)
B500102040,B500102040-C03,โคนัน (Detective Conan) เล่ม 40,เล่มที่ 3,Gosho Aoyama,90.00,1,2,A-05,ว่าง (อยู่บนชั้น)
B500102040,B500102040-C04,โคนัน (Detective Conan) เล่ม 40,เล่มที่ 4,Gosho Aoyama,90.00,1,2,A-05,ว่าง (อยู่บนชั้น)
B500102040,B500102040-C05,โคนัน (Detective Conan) เล่ม 40,เล่มที่ 5,Gosho Aoyama,90.00,1,2,A-05,ว่าง (อยู่บนชั้น)
B500102041,B500102041-C01,โคนัน (Detective Conan) เล่ม 41,เล่มที่ 1,Gosho Aoyama,90.00,1,2,A-05,ว่าง (อยู่บนชั้น)
B500102041,B500102041-C02,โคนัน (Detective Conan) เล่ม 41,เล่มที่ 2,Gosho Aoyama,90.00,1,2,A-05,ว่าง (อยู่บนชั้น)
B500102041,B500102041-C03,โคนัน (Detective Conan) เล่ม 41,เล่มที่ 3,Gosho Aoyama,90.00,1,2,A-05,ว่าง (อยู่บนชั้น)
B500102041,B500102041-C04,โคนัน (Detective Conan) เล่ม 41,เล่มที่ 4,Gosho Aoyama,90.00,1,2,A-05,ว่าง (อยู่บนชั้น)
B500102041,B500102041-C05,โคนัน (Detective Conan) เล่ม 41,เล่มที่ 5,Gosho Aoyama,90.00,1,2,A-05,ว่าง (อยู่บนชั้น)
B500102042,B500102042-C01,โคนัน (Detective Conan) เล่ม 42,เล่มที่ 1,Gosho Aoyama,90.00,1,2,A-05,ว่าง (อยู่บนชั้น)
B500102042,B500102042-C02,โคนัน (Detective Conan) เล่ม 42,เล่มที่ 2,Gosho Aoyama,90.00,1,2,A-05,ว่าง (อยู่บนชั้น)
B500102042,B500102042-C03,โคนัน (Detective Conan) เล่ม 42,เล่มที่ 3,Gosho Aoyama,90.00,1,2,A-05,ว่าง (อยู่บนชั้น)
B500102042,B500102042-C04,โคนัน (Detective Conan) เล่ม 42,เล่มที่ 4,Gosho Aoyama,90.00,1,2,A-05,ว่าง (อยู่บนชั้น)
B500102042,B500102042-C05,โคนัน (Detective Conan) เล่ม 42,เล่มที่ 5,Gosho Aoyama,90.00,1,2,A-05,ว่าง (อยู่บนชั้น)
B500102043,B500102043-C01,โคนัน (Detective Conan) เล่ม 43,เล่มที่ 1,Gosho Aoyama,90.00,1,2,A-05,ว่าง (อยู่บนชั้น)
B500102043,B500102043-C02,โคนัน (Detective Conan) เล่ม 43,เล่มที่ 2,Gosho Aoyama,90.00,1,2,A-05,ว่าง (อยู่บนชั้น)
B500102043,B500102043-C03,โคนัน (Detective Conan) เล่ม 43,เล่มที่ 3,Gosho Aoyama,90.00,1,2,A-05,ว่าง (อยู่บนชั้น)
B500102043,B500102043-C04,โคนัน (Detective Conan) เล่ม 43,เล่มที่ 4,Gosho Aoyama,90.00,1,2,A-05,ว่าง (อยู่บนชั้น)
B500102043,B500102043-C05,โคนัน (Detective Conan) เล่ม 43,เล่มที่ 5,Gosho Aoyama,90.00,1,2,A-05,ว่าง (อยู่บนชั้น)
B500102044,B500102044-C01,โคนัน (Detective Conan) เล่ม 44,เล่มที่ 1,Gosho Aoyama,90.00,1,2,A-05,ว่าง (อยู่บนชั้น)
B500102044,B500102044-C02,โคนัน (Detective Conan) เล่ม 44,เล่มที่ 2,Gosho Aoyama,90.00,1,2,A-05,ว่าง (อยู่บนชั้น)
B500102044,B500102044-C03,โคนัน (Detective Conan) เล่ม 44,เล่มที่ 3,Gosho Aoyama,90.00,1,2,A-05,ว่าง (อยู่บนชั้น)
B500102044,B500102044-C04,โคนัน (Detective Conan) เล่ม 44,เล่มที่ 4,Gosho Aoyama,90.00,1,2,A-05,ว่าง (อยู่บนชั้น)
B500102044,B500102044-C05,โคนัน (Detective Conan) เล่ม 44,เล่มที่ 5,Gosho Aoyama,90.00,1,2,A-05,ว่าง (อยู่บนชั้น)
B500102045,B500102045-C01,โคนัน (Detective Conan) เล่ม 45,เล่มที่ 1,Gosho Aoyama,90.00,1,2,A-05,ว่าง (อยู่บนชั้น)
B500102045,B500102045-C02,โคนัน (Detective Conan) เล่ม 45,เล่มที่ 2,Gosho Aoyama,90.00,1,2,A-05,ว่าง (อยู่บนชั้น)
B500102045,B500102045-C03,โคนัน (Detective Conan) เล่ม 45,เล่มที่ 3,Gosho Aoyama,90.00,1,2,A-05,ว่าง (อยู่บนชั้น)
B500102045,B500102045-C04,โคนัน (Detective Conan) เล่ม 45,เล่มที่ 4,Gosho Aoyama,90.00,1,2,A-05,ว่าง (อยู่บนชั้น)
B500102045,B500102045-C05,โคนัน (Detective Conan) เล่ม 45,เล่มที่ 5,Gosho Aoyama,90.00,1,2,A-05,ว่าง (อยู่บนชั้น)
B500102046,B500102046-C01,โคนัน (Detective Conan) เล่ม 46,เล่มที่ 1,Gosho Aoyama,90.00,1,2,A-05,ว่าง (อยู่บนชั้น)
B500102046,B500102046-C02,โคนัน (Detective Conan) เล่ม 46,เล่มที่ 2,Gosho Aoyama,90.00,1,2,A-05,ว่าง (อยู่บนชั้น)
B500102046,B500102046-C03,โคนัน (Detective Conan) เล่ม 46,เล่มที่ 3,Gosho Aoyama,90.00,1,2,A-05,ว่าง (อยู่บนชั้น)
B500102046,B500102046-C04,โคนัน (Detective Conan) เล่ม 46,เล่มที่ 4,Gosho Aoyama,90.00,1,2,A-05,ว่าง (อยู่บนชั้น)
B500102046,B500102046-C05,โคนัน (Detective Conan) เล่ม 46,เล่มที่ 5,Gosho Aoyama,90.00,1,2,A-05,ว่าง (อยู่บนชั้น)
B500102047,B500102047-C01,โคนัน (Detective Conan) เล่ม 47,เล่มที่ 1,Gosho Aoyama,90.00,1,2,A-05,ว่าง (อยู่บนชั้น)
B500102047,B500102047-C02,โคนัน (Detective Conan) เล่ม 47,เล่มที่ 2,Gosho Aoyama,90.00,1,2,A-05,ว่าง (อยู่บนชั้น)
B500102047,B500102047-C03,โคนัน (Detective Conan) เล่ม 47,เล่มที่ 3,Gosho Aoyama,90.00,1,2,A-05,ว่าง (อยู่บนชั้น)
B500102047,B500102047-C04,โคนัน (Detective Conan) เล่ม 47,เล่มที่ 4,Gosho Aoyama,90.00,1,2,A-05,ว่าง (อยู่บนชั้น)
B500102047,B500102047-C05,โคนัน (Detective Conan) เล่ม 47,เล่มที่ 5,Gosho Aoyama,90.00,1,2,A-05,ว่าง (อยู่บนชั้น)
B500102048,B500102048-C01,โคนัน (Detective Conan) เล่ม 48,เล่มที่ 1,Gosho Aoyama,90.00,1,2,A-05,ว่าง (อยู่บนชั้น)
B500102048,B500102048-C02,โคนัน (Detective Conan) เล่ม 48,เล่มที่ 2,Gosho Aoyama,90.00,1,2,A-05,ว่าง (อยู่บนชั้น)
B500102048,B500102048-C03,โคนัน (Detective Conan) เล่ม 48,เล่มที่ 3,Gosho Aoyama,90.00,1,2,A-05,ว่าง (อยู่บนชั้น)
B500102048,B500102048-C04,โคนัน (Detective Conan) เล่ม 48,เล่มที่ 4,Gosho Aoyama,90.00,1,2,A-05,ว่าง (อยู่บนชั้น)
B500102048,B500102048-C05,โคนัน (Detective Conan) เล่ม 48,เล่มที่ 5,Gosho Aoyama,90.00,1,2,A-05,ว่าง (อยู่บนชั้น)
B500102049,B500102049-C01,โคนัน (Detective Conan) เล่ม 49,เล่มที่ 1,Gosho Aoyama,90.00,1,2,A-05,ว่าง (อยู่บนชั้น)
B500102049,B500102049-C02,โคนัน (Detective Conan) เล่ม 49,เล่มที่ 2,Gosho Aoyama,90.00,1,2,A-05,ว่าง (อยู่บนชั้น)
B500102049,B500102049-C03,โคนัน (Detective Conan) เล่ม 49,เล่มที่ 3,Gosho Aoyama,90.00,1,2,A-05,ว่าง (อยู่บนชั้น)
B500102049,B500102049-C04,โคนัน (Detective Conan) เล่ม 49,เล่มที่ 4,Gosho Aoyama,90.00,1,2,A-05,ว่าง (อยู่บนชั้น)
B500102049,B500102049-C05,โคนัน (Detective Conan) เล่ม 49,เล่มที่ 5,Gosho Aoyama,90.00,1,2,A-05,ว่าง (อยู่บนชั้น)
B500102050,B500102050-C01,โคนัน (Detective Conan) เล่ม 50,เล่มที่ 1,Gosho Aoyama,90.00,1,2,A-05,ว่าง (อยู่บนชั้น)
B500102050,B500102050-C02,โคนัน (Detective Conan) เล่ม 50,เล่มที่ 2,Gosho Aoyama,90.00,1,2,A-05,ว่าง (อยู่บนชั้น)
B500102050,B500102050-C03,โคนัน (Detective Conan) เล่ม 50,เล่มที่ 3,Gosho Aoyama,90.00,1,2,A-05,ว่าง (อยู่บนชั้น)
B500102050,B500102050-C04,โคนัน (Detective Conan) เล่ม 50,เล่มที่ 4,Gosho Aoyama,90.00,1,2,A-05,ว่าง (อยู่บนชั้น)
B500102050,B500102050-C05,โคนัน (Detective Conan) เล่ม 50,เล่มที่ 5,Gosho Aoyama,90.00,1,2,A-05,ว่าง (อยู่บนชั้น)
B500102051,B500102051-C01,โคนัน (Detective Conan) เล่ม 51,เล่มที่ 1,Gosho Aoyama,90.00,1,2,A-05,ว่าง (อยู่บนชั้น)
B500102051,B500102051-C02,โคนัน (Detective Conan) เล่ม 51,เล่มที่ 2,Gosho Aoyama,90.00,1,2,A-05,ว่าง (อยู่บนชั้น)
B500102051,B500102051-C03,โคนัน (Detective Conan) เล่ม 51,เล่มที่ 3,Gosho Aoyama,90.00,1,2,A-05,ว่าง (อยู่บนชั้น)
B500102051,B500102051-C04,โคนัน (Detective Conan) เล่ม 51,เล่มที่ 4,Gosho Aoyama,90.00,1,2,A-05,ว่าง (อยู่บนชั้น)
B500102051,B500102051-C05,โคนัน (Detective Conan) เล่ม 51,เล่มที่ 5,Gosho Aoyama,90.00,1,2,A-05,ว่าง (อยู่บนชั้น)
B500102052,B500102052-C01,โคนัน (Detective Conan) เล่ม 52,เล่มที่ 1,Gosho Aoyama,90.00,1,2,A-05,ว่าง (อยู่บนชั้น)
B500102052,B500102052-C02,โคนัน (Detective Conan) เล่ม 52,เล่มที่ 2,Gosho Aoyama,90.00,1,2,A-05,ว่าง (อยู่บนชั้น)
B500102052,B500102052-C03,โคนัน (Detective Conan) เล่ม 52,เล่มที่ 3,Gosho Aoyama,90.00,1,2,A-05,ว่าง (อยู่บนชั้น)
B500102052,B500102052-C04,โคนัน (Detective Conan) เล่ม 52,เล่มที่ 4,Gosho Aoyama,90.00,1,2,A-05,ว่าง (อยู่บนชั้น)
B500102052,B500102052-C05,โคนัน (Detective Conan) เล่ม 52,เล่มที่ 5,Gosho Aoyama,90.00,1,2,A-05,ว่าง (อยู่บนชั้น)
B500102053,B500102053-C01,โคนัน (Detective Conan) เล่ม 53,เล่มที่ 1,Gosho Aoyama,90.00,1,2,A-05,ว่าง (อยู่บนชั้น)
B500102053,B500102053-C02,โคนัน (Detective Conan) เล่ม 53,เล่มที่ 2,Gosho Aoyama,90.00,1,2,A-05,ว่าง (อยู่บนชั้น)
B500102053,B500102053-C03,โคนัน (Detective Conan) เล่ม 53,เล่มที่ 3,Gosho Aoyama,90.00,1,2,A-05,ว่าง (อยู่บนชั้น)
B500102053,B500102053-C04,โคนัน (Detective Conan) เล่ม 53,เล่มที่ 4,Gosho Aoyama,90.00,1,2,A-05,ว่าง (อยู่บนชั้น)
B500102053,B500102053-C05,โคนัน (Detective Conan) เล่ม 53,เล่มที่ 5,Gosho Aoyama,90.00,1,2,A-05,ว่าง (อยู่บนชั้น)
B500102054,B500102054-C01,โคนัน (Detective Conan) เล่ม 54,เล่มที่ 1,Gosho Aoyama,90.00,1,2,A-05,ว่าง (อยู่บนชั้น)
B500102054,B500102054-C02,โคนัน (Detective Conan) เล่ม 54,เล่มที่ 2,Gosho Aoyama,90.00,1,2,A-05,ว่าง (อยู่บนชั้น)
B500102054,B500102054-C03,โคนัน (Detective Conan) เล่ม 54,เล่มที่ 3,Gosho Aoyama,90.00,1,2,A-05,ว่าง (อยู่บนชั้น)
B500102054,B500102054-C04,โคนัน (Detective Conan) เล่ม 54,เล่มที่ 4,Gosho Aoyama,90.00,1,2,A-05,ว่าง (อยู่บนชั้น)
B500102054,B500102054-C05,โคนัน (Detective Conan) เล่ม 54,เล่มที่ 5,Gosho Aoyama,90.00,1,2,A-05,ว่าง (อยู่บนชั้น)
B500102055,B500102055-C01,โคนัน (Detective Conan) เล่ม 55,เล่มที่ 1,Gosho Aoyama,90.00,1,2,A-05,ว่าง (อยู่บนชั้น)
B500102055,B500102055-C02,โคนัน (Detective Conan) เล่ม 55,เล่มที่ 2,Gosho Aoyama,90.00,1,2,A-05,ว่าง (อยู่บนชั้น)
B500102055,B500102055-C03,โคนัน (Detective Conan) เล่ม 55,เล่มที่ 3,Gosho Aoyama,90.00,1,2,A-05,ว่าง (อยู่บนชั้น)
B500102055,B500102055-C04,โคนัน (Detective Conan) เล่ม 55,เล่มที่ 4,Gosho Aoyama,90.00,1,2,A-05,ว่าง (อยู่บนชั้น)
B500102055,B500102055-C05,โคนัน (Detective Conan) เล่ม 55,เล่มที่ 5,Gosho Aoyama,90.00,1,2,A-05,ว่าง (อยู่บนชั้น)
B500102056,B500102056-C01,โคนัน (Detective Conan) เล่ม 56,เล่มที่ 1,Gosho Aoyama,90.00,1,2,A-05,ว่าง (อยู่บนชั้น)
B500102056,B500102056-C02,โคนัน (Detective Conan) เล่ม 56,เล่มที่ 2,Gosho Aoyama,90.00,1,2,A-05,ว่าง (อยู่บนชั้น)
B500102056,B500102056-C03,โคนัน (Detective Conan) เล่ม 56,เล่มที่ 3,Gosho Aoyama,90.00,1,2,A-05,ว่าง (อยู่บนชั้น)
B500102056,B500102056-C04,โคนัน (Detective Conan) เล่ม 56,เล่มที่ 4,Gosho Aoyama,90.00,1,2,A-05,ว่าง (อยู่บนชั้น)
B500102056,B500102056-C05,โคนัน (Detective Conan) เล่ม 56,เล่มที่ 5,Gosho Aoyama,90.00,1,2,A-05,ว่าง (อยู่บนชั้น)
B500102057,B500102057-C01,โคนัน (Detective Conan) เล่ม 57,เล่มที่ 1,Gosho Aoyama,90.00,1,2,A-05,ว่าง (อยู่บนชั้น)
B500102057,B500102057-C02,โคนัน (Detective Conan) เล่ม 57,เล่มที่ 2,Gosho Aoyama,90.00,1,2,A-05,ว่าง (อยู่บนชั้น)
B500102057,B500102057-C03,โคนัน (Detective Conan) เล่ม 57,เล่มที่ 3,Gosho Aoyama,90.00,1,2,A-05,ว่าง (อยู่บนชั้น)
B500102057,B500102057-C04,โคนัน (Detective Conan) เล่ม 57,เล่มที่ 4,Gosho Aoyama,90.00,1,2,A-05,ว่าง (อยู่บนชั้น)
B500102057,B500102057-C05,โคนัน (Detective Conan) เล่ม 57,เล่มที่ 5,Gosho Aoyama,90.00,1,2,A-05,ว่าง (อยู่บนชั้น)
B500102058,B500102058-C01,โคนัน (Detective Conan) เล่ม 58,เล่มที่ 1,Gosho Aoyama,90.00,1,2,A-05,ว่าง (อยู่บนชั้น)
B500102058,B500102058-C02,โคนัน (Detective Conan) เล่ม 58,เล่มที่ 2,Gosho Aoyama,90.00,1,2,A-05,ว่าง (อยู่บนชั้น)
B500102058,B500102058-C03,โคนัน (Detective Conan) เล่ม 58,เล่มที่ 3,Gosho Aoyama,90.00,1,2,A-05,ว่าง (อยู่บนชั้น)
B500102058,B500102058-C04,โคนัน (Detective Conan) เล่ม 58,เล่มที่ 4,Gosho Aoyama,90.00,1,2,A-05,ว่าง (อยู่บนชั้น)
B500102058,B500102058-C05,โคนัน (Detective Conan) เล่ม 58,เล่มที่ 5,Gosho Aoyama,90.00,1,2,A-05,ว่าง (อยู่บนชั้น)
B500102059,B500102059-C01,โคนัน (Detective Conan) เล่ม 59,เล่มที่ 1,Gosho Aoyama,90.00,1,2,A-05,ว่าง (อยู่บนชั้น)
B500102059,B500102059-C02,โคนัน (Detective Conan) เล่ม 59,เล่มที่ 2,Gosho Aoyama,90.00,1,2,A-05,ว่าง (อยู่บนชั้น)
B500102059,B500102059-C03,โคนัน (Detective Conan) เล่ม 59,เล่มที่ 3,Gosho Aoyama,90.00,1,2,A-05,ว่าง (อยู่บนชั้น)
B500102059,B500102059-C04,โคนัน (Detective Conan) เล่ม 59,เล่มที่ 4,Gosho Aoyama,90.00,1,2,A-05,ว่าง (อยู่บนชั้น)
B500102059,B500102059-C05,โคนัน (Detective Conan) เล่ม 59,เล่มที่ 5,Gosho Aoyama,90.00,1,2,A-05,ว่าง (อยู่บนชั้น)
B500102060,B500102060-C01,โคนัน (Detective Conan) เล่ม 60,เล่มที่ 1,Gosho Aoyama,90.00,1,2,A-05,ว่าง (อยู่บนชั้น)
B500102060,B500102060-C02,โคนัน (Detective Conan) เล่ม 60,เล่มที่ 2,Gosho Aoyama,90.00,1,2,A-05,ว่าง (อยู่บนชั้น)
B500102060,B500102060-C03,โคนัน (Detective Conan) เล่ม 60,เล่มที่ 3,Gosho Aoyama,90.00,1,2,A-05,ว่าง (อยู่บนชั้น)
B500102060,B500102060-C04,โคนัน (Detective Conan) เล่ม 60,เล่มที่ 4,Gosho Aoyama,90.00,1,2,A-05,ว่าง (อยู่บนชั้น)
B500102060,B500102060-C05,โคนัน (Detective Conan) เล่ม 60,เล่มที่ 5,Gosho Aoyama,90.00,1,2,A-05,ว่าง (อยู่บนชั้น)
B500102061,B500102061-C01,โคนัน (Detective Conan) เล่ม 61,เล่มที่ 1,Gosho Aoyama,90.00,1,2,A-05,ว่าง (อยู่บนชั้น)
B500102061,B500102061-C02,โคนัน (Detective Conan) เล่ม 61,เล่มที่ 2,Gosho Aoyama,90.00,1,2,A-05,ว่าง (อยู่บนชั้น)
B500102061,B500102061-C03,โคนัน (Detective Conan) เล่ม 61,เล่มที่ 3,Gosho Aoyama,90.00,1,2,A-05,ว่าง (อยู่บนชั้น)
B500102061,B500102061-C04,โคนัน (Detective Conan) เล่ม 61,เล่มที่ 4,Gosho Aoyama,90.00,1,2,A-05,ว่าง (อยู่บนชั้น)
B500102061,B500102061-C05,โคนัน (Detective Conan) เล่ม 61,เล่มที่ 5,Gosho Aoyama,90.00,1,2,A-05,ว่าง (อยู่บนชั้น)
B500102062,B500102062-C01,โคนัน (Detective Conan) เล่ม 62,เล่มที่ 1,Gosho Aoyama,90.00,1,2,A-05,ว่าง (อยู่บนชั้น)
B500102062,B500102062-C02,โคนัน (Detective Conan) เล่ม 62,เล่มที่ 2,Gosho Aoyama,90.00,1,2,A-05,ว่าง (อยู่บนชั้น)
B500102062,B500102062-C03,โคนัน (Detective Conan) เล่ม 62,เล่มที่ 3,Gosho Aoyama,90.00,1,2,A-05,ว่าง (อยู่บนชั้น)
B500102062,B500102062-C04,โคนัน (Detective Conan) เล่ม 62,เล่มที่ 4,Gosho Aoyama,90.00,1,2,A-05,ว่าง (อยู่บนชั้น)
B500102062,B500102062-C05,โคนัน (Detective Conan) เล่ม 62,เล่มที่ 5,Gosho Aoyama,90.00,1,2,A-05,ว่าง (อยู่บนชั้น)
B500102063,B500102063-C01,โคนัน (Detective Conan) เล่ม 63,เล่มที่ 1,Gosho Aoyama,90.00,1,2,A-05,ว่าง (อยู่บนชั้น)
B500102063,B500102063-C02,โคนัน (Detective Conan) เล่ม 63,เล่มที่ 2,Gosho Aoyama,90.00,1,2,A-05,ว่าง (อยู่บนชั้น)
B500102063,B500102063-C03,โคนัน (Detective Conan) เล่ม 63,เล่มที่ 3,Gosho Aoyama,90.00,1,2,A-05,ว่าง (อยู่บนชั้น)
B500102063,B500102063-C04,โคนัน (Detective Conan) เล่ม 63,เล่มที่ 4,Gosho Aoyama,90.00,1,2,A-05,ว่าง (อยู่บนชั้น)
B500102063,B500102063-C05,โคนัน (Detective Conan) เล่ม 63,เล่มที่ 5,Gosho Aoyama,90.00,1,2,A-05,ว่าง (อยู่บนชั้น)
B500102064,B500102064-C01,โคนัน (Detective Conan) เล่ม 64,เล่มที่ 1,Gosho Aoyama,90.00,1,2,A-05,ว่าง (อยู่บนชั้น)
B500102064,B500102064-C02,โคนัน (Detective Conan) เล่ม 64,เล่มที่ 2,Gosho Aoyama,90.00,1,2,A-05,ว่าง (อยู่บนชั้น)
B500102064,B500102064-C03,โคนัน (Detective Conan) เล่ม 64,เล่มที่ 3,Gosho Aoyama,90.00,1,2,A-05,ว่าง (อยู่บนชั้น)
B500102064,B500102064-C04,โคนัน (Detective Conan) เล่ม 64,เล่มที่ 4,Gosho Aoyama,90.00,1,2,A-05,ว่าง (อยู่บนชั้น)
B500102064,B500102064-C05,โคนัน (Detective Conan) เล่ม 64,เล่มที่ 5,Gosho Aoyama,90.00,1,2,A-05,ว่าง (อยู่บนชั้น)
B500102065,B500102065-C01,โคนัน (Detective Conan) เล่ม 65,เล่มที่ 1,Gosho Aoyama,90.00,1,2,A-05,ว่าง (อยู่บนชั้น)
B500102065,B500102065-C02,โคนัน (Detective Conan) เล่ม 65,เล่มที่ 2,Gosho Aoyama,90.00,1,2,A-05,ว่าง (อยู่บนชั้น)
B500102065,B500102065-C03,โคนัน (Detective Conan) เล่ม 65,เล่มที่ 3,Gosho Aoyama,90.00,1,2,A-05,ว่าง (อยู่บนชั้น)
B500102065,B500102065-C04,โคนัน (Detective Conan) เล่ม 65,เล่มที่ 4,Gosho Aoyama,90.00,1,2,A-05,ว่าง (อยู่บนชั้น)
B500102065,B500102065-C05,โคนัน (Detective Conan) เล่ม 65,เล่มที่ 5,Gosho Aoyama,90.00,1,2,A-05,ว่าง (อยู่บนชั้น)
B500102066,B500102066-C01,โคนัน (Detective Conan) เล่ม 66,เล่มที่ 1,Gosho Aoyama,90.00,1,2,A-05,ว่าง (อยู่บนชั้น)
B500102066,B500102066-C02,โคนัน (Detective Conan) เล่ม 66,เล่มที่ 2,Gosho Aoyama,90.00,1,2,A-05,ว่าง (อยู่บนชั้น)
B500102066,B500102066-C03,โคนัน (Detective Conan) เล่ม 66,เล่มที่ 3,Gosho Aoyama,90.00,1,2,A-05,ว่าง (อยู่บนชั้น)
B500102066,B500102066-C04,โคนัน (Detective Conan) เล่ม 66,เล่มที่ 4,Gosho Aoyama,90.00,1,2,A-05,ว่าง (อยู่บนชั้น)
B500102066,B500102066-C05,โคนัน (Detective Conan) เล่ม 66,เล่มที่ 5,Gosho Aoyama,90.00,1,2,A-05,ว่าง (อยู่บนชั้น)
B500102067,B500102067-C01,โคนัน (Detective Conan) เล่ม 67,เล่มที่ 1,Gosho Aoyama,90.00,1,2,A-05,ว่าง (อยู่บนชั้น)
B500102067,B500102067-C02,โคนัน (Detective Conan) เล่ม 67,เล่มที่ 2,Gosho Aoyama,90.00,1,2,A-05,ว่าง (อยู่บนชั้น)
B500102067,B500102067-C03,โคนัน (Detective Conan) เล่ม 67,เล่มที่ 3,Gosho Aoyama,90.00,1,2,A-05,ว่าง (อยู่บนชั้น)
B500102067,B500102067-C04,โคนัน (Detective Conan) เล่ม 67,เล่มที่ 4,Gosho Aoyama,90.00,1,2,A-05,ว่าง (อยู่บนชั้น)
B500102067,B500102067-C05,โคนัน (Detective Conan) เล่ม 67,เล่มที่ 5,Gosho Aoyama,90.00,1,2,A-05,ว่าง (อยู่บนชั้น)
B500102068,B500102068-C01,โคนัน (Detective Conan) เล่ม 68,เล่มที่ 1,Gosho Aoyama,90.00,1,2,A-05,ว่าง (อยู่บนชั้น)
B500102068,B500102068-C02,โคนัน (Detective Conan) เล่ม 68,เล่มที่ 2,Gosho Aoyama,90.00,1,2,A-05,ว่าง (อยู่บนชั้น)
B500102068,B500102068-C03,โคนัน (Detective Conan) เล่ม 68,เล่มที่ 3,Gosho Aoyama,90.00,1,2,A-05,ว่าง (อยู่บนชั้น)
B500102068,B500102068-C04,โคนัน (Detective Conan) เล่ม 68,เล่มที่ 4,Gosho Aoyama,90.00,1,2,A-05,ว่าง (อยู่บนชั้น)
B500102068,B500102068-C05,โคนัน (Detective Conan) เล่ม 68,เล่มที่ 5,Gosho Aoyama,90.00,1,2,A-05,ว่าง (อยู่บนชั้น)
B500102069,B500102069-C01,โคนัน (Detective Conan) เล่ม 69,เล่มที่ 1,Gosho Aoyama,90.00,1,2,A-05,ว่าง (อยู่บนชั้น)
B500102069,B500102069-C02,โคนัน (Detective Conan) เล่ม 69,เล่มที่ 2,Gosho Aoyama,90.00,1,2,A-05,ว่าง (อยู่บนชั้น)
B500102069,B500102069-C03,โคนัน (Detective Conan) เล่ม 69,เล่มที่ 3,Gosho Aoyama,90.00,1,2,A-05,ว่าง (อยู่บนชั้น)
B500102069,B500102069-C04,โคนัน (Detective Conan) เล่ม 69,เล่มที่ 4,Gosho Aoyama,90.00,1,2,A-05,ว่าง (อยู่บนชั้น)
B500102069,B500102069-C05,โคนัน (Detective Conan) เล่ม 69,เล่มที่ 5,Gosho Aoyama,90.00,1,2,A-05,ว่าง (อยู่บนชั้น)
B500102070,B500102070-C01,โคนัน (Detective Conan) เล่ม 70,เล่มที่ 1,Gosho Aoyama,90.00,1,2,A-05,ว่าง (อยู่บนชั้น)
B500102070,B500102070-C02,โคนัน (Detective Conan) เล่ม 70,เล่มที่ 2,Gosho Aoyama,90.00,1,2,A-05,ว่าง (อยู่บนชั้น)
B500102070,B500102070-C03,โคนัน (Detective Conan) เล่ม 70,เล่มที่ 3,Gosho Aoyama,90.00,1,2,A-05,ว่าง (อยู่บนชั้น)
B500102070,B500102070-C04,โคนัน (Detective Conan) เล่ม 70,เล่มที่ 4,Gosho Aoyama,90.00,1,2,A-05,ว่าง (อยู่บนชั้น)
B500102070,B500102070-C05,โคนัน (Detective Conan) เล่ม 70,เล่มที่ 5,Gosho Aoyama,90.00,1,2,A-05,ว่าง (อยู่บนชั้น)
B500102071,B500102071-C01,โคนัน (Detective Conan) เล่ม 71,เล่มที่ 1,Gosho Aoyama,90.00,1,2,A-05,ว่าง (อยู่บนชั้น)
B500102071,B500102071-C02,โคนัน (Detective Conan) เล่ม 71,เล่มที่ 2,Gosho Aoyama,90.00,1,2,A-05,ว่าง (อยู่บนชั้น)
B500102071,B500102071-C03,โคนัน (Detective Conan) เล่ม 71,เล่มที่ 3,Gosho Aoyama,90.00,1,2,A-05,ว่าง (อยู่บนชั้น)
B500102071,B500102071-C04,โคนัน (Detective Conan) เล่ม 71,เล่มที่ 4,Gosho Aoyama,90.00,1,2,A-05,ว่าง (อยู่บนชั้น)
B500102071,B500102071-C05,โคนัน (Detective Conan) เล่ม 71,เล่มที่ 5,Gosho Aoyama,90.00,1,2,A-05,ว่าง (อยู่บนชั้น)
B500102072,B500102072-C01,โคนัน (Detective Conan) เล่ม 72,เล่มที่ 1,Gosho Aoyama,90.00,1,2,A-05,ว่าง (อยู่บนชั้น)
B500102072,B500102072-C02,โคนัน (Detective Conan) เล่ม 72,เล่มที่ 2,Gosho Aoyama,90.00,1,2,A-05,ว่าง (อยู่บนชั้น)
B500102072,B500102072-C03,โคนัน (Detective Conan) เล่ม 72,เล่มที่ 3,Gosho Aoyama,90.00,1,2,A-05,ว่าง (อยู่บนชั้น)
B500102072,B500102072-C04,โคนัน (Detective Conan) เล่ม 72,เล่มที่ 4,Gosho Aoyama,90.00,1,2,A-05,ว่าง (อยู่บนชั้น)
B500102072,B500102072-C05,โคนัน (Detective Conan) เล่ม 72,เล่มที่ 5,Gosho Aoyama,90.00,1,2,A-05,ว่าง (อยู่บนชั้น)
B500102073,B500102073-C01,โคนัน (Detective Conan) เล่ม 73,เล่มที่ 1,Gosho Aoyama,90.00,1,2,A-05,ว่าง (อยู่บนชั้น)
B500102073,B500102073-C02,โคนัน (Detective Conan) เล่ม 73,เล่มที่ 2,Gosho Aoyama,90.00,1,2,A-05,ว่าง (อยู่บนชั้น)
B500102073,B500102073-C03,โคนัน (Detective Conan) เล่ม 73,เล่มที่ 3,Gosho Aoyama,90.00,1,2,A-05,ว่าง (อยู่บนชั้น)
B500102073,B500102073-C04,โคนัน (Detective Conan) เล่ม 73,เล่มที่ 4,Gosho Aoyama,90.00,1,2,A-05,ว่าง (อยู่บนชั้น)
B500102073,B500102073-C05,โคนัน (Detective Conan) เล่ม 73,เล่มที่ 5,Gosho Aoyama,90.00,1,2,A-05,ว่าง (อยู่บนชั้น)
B500102074,B500102074-C01,โคนัน (Detective Conan) เล่ม 74,เล่มที่ 1,Gosho Aoyama,90.00,1,2,A-05,ว่าง (อยู่บนชั้น)
B500102074,B500102074-C02,โคนัน (Detective Conan) เล่ม 74,เล่มที่ 2,Gosho Aoyama,90.00,1,2,A-05,ว่าง (อยู่บนชั้น)
B500102074,B500102074-C03,โคนัน (Detective Conan) เล่ม 74,เล่มที่ 3,Gosho Aoyama,90.00,1,2,A-05,ว่าง (อยู่บนชั้น)
B500102074,B500102074-C04,โคนัน (Detective Conan) เล่ม 74,เล่มที่ 4,Gosho Aoyama,90.00,1,2,A-05,ว่าง (อยู่บนชั้น)
B500102074,B500102074-C05,โคนัน (Detective Conan) เล่ม 74,เล่มที่ 5,Gosho Aoyama,90.00,1,2,A-05,ว่าง (อยู่บนชั้น)
B500102075,B500102075-C01,โคนัน (Detective Conan) เล่ม 75,เล่มที่ 1,Gosho Aoyama,90.00,1,2,A-05,ว่าง (อยู่บนชั้น)
B500102075,B500102075-C02,โคนัน (Detective Conan) เล่ม 75,เล่มที่ 2,Gosho Aoyama,90.00,1,2,A-05,ว่าง (อยู่บนชั้น)
B500102075,B500102075-C03,โคนัน (Detective Conan) เล่ม 75,เล่มที่ 3,Gosho Aoyama,90.00,1,2,A-05,ว่าง (อยู่บนชั้น)
B500102075,B500102075-C04,โคนัน (Detective Conan) เล่ม 75,เล่มที่ 4,Gosho Aoyama,90.00,1,2,A-05,ว่าง (อยู่บนชั้น)
B500102075,B500102075-C05,โคนัน (Detective Conan) เล่ม 75,เล่มที่ 5,Gosho Aoyama,90.00,1,2,A-05,ว่าง (อยู่บนชั้น)
B500102076,B500102076-C01,โคนัน (Detective Conan) เล่ม 76,เล่มที่ 1,Gosho Aoyama,90.00,1,2,A-05,ว่าง (อยู่บนชั้น)
B500102076,B500102076-C02,โคนัน (Detective Conan) เล่ม 76,เล่มที่ 2,Gosho Aoyama,90.00,1,2,A-05,ว่าง (อยู่บนชั้น)
B500102076,B500102076-C03,โคนัน (Detective Conan) เล่ม 76,เล่มที่ 3,Gosho Aoyama,90.00,1,2,A-05,ว่าง (อยู่บนชั้น)
B500102076,B500102076-C04,โคนัน (Detective Conan) เล่ม 76,เล่มที่ 4,Gosho Aoyama,90.00,1,2,A-05,ว่าง (อยู่บนชั้น)
B500102076,B500102076-C05,โคนัน (Detective Conan) เล่ม 76,เล่มที่ 5,Gosho Aoyama,90.00,1,2,A-05,ว่าง (อยู่บนชั้น)
B500102077,B500102077-C01,โคนัน (Detective Conan) เล่ม 77,เล่มที่ 1,Gosho Aoyama,90.00,1,2,A-05,ว่าง (อยู่บนชั้น)
B500102077,B500102077-C02,โคนัน (Detective Conan) เล่ม 77,เล่มที่ 2,Gosho Aoyama,90.00,1,2,A-05,ว่าง (อยู่บนชั้น)
B500102077,B500102077-C03,โคนัน (Detective Conan) เล่ม 77,เล่มที่ 3,Gosho Aoyama,90.00,1,2,A-05,ว่าง (อยู่บนชั้น)
B500102077,B500102077-C04,โคนัน (Detective Conan) เล่ม 77,เล่มที่ 4,Gosho Aoyama,90.00,1,2,A-05,ว่าง (อยู่บนชั้น)
B500102077,B500102077-C05,โคนัน (Detective Conan) เล่ม 77,เล่มที่ 5,Gosho Aoyama,90.00,1,2,A-05,ว่าง (อยู่บนชั้น)
B500102078,B500102078-C01,โคนัน (Detective Conan) เล่ม 78,เล่มที่ 1,Gosho Aoyama,90.00,1,2,A-05,ว่าง (อยู่บนชั้น)
B500102078,B500102078-C02,โคนัน (Detective Conan) เล่ม 78,เล่มที่ 2,Gosho Aoyama,90.00,1,2,A-05,ว่าง (อยู่บนชั้น)
B500102078,B500102078-C03,โคนัน (Detective Conan) เล่ม 78,เล่มที่ 3,Gosho Aoyama,90.00,1,2,A-05,ว่าง (อยู่บนชั้น)
B500102078,B500102078-C04,โคนัน (Detective Conan) เล่ม 78,เล่มที่ 4,Gosho Aoyama,90.00,1,2,A-05,ว่าง (อยู่บนชั้น)
B500102078,B500102078-C05,โคนัน (Detective Conan) เล่ม 78,เล่มที่ 5,Gosho Aoyama,90.00,1,2,A-05,ว่าง (อยู่บนชั้น)
B500102079,B500102079-C01,โคนัน (Detective Conan) เล่ม 79,เล่มที่ 1,Gosho Aoyama,90.00,1,2,A-05,ว่าง (อยู่บนชั้น)
B500102079,B500102079-C02,โคนัน (Detective Conan) เล่ม 79,เล่มที่ 2,Gosho Aoyama,90.00,1,2,A-05,ว่าง (อยู่บนชั้น)
B500102079,B500102079-C03,โคนัน (Detective Conan) เล่ม 79,เล่มที่ 3,Gosho Aoyama,90.00,1,2,A-05,ว่าง (อยู่บนชั้น)
B500102079,B500102079-C04,โคนัน (Detective Conan) เล่ม 79,เล่มที่ 4,Gosho Aoyama,90.00,1,2,A-05,ว่าง (อยู่บนชั้น)
B500102079,B500102079-C05,โคนัน (Detective Conan) เล่ม 79,เล่มที่ 5,Gosho Aoyama,90.00,1,2,A-05,ว่าง (อยู่บนชั้น)
B500102080,B500102080-C01,โคนัน (Detective Conan) เล่ม 80,เล่มที่ 1,Gosho Aoyama,90.00,1,2,A-05,ว่าง (อยู่บนชั้น)
B500102080,B500102080-C02,โคนัน (Detective Conan) เล่ม 80,เล่มที่ 2,Gosho Aoyama,90.00,1,2,A-05,ว่าง (อยู่บนชั้น)
B500102080,B500102080-C03,โคนัน (Detective Conan) เล่ม 80,เล่มที่ 3,Gosho Aoyama,90.00,1,2,A-05,ว่าง (อยู่บนชั้น)
B500102080,B500102080-C04,โคนัน (Detective Conan) เล่ม 80,เล่มที่ 4,Gosho Aoyama,90.00,1,2,A-05,ว่าง (อยู่บนชั้น)
B500102080,B500102080-C05,โคนัน (Detective Conan) เล่ม 80,เล่มที่ 5,Gosho Aoyama,90.00,1,2,A-05,ว่าง (อยู่บนชั้น)
B500102081,B500102081-C01,โคนัน (Detective Conan) เล่ม 81,เล่มที่ 1,Gosho Aoyama,90.00,1,2,A-05,ว่าง (อยู่บนชั้น)
B500102081,B500102081-C02,โคนัน (Detective Conan) เล่ม 81,เล่มที่ 2,Gosho Aoyama,90.00,1,2,A-05,ว่าง (อยู่บนชั้น)
B500102081,B500102081-C03,โคนัน (Detective Conan) เล่ม 81,เล่มที่ 3,Gosho Aoyama,90.00,1,2,A-05,ว่าง (อยู่บนชั้น)
B500102081,B500102081-C04,โคนัน (Detective Conan) เล่ม 81,เล่มที่ 4,Gosho Aoyama,90.00,1,2,A-05,ว่าง (อยู่บนชั้น)
B500102081,B500102081-C05,โคนัน (Detective Conan) เล่ม 81,เล่มที่ 5,Gosho Aoyama,90.00,1,2,A-05,ว่าง (อยู่บนชั้น)
B500102082,B500102082-C01,โคนัน (Detective Conan) เล่ม 82,เล่มที่ 1,Gosho Aoyama,90.00,1,2,A-05,ว่าง (อยู่บนชั้น)
B500102082,B500102082-C02,โคนัน (Detective Conan) เล่ม 82,เล่มที่ 2,Gosho Aoyama,90.00,1,2,A-05,ว่าง (อยู่บนชั้น)
B500102082,B500102082-C03,โคนัน (Detective Conan) เล่ม 82,เล่มที่ 3,Gosho Aoyama,90.00,1,2,A-05,ว่าง (อยู่บนชั้น)
B500102082,B500102082-C04,โคนัน (Detective Conan) เล่ม 82,เล่มที่ 4,Gosho Aoyama,90.00,1,2,A-05,ว่าง (อยู่บนชั้น)
B500102082,B500102082-C05,โคนัน (Detective Conan) เล่ม 82,เล่มที่ 5,Gosho Aoyama,90.00,1,2,A-05,ว่าง (อยู่บนชั้น)
B500102083,B500102083-C01,โคนัน (Detective Conan) เล่ม 83,เล่มที่ 1,Gosho Aoyama,90.00,1,2,A-05,ว่าง (อยู่บนชั้น)
B500102083,B500102083-C02,โคนัน (Detective Conan) เล่ม 83,เล่มที่ 2,Gosho Aoyama,90.00,1,2,A-05,ว่าง (อยู่บนชั้น)
B500102083,B500102083-C03,โคนัน (Detective Conan) เล่ม 83,เล่มที่ 3,Gosho Aoyama,90.00,1,2,A-05,ว่าง (อยู่บนชั้น)
B500102083,B500102083-C04,โคนัน (Detective Conan) เล่ม 83,เล่มที่ 4,Gosho Aoyama,90.00,1,2,A-05,ว่าง (อยู่บนชั้น)
B500102083,B500102083-C05,โคนัน (Detective Conan) เล่ม 83,เล่มที่ 5,Gosho Aoyama,90.00,1,2,A-05,ว่าง (อยู่บนชั้น)
B500102084,B500102084-C01,โคนัน (Detective Conan) เล่ม 84,เล่มที่ 1,Gosho Aoyama,90.00,1,2,A-05,ว่าง (อยู่บนชั้น)
B500102084,B500102084-C02,โคนัน (Detective Conan) เล่ม 84,เล่มที่ 2,Gosho Aoyama,90.00,1,2,A-05,ว่าง (อยู่บนชั้น)
B500102084,B500102084-C03,โคนัน (Detective Conan) เล่ม 84,เล่มที่ 3,Gosho Aoyama,90.00,1,2,A-05,ว่าง (อยู่บนชั้น)
B500102084,B500102084-C04,โคนัน (Detective Conan) เล่ม 84,เล่มที่ 4,Gosho Aoyama,90.00,1,2,A-05,ว่าง (อยู่บนชั้น)
B500102084,B500102084-C05,โคนัน (Detective Conan) เล่ม 84,เล่มที่ 5,Gosho Aoyama,90.00,1,2,A-05,ว่าง (อยู่บนชั้น)
B500102085,B500102085-C01,โคนัน (Detective Conan) เล่ม 85,เล่มที่ 1,Gosho Aoyama,90.00,1,2,A-05,ว่าง (อยู่บนชั้น)
B500102085,B500102085-C02,โคนัน (Detective Conan) เล่ม 85,เล่มที่ 2,Gosho Aoyama,90.00,1,2,A-05,ว่าง (อยู่บนชั้น)
B500102085,B500102085-C03,โคนัน (Detective Conan) เล่ม 85,เล่มที่ 3,Gosho Aoyama,90.00,1,2,A-05,ว่าง (อยู่บนชั้น)
B500102085,B500102085-C04,โคนัน (Detective Conan) เล่ม 85,เล่มที่ 4,Gosho Aoyama,90.00,1,2,A-05,ว่าง (อยู่บนชั้น)
B500102085,B500102085-C05,โคนัน (Detective Conan) เล่ม 85,เล่มที่ 5,Gosho Aoyama,90.00,1,2,A-05,ว่าง (อยู่บนชั้น)
B500102086,B500102086-C01,โคนัน (Detective Conan) เล่ม 86,เล่มที่ 1,Gosho Aoyama,90.00,1,2,A-05,ว่าง (อยู่บนชั้น)
B500102086,B500102086-C02,โคนัน (Detective Conan) เล่ม 86,เล่มที่ 2,Gosho Aoyama,90.00,1,2,A-05,ว่าง (อยู่บนชั้น)
B500102086,B500102086-C03,โคนัน (Detective Conan) เล่ม 86,เล่มที่ 3,Gosho Aoyama,90.00,1,2,A-05,ว่าง (อยู่บนชั้น)
B500102086,B500102086-C04,โคนัน (Detective Conan) เล่ม 86,เล่มที่ 4,Gosho Aoyama,90.00,1,2,A-05,ว่าง (อยู่บนชั้น)
B500102086,B500102086-C05,โคนัน (Detective Conan) เล่ม 86,เล่มที่ 5,Gosho Aoyama,90.00,1,2,A-05,ว่าง (อยู่บนชั้น)
B500102087,B500102087-C01,โคนัน (Detective Conan) เล่ม 87,เล่มที่ 1,Gosho Aoyama,90.00,1,2,A-05,ว่าง (อยู่บนชั้น)
B500102087,B500102087-C02,โคนัน (Detective Conan) เล่ม 87,เล่มที่ 2,Gosho Aoyama,90.00,1,2,A-05,ว่าง (อยู่บนชั้น)
B500102087,B500102087-C03,โคนัน (Detective Conan) เล่ม 87,เล่มที่ 3,Gosho Aoyama,90.00,1,2,A-05,ว่าง (อยู่บนชั้น)
B500102087,B500102087-C04,โคนัน (Detective Conan) เล่ม 87,เล่มที่ 4,Gosho Aoyama,90.00,1,2,A-05,ว่าง (อยู่บนชั้น)
B500102087,B500102087-C05,โคนัน (Detective Conan) เล่ม 87,เล่มที่ 5,Gosho Aoyama,90.00,1,2,A-05,ว่าง (อยู่บนชั้น)
B500102088,B500102088-C01,โคนัน (Detective Conan) เล่ม 88,เล่มที่ 1,Gosho Aoyama,90.00,1,2,A-05,ว่าง (อยู่บนชั้น)
B500102088,B500102088-C02,โคนัน (Detective Conan) เล่ม 88,เล่มที่ 2,Gosho Aoyama,90.00,1,2,A-05,ว่าง (อยู่บนชั้น)
B500102088,B500102088-C03,โคนัน (Detective Conan) เล่ม 88,เล่มที่ 3,Gosho Aoyama,90.00,1,2,A-05,ว่าง (อยู่บนชั้น)
B500102088,B500102088-C04,โคนัน (Detective Conan) เล่ม 88,เล่มที่ 4,Gosho Aoyama,90.00,1,2,A-05,ว่าง (อยู่บนชั้น)
B500102088,B500102088-C05,โคนัน (Detective Conan) เล่ม 88,เล่มที่ 5,Gosho Aoyama,90.00,1,2,A-05,ว่าง (อยู่บนชั้น)
B500102089,B500102089-C01,โคนัน (Detective Conan) เล่ม 89,เล่มที่ 1,Gosho Aoyama,90.00,1,2,A-05,ว่าง (อยู่บนชั้น)
B500102089,B500102089-C02,โคนัน (Detective Conan) เล่ม 89,เล่มที่ 2,Gosho Aoyama,90.00,1,2,A-05,ว่าง (อยู่บนชั้น)
B500102089,B500102089-C03,โคนัน (Detective Conan) เล่ม 89,เล่มที่ 3,Gosho Aoyama,90.00,1,2,A-05,ว่าง (อยู่บนชั้น)
B500102089,B500102089-C04,โคนัน (Detective Conan) เล่ม 89,เล่มที่ 4,Gosho Aoyama,90.00,1,2,A-05,ว่าง (อยู่บนชั้น)
B500102089,B500102089-C05,โคนัน (Detective Conan) เล่ม 89,เล่มที่ 5,Gosho Aoyama,90.00,1,2,A-05,ว่าง (อยู่บนชั้น)
B500102090,B500102090-C01,โคนัน (Detective Conan) เล่ม 90,เล่มที่ 1,Gosho Aoyama,90.00,1,2,A-05,ว่าง (อยู่บนชั้น)
B500102090,B500102090-C02,โคนัน (Detective Conan) เล่ม 90,เล่มที่ 2,Gosho Aoyama,90.00,1,2,A-05,ว่าง (อยู่บนชั้น)
B500102090,B500102090-C03,โคนัน (Detective Conan) เล่ม 90,เล่มที่ 3,Gosho Aoyama,90.00,1,2,A-05,ว่าง (อยู่บนชั้น)
B500102090,B500102090-C04,โคนัน (Detective Conan) เล่ม 90,เล่มที่ 4,Gosho Aoyama,90.00,1,2,A-05,ว่าง (อยู่บนชั้น)
B500102090,B500102090-C05,โคนัน (Detective Conan) เล่ม 90,เล่มที่ 5,Gosho Aoyama,90.00,1,2,A-05,ว่าง (อยู่บนชั้น)
B500102091,B500102091-C01,โคนัน (Detective Conan) เล่ม 91,เล่มที่ 1,Gosho Aoyama,90.00,1,2,A-05,ว่าง (อยู่บนชั้น)
B500102091,B500102091-C02,โคนัน (Detective Conan) เล่ม 91,เล่มที่ 2,Gosho Aoyama,90.00,1,2,A-05,ว่าง (อยู่บนชั้น)
B500102091,B500102091-C03,โคนัน (Detective Conan) เล่ม 91,เล่มที่ 3,Gosho Aoyama,90.00,1,2,A-05,ว่าง (อยู่บนชั้น)
B500102091,B500102091-C04,โคนัน (Detective Conan) เล่ม 91,เล่มที่ 4,Gosho Aoyama,90.00,1,2,A-05,ว่าง (อยู่บนชั้น)
B500102091,B500102091-C05,โคนัน (Detective Conan) เล่ม 91,เล่มที่ 5,Gosho Aoyama,90.00,1,2,A-05,ว่าง (อยู่บนชั้น)
B500102092,B500102092-C01,โคนัน (Detective Conan) เล่ม 92,เล่มที่ 1,Gosho Aoyama,90.00,1,2,A-05,ว่าง (อยู่บนชั้น)
B500102092,B500102092-C02,โคนัน (Detective Conan) เล่ม 92,เล่มที่ 2,Gosho Aoyama,90.00,1,2,A-05,ว่าง (อยู่บนชั้น)
B500102092,B500102092-C03,โคนัน (Detective Conan) เล่ม 92,เล่มที่ 3,Gosho Aoyama,90.00,1,2,A-05,ว่าง (อยู่บนชั้น)
B500102092,B500102092-C04,โคนัน (Detective Conan) เล่ม 92,เล่มที่ 4,Gosho Aoyama,90.00,1,2,A-05,ว่าง (อยู่บนชั้น)
B500102092,B500102092-C05,โคนัน (Detective Conan) เล่ม 92,เล่มที่ 5,Gosho Aoyama,90.00,1,2,A-05,ว่าง (อยู่บนชั้น)
B500102093,B500102093-C01,โคนัน (Detective Conan) เล่ม 93,เล่มที่ 1,Gosho Aoyama,90.00,1,2,A-05,ว่าง (อยู่บนชั้น)
B500102093,B500102093-C02,โคนัน (Detective Conan) เล่ม 93,เล่มที่ 2,Gosho Aoyama,90.00,1,2,A-05,ว่าง (อยู่บนชั้น)
B500102093,B500102093-C03,โคนัน (Detective Conan) เล่ม 93,เล่มที่ 3,Gosho Aoyama,90.00,1,2,A-05,ว่าง (อยู่บนชั้น)
B500102093,B500102093-C04,โคนัน (Detective Conan) เล่ม 93,เล่มที่ 4,Gosho Aoyama,90.00,1,2,A-05,ว่าง (อยู่บนชั้น)
B500102093,B500102093-C05,โคนัน (Detective Conan) เล่ม 93,เล่มที่ 5,Gosho Aoyama,90.00,1,2,A-05,ว่าง (อยู่บนชั้น)
B500102094,B500102094-C01,โคนัน (Detective Conan) เล่ม 94,เล่มที่ 1,Gosho Aoyama,90.00,1,2,A-05,ว่าง (อยู่บนชั้น)
B500102094,B500102094-C02,โคนัน (Detective Conan) เล่ม 94,เล่มที่ 2,Gosho Aoyama,90.00,1,2,A-05,ว่าง (อยู่บนชั้น)
B500102094,B500102094-C03,โคนัน (Detective Conan) เล่ม 94,เล่มที่ 3,Gosho Aoyama,90.00,1,2,A-05,ว่าง (อยู่บนชั้น)
B500102094,B500102094-C04,โคนัน (Detective Conan) เล่ม 94,เล่มที่ 4,Gosho Aoyama,90.00,1,2,A-05,ว่าง (อยู่บนชั้น)
B500102094,B500102094-C05,โคนัน (Detective Conan) เล่ม 94,เล่มที่ 5,Gosho Aoyama,90.00,1,2,A-05,ว่าง (อยู่บนชั้น)
B500102095,B500102095-C01,โคนัน (Detective Conan) เล่ม 95,เล่มที่ 1,Gosho Aoyama,90.00,1,2,A-05,ว่าง (อยู่บนชั้น)
B500102095,B500102095-C02,โคนัน (Detective Conan) เล่ม 95,เล่มที่ 2,Gosho Aoyama,90.00,1,2,A-05,ว่าง (อยู่บนชั้น)
B500102095,B500102095-C03,โคนัน (Detective Conan) เล่ม 95,เล่มที่ 3,Gosho Aoyama,90.00,1,2,A-05,ว่าง (อยู่บนชั้น)
B500102095,B500102095-C04,โคนัน (Detective Conan) เล่ม 95,เล่มที่ 4,Gosho Aoyama,90.00,1,2,A-05,ว่าง (อยู่บนชั้น)
B500102095,B500102095-C05,โคนัน (Detective Conan) เล่ม 95,เล่มที่ 5,Gosho Aoyama,90.00,1,2,A-05,ว่าง (อยู่บนชั้น)
B500102096,B500102096-C01,โคนัน (Detective Conan) เล่ม 96,เล่มที่ 1,Gosho Aoyama,90.00,1,2,A-05,ว่าง (อยู่บนชั้น)
B500102096,B500102096-C02,โคนัน (Detective Conan) เล่ม 96,เล่มที่ 2,Gosho Aoyama,90.00,1,2,A-05,ว่าง (อยู่บนชั้น)
B500102096,B500102096-C03,โคนัน (Detective Conan) เล่ม 96,เล่มที่ 3,Gosho Aoyama,90.00,1,2,A-05,ว่าง (อยู่บนชั้น)
B500102096,B500102096-C04,โคนัน (Detective Conan) เล่ม 96,เล่มที่ 4,Gosho Aoyama,90.00,1,2,A-05,ว่าง (อยู่บนชั้น)
B500102096,B500102096-C05,โคนัน (Detective Conan) เล่ม 96,เล่มที่ 5,Gosho Aoyama,90.00,1,2,A-05,ว่าง (อยู่บนชั้น)
B500102097,B500102097-C01,โคนัน (Detective Conan) เล่ม 97,เล่มที่ 1,Gosho Aoyama,90.00,1,2,A-05,ว่าง (อยู่บนชั้น)
B500102097,B500102097-C02,โคนัน (Detective Conan) เล่ม 97,เล่มที่ 2,Gosho Aoyama,90.00,1,2,A-05,ว่าง (อยู่บนชั้น)
B500102097,B500102097-C03,โคนัน (Detective Conan) เล่ม 97,เล่มที่ 3,Gosho Aoyama,90.00,1,2,A-05,ว่าง (อยู่บนชั้น)
B500102097,B500102097-C04,โคนัน (Detective Conan) เล่ม 97,เล่มที่ 4,Gosho Aoyama,90.00,1,2,A-05,ว่าง (อยู่บนชั้น)
B500102097,B500102097-C05,โคนัน (Detective Conan) เล่ม 97,เล่มที่ 5,Gosho Aoyama,90.00,1,2,A-05,ว่าง (อยู่บนชั้น)
B500102098,B500102098-C01,โคนัน (Detective Conan) เล่ม 98,เล่มที่ 1,Gosho Aoyama,90.00,1,2,A-05,ว่าง (อยู่บนชั้น)
B500102098,B500102098-C02,โคนัน (Detective Conan) เล่ม 98,เล่มที่ 2,Gosho Aoyama,90.00,1,2,A-05,ว่าง (อยู่บนชั้น)
B500102098,B500102098-C03,โคนัน (Detective Conan) เล่ม 98,เล่มที่ 3,Gosho Aoyama,90.00,1,2,A-05,ว่าง (อยู่บนชั้น)
B500102098,B500102098-C04,โคนัน (Detective Conan) เล่ม 98,เล่มที่ 4,Gosho Aoyama,90.00,1,2,A-05,ว่าง (อยู่บนชั้น)
B500102098,B500102098-C05,โคนัน (Detective Conan) เล่ม 98,เล่มที่ 5,Gosho Aoyama,90.00,1,2,A-05,ว่าง (อยู่บนชั้น)
B500102099,B500102099-C01,โคนัน (Detective Conan) เล่ม 99,เล่มที่ 1,Gosho Aoyama,90.00,1,2,A-05,ว่าง (อยู่บนชั้น)
B500102099,B500102099-C02,โคนัน (Detective Conan) เล่ม 99,เล่มที่ 2,Gosho Aoyama,90.00,1,2,A-05,ว่าง (อยู่บนชั้น)
B500102099,B500102099-C03,โคนัน (Detective Conan) เล่ม 99,เล่มที่ 3,Gosho Aoyama,90.00,1,2,A-05,ว่าง (อยู่บนชั้น)
B500102099,B500102099-C04,โคนัน (Detective Conan) เล่ม 99,เล่มที่ 4,Gosho Aoyama,90.00,1,2,A-05,ว่าง (อยู่บนชั้น)
B500102099,B500102099-C05,โคนัน (Detective Conan) เล่ม 99,เล่มที่ 5,Gosho Aoyama,90.00,1,2,A-05,ว่าง (อยู่บนชั้น)
B500102100,B500102100-C01,โคนัน (Detective Conan) เล่ม 100,เล่มที่ 1,Gosho Aoyama,90.00,1,2,A-05,ว่าง (อยู่บนชั้น)
B500102100,B500102100-C02,โคนัน (Detective Conan) เล่ม 100,เล่มที่ 2,Gosho Aoyama,90.00,1,2,A-05,ว่าง (อยู่บนชั้น)
B500102100,B500102100-C03,โคนัน (Detective Conan) เล่ม 100,เล่มที่ 3,Gosho Aoyama,90.00,1,2,A-05,ว่าง (อยู่บนชั้น)
B500102100,B500102100-C04,โคนัน (Detective Conan) เล่ม 100,เล่มที่ 4,Gosho Aoyama,90.00,1,2,A-05,ว่าง (อยู่บนชั้น)
B500102100,B500102100-C05,โคนัน (Detective Conan) เล่ม 100,เล่มที่ 5,Gosho Aoyama,90.00,1,2,A-05,ว่าง (อยู่บนชั้น)
B500102101,B500102101-C01,โคนัน (Detective Conan) เล่ม 101,เล่มที่ 1,Gosho Aoyama,90.00,1,2,A-05,ว่าง (อยู่บนชั้น)
B500102101,B500102101-C02,โคนัน (Detective Conan) เล่ม 101,เล่มที่ 2,Gosho Aoyama,90.00,1,2,A-05,ว่าง (อยู่บนชั้น)
B500102101,B500102101-C03,โคนัน (Detective Conan) เล่ม 101,เล่มที่ 3,Gosho Aoyama,90.00,1,2,A-05,ว่าง (อยู่บนชั้น)
B500102101,B500102101-C04,โคนัน (Detective Conan) เล่ม 101,เล่มที่ 4,Gosho Aoyama,90.00,1,2,A-05,ว่าง (อยู่บนชั้น)
B500102101,B500102101-C05,โคนัน (Detective Conan) เล่ม 101,เล่มที่ 5,Gosho Aoyama,90.00,1,2,A-05,ว่าง (อยู่บนชั้น)
B500102102,B500102102-C01,โคนัน (Detective Conan) เล่ม 102,เล่มที่ 1,Gosho Aoyama,90.00,1,2,A-05,ว่าง (อยู่บนชั้น)
B500102102,B500102102-C02,โคนัน (Detective Conan) เล่ม 102,เล่มที่ 2,Gosho Aoyama,90.00,1,2,A-05,ว่าง (อยู่บนชั้น)
B500102102,B500102102-C03,โคนัน (Detective Conan) เล่ม 102,เล่มที่ 3,Gosho Aoyama,90.00,1,2,A-05,ว่าง (อยู่บนชั้น)
B500102102,B500102102-C04,โคนัน (Detective Conan) เล่ม 102,เล่มที่ 4,Gosho Aoyama,90.00,1,2,A-05,ว่าง (อยู่บนชั้น)
B500102102,B500102102-C05,โคนัน (Detective Conan) เล่ม 102,เล่มที่ 5,Gosho Aoyama,90.00,1,2,A-05,ว่าง (อยู่บนชั้น)
B500102103,B500102103-C01,โคนัน (Detective Conan) เล่ม 103,เล่มที่ 1,Gosho Aoyama,90.00,1,2,A-05,ว่าง (อยู่บนชั้น)
B500102103,B500102103-C02,โคนัน (Detective Conan) เล่ม 103,เล่มที่ 2,Gosho Aoyama,90.00,1,2,A-05,ว่าง (อยู่บนชั้น)
B500102103,B500102103-C03,โคนัน (Detective Conan) เล่ม 103,เล่มที่ 3,Gosho Aoyama,90.00,1,2,A-05,ว่าง (อยู่บนชั้น)
B500102103,B500102103-C04,โคนัน (Detective Conan) เล่ม 103,เล่มที่ 4,Gosho Aoyama,90.00,1,2,A-05,ว่าง (อยู่บนชั้น)
B500102103,B500102103-C05,โคนัน (Detective Conan) เล่ม 103,เล่มที่ 5,Gosho Aoyama,90.00,1,2,A-05,ว่าง (อยู่บนชั้น)
B500102104,B500102104-C01,โคนัน (Detective Conan) เล่ม 104,เล่มที่ 1,Gosho Aoyama,90.00,1,2,A-05,ว่าง (อยู่บนชั้น)
B500102104,B500102104-C02,โคนัน (Detective Conan) เล่ม 104,เล่มที่ 2,Gosho Aoyama,90.00,1,2,A-05,ว่าง (อยู่บนชั้น)
B500102104,B500102104-C03,โคนัน (Detective Conan) เล่ม 104,เล่มที่ 3,Gosho Aoyama,90.00,1,2,A-05,ว่าง (อยู่บนชั้น)
B500102104,B500102104-C04,โคนัน (Detective Conan) เล่ม 104,เล่มที่ 4,Gosho Aoyama,90.00,1,2,A-05,ว่าง (อยู่บนชั้น)
B500102104,B500102104-C05,โคนัน (Detective Conan) เล่ม 104,เล่มที่ 5,Gosho Aoyama,90.00,1,2,A-05,ว่าง (อยู่บนชั้น)
B500102105,B500102105-C01,โคนัน (Detective Conan) เล่ม 105,เล่มที่ 1,Gosho Aoyama,90.00,1,2,A-05,ว่าง (อยู่บนชั้น)
B500102105,B500102105-C02,โคนัน (Detective Conan) เล่ม 105,เล่มที่ 2,Gosho Aoyama,90.00,1,2,A-05,ว่าง (อยู่บนชั้น)
B500102105,B500102105-C03,โคนัน (Detective Conan) เล่ม 105,เล่มที่ 3,Gosho Aoyama,90.00,1,2,A-05,ว่าง (อยู่บนชั้น)
B500102105,B500102105-C04,โคนัน (Detective Conan) เล่ม 105,เล่มที่ 4,Gosho Aoyama,90.00,1,2,A-05,ว่าง (อยู่บนชั้น)
B500102105,B500102105-C05,โคนัน (Detective Conan) เล่ม 105,เล่มที่ 5,Gosho Aoyama,90.00,1,2,A-05,ว่าง (อยู่บนชั้น)
B500102106,B500102106-C01,โคนัน (Detective Conan) เล่ม 106,เล่มที่ 1,Gosho Aoyama,90.00,1,2,A-05,ว่าง (อยู่บนชั้น)
B500102106,B500102106-C02,โคนัน (Detective Conan) เล่ม 106,เล่มที่ 2,Gosho Aoyama,90.00,1,2,A-05,ว่าง (อยู่บนชั้น)
B500102106,B500102106-C03,โคนัน (Detective Conan) เล่ม 106,เล่มที่ 3,Gosho Aoyama,90.00,1,2,A-05,ว่าง (อยู่บนชั้น)
B500102106,B500102106-C04,โคนัน (Detective Conan) เล่ม 106,เล่มที่ 4,Gosho Aoyama,90.00,1,2,A-05,ว่าง (อยู่บนชั้น)
B500102106,B500102106-C05,โคนัน (Detective Conan) เล่ม 106,เล่มที่ 5,Gosho Aoyama,90.00,1,2,A-05,ว่าง (อยู่บนชั้น)
B500102107,B500102107-C01,โคนัน (Detective Conan) เล่ม 107,เล่มที่ 1,Gosho Aoyama,90.00,1,2,A-05,ว่าง (อยู่บนชั้น)
B500102107,B500102107-C02,โคนัน (Detective Conan) เล่ม 107,เล่มที่ 2,Gosho Aoyama,90.00,1,2,A-05,ว่าง (อยู่บนชั้น)
B500102107,B500102107-C03,โคนัน (Detective Conan) เล่ม 107,เล่มที่ 3,Gosho Aoyama,90.00,1,2,A-05,ว่าง (อยู่บนชั้น)
B500102107,B500102107-C04,โคนัน (Detective Conan) เล่ม 107,เล่มที่ 4,Gosho Aoyama,90.00,1,2,A-05,ว่าง (อยู่บนชั้น)
B500102107,B500102107-C05,โคนัน (Detective Conan) เล่ม 107,เล่มที่ 5,Gosho Aoyama,90.00,1,2,A-05,ว่าง (อยู่บนชั้น)
B510103001,B510103001-C01,Spy x Family เล่ม 1,เล่มที่ 1,Tatsuya Endo,95.00,1,3,A-06,ว่าง (อยู่บนชั้น)
B510103001,B510103001-C02,Spy x Family เล่ม 1,เล่มที่ 2,Tatsuya Endo,95.00,1,3,A-06,ว่าง (อยู่บนชั้น)
B510103001,B510103001-C03,Spy x Family เล่ม 1,เล่มที่ 3,Tatsuya Endo,95.00,1,3,A-06,ว่าง (อยู่บนชั้น)
B510103001,B510103001-C04,Spy x Family เล่ม 1,เล่มที่ 4,Tatsuya Endo,95.00,1,3,A-06,ว่าง (อยู่บนชั้น)
B510103001,B510103001-C05,Spy x Family เล่ม 1,เล่มที่ 5,Tatsuya Endo,95.00,1,3,A-06,ว่าง (อยู่บนชั้น)
B510103002,B510103002-C01,Spy x Family เล่ม 2,เล่มที่ 1,Tatsuya Endo,95.00,1,3,A-06,ว่าง (อยู่บนชั้น)
B510103002,B510103002-C02,Spy x Family เล่ม 2,เล่มที่ 2,Tatsuya Endo,95.00,1,3,A-06,ว่าง (อยู่บนชั้น)
B510103002,B510103002-C03,Spy x Family เล่ม 2,เล่มที่ 3,Tatsuya Endo,95.00,1,3,A-06,ว่าง (อยู่บนชั้น)
B510103002,B510103002-C04,Spy x Family เล่ม 2,เล่มที่ 4,Tatsuya Endo,95.00,1,3,A-06,ว่าง (อยู่บนชั้น)
B510103002,B510103002-C05,Spy x Family เล่ม 2,เล่มที่ 5,Tatsuya Endo,95.00,1,3,A-06,ว่าง (อยู่บนชั้น)
B510103003,B510103003-C01,Spy x Family เล่ม 3,เล่มที่ 1,Tatsuya Endo,95.00,1,3,A-06,ว่าง (อยู่บนชั้น)
B510103003,B510103003-C02,Spy x Family เล่ม 3,เล่มที่ 2,Tatsuya Endo,95.00,1,3,A-06,ว่าง (อยู่บนชั้น)
B510103003,B510103003-C03,Spy x Family เล่ม 3,เล่มที่ 3,Tatsuya Endo,95.00,1,3,A-06,ว่าง (อยู่บนชั้น)
B510103003,B510103003-C04,Spy x Family เล่ม 3,เล่มที่ 4,Tatsuya Endo,95.00,1,3,A-06,ว่าง (อยู่บนชั้น)
B510103003,B510103003-C05,Spy x Family เล่ม 3,เล่มที่ 5,Tatsuya Endo,95.00,1,3,A-06,ว่าง (อยู่บนชั้น)
B510103004,B510103004-C01,Spy x Family เล่ม 4,เล่มที่ 1,Tatsuya Endo,95.00,1,3,A-06,ว่าง (อยู่บนชั้น)
B510103004,B510103004-C02,Spy x Family เล่ม 4,เล่มที่ 2,Tatsuya Endo,95.00,1,3,A-06,ว่าง (อยู่บนชั้น)
B510103004,B510103004-C03,Spy x Family เล่ม 4,เล่มที่ 3,Tatsuya Endo,95.00,1,3,A-06,ว่าง (อยู่บนชั้น)
B510103004,B510103004-C04,Spy x Family เล่ม 4,เล่มที่ 4,Tatsuya Endo,95.00,1,3,A-06,ว่าง (อยู่บนชั้น)
B510103004,B510103004-C05,Spy x Family เล่ม 4,เล่มที่ 5,Tatsuya Endo,95.00,1,3,A-06,ว่าง (อยู่บนชั้น)
B510103005,B510103005-C01,Spy x Family เล่ม 5,เล่มที่ 1,Tatsuya Endo,95.00,1,3,A-06,ว่าง (อยู่บนชั้น)
B510103005,B510103005-C02,Spy x Family เล่ม 5,เล่มที่ 2,Tatsuya Endo,95.00,1,3,A-06,ว่าง (อยู่บนชั้น)
B510103005,B510103005-C03,Spy x Family เล่ม 5,เล่มที่ 3,Tatsuya Endo,95.00,1,3,A-06,ว่าง (อยู่บนชั้น)
B510103005,B510103005-C04,Spy x Family เล่ม 5,เล่มที่ 4,Tatsuya Endo,95.00,1,3,A-06,ว่าง (อยู่บนชั้น)
B510103005,B510103005-C05,Spy x Family เล่ม 5,เล่มที่ 5,Tatsuya Endo,95.00,1,3,A-06,ว่าง (อยู่บนชั้น)
B510103006,B510103006-C01,Spy x Family เล่ม 6,เล่มที่ 1,Tatsuya Endo,95.00,1,3,A-06,ว่าง (อยู่บนชั้น)
B510103006,B510103006-C02,Spy x Family เล่ม 6,เล่มที่ 2,Tatsuya Endo,95.00,1,3,A-06,ว่าง (อยู่บนชั้น)
B510103006,B510103006-C03,Spy x Family เล่ม 6,เล่มที่ 3,Tatsuya Endo,95.00,1,3,A-06,ว่าง (อยู่บนชั้น)
B510103006,B510103006-C04,Spy x Family เล่ม 6,เล่มที่ 4,Tatsuya Endo,95.00,1,3,A-06,ว่าง (อยู่บนชั้น)
B510103006,B510103006-C05,Spy x Family เล่ม 6,เล่มที่ 5,Tatsuya Endo,95.00,1,3,A-06,ว่าง (อยู่บนชั้น)
B510103007,B510103007-C01,Spy x Family เล่ม 7,เล่มที่ 1,Tatsuya Endo,95.00,1,3,A-06,ว่าง (อยู่บนชั้น)
B510103007,B510103007-C02,Spy x Family เล่ม 7,เล่มที่ 2,Tatsuya Endo,95.00,1,3,A-06,ว่าง (อยู่บนชั้น)
B510103007,B510103007-C03,Spy x Family เล่ม 7,เล่มที่ 3,Tatsuya Endo,95.00,1,3,A-06,ว่าง (อยู่บนชั้น)
B510103007,B510103007-C04,Spy x Family เล่ม 7,เล่มที่ 4,Tatsuya Endo,95.00,1,3,A-06,ว่าง (อยู่บนชั้น)
B510103007,B510103007-C05,Spy x Family เล่ม 7,เล่มที่ 5,Tatsuya Endo,95.00,1,3,A-06,ว่าง (อยู่บนชั้น)
B510103008,B510103008-C01,Spy x Family เล่ม 8,เล่มที่ 1,Tatsuya Endo,95.00,1,3,A-06,ว่าง (อยู่บนชั้น)
B510103008,B510103008-C02,Spy x Family เล่ม 8,เล่มที่ 2,Tatsuya Endo,95.00,1,3,A-06,ว่าง (อยู่บนชั้น)
B510103008,B510103008-C03,Spy x Family เล่ม 8,เล่มที่ 3,Tatsuya Endo,95.00,1,3,A-06,ว่าง (อยู่บนชั้น)
B510103008,B510103008-C04,Spy x Family เล่ม 8,เล่มที่ 4,Tatsuya Endo,95.00,1,3,A-06,ว่าง (อยู่บนชั้น)
B510103008,B510103008-C05,Spy x Family เล่ม 8,เล่มที่ 5,Tatsuya Endo,95.00,1,3,A-06,ว่าง (อยู่บนชั้น)
B510103009,B510103009-C01,Spy x Family เล่ม 9,เล่มที่ 1,Tatsuya Endo,95.00,1,3,A-06,ว่าง (อยู่บนชั้น)
B510103009,B510103009-C02,Spy x Family เล่ม 9,เล่มที่ 2,Tatsuya Endo,95.00,1,3,A-06,ว่าง (อยู่บนชั้น)
B510103009,B510103009-C03,Spy x Family เล่ม 9,เล่มที่ 3,Tatsuya Endo,95.00,1,3,A-06,ว่าง (อยู่บนชั้น)
B510103009,B510103009-C04,Spy x Family เล่ม 9,เล่มที่ 4,Tatsuya Endo,95.00,1,3,A-06,ว่าง (อยู่บนชั้น)
B510103009,B510103009-C05,Spy x Family เล่ม 9,เล่มที่ 5,Tatsuya Endo,95.00,1,3,A-06,ว่าง (อยู่บนชั้น)
B510103010,B510103010-C01,Spy x Family เล่ม 10,เล่มที่ 1,Tatsuya Endo,95.00,1,3,A-06,ว่าง (อยู่บนชั้น)
B510103010,B510103010-C02,Spy x Family เล่ม 10,เล่มที่ 2,Tatsuya Endo,95.00,1,3,A-06,ว่าง (อยู่บนชั้น)
B510103010,B510103010-C03,Spy x Family เล่ม 10,เล่มที่ 3,Tatsuya Endo,95.00,1,3,A-06,ว่าง (อยู่บนชั้น)
B510103010,B510103010-C04,Spy x Family เล่ม 10,เล่มที่ 4,Tatsuya Endo,95.00,1,3,A-06,ว่าง (อยู่บนชั้น)
B510103010,B510103010-C05,Spy x Family เล่ม 10,เล่มที่ 5,Tatsuya Endo,95.00,1,3,A-06,ว่าง (อยู่บนชั้น)
B510103011,B510103011-C01,Spy x Family เล่ม 11,เล่มที่ 1,Tatsuya Endo,95.00,1,3,A-06,ว่าง (อยู่บนชั้น)
B510103011,B510103011-C02,Spy x Family เล่ม 11,เล่มที่ 2,Tatsuya Endo,95.00,1,3,A-06,ว่าง (อยู่บนชั้น)
B510103011,B510103011-C03,Spy x Family เล่ม 11,เล่มที่ 3,Tatsuya Endo,95.00,1,3,A-06,ว่าง (อยู่บนชั้น)
B510103011,B510103011-C04,Spy x Family เล่ม 11,เล่มที่ 4,Tatsuya Endo,95.00,1,3,A-06,ว่าง (อยู่บนชั้น)
B510103011,B510103011-C05,Spy x Family เล่ม 11,เล่มที่ 5,Tatsuya Endo,95.00,1,3,A-06,ว่าง (อยู่บนชั้น)
B510103012,B510103012-C01,Spy x Family เล่ม 12,เล่มที่ 1,Tatsuya Endo,95.00,1,3,A-06,ว่าง (อยู่บนชั้น)
B510103012,B510103012-C02,Spy x Family เล่ม 12,เล่มที่ 2,Tatsuya Endo,95.00,1,3,A-06,ว่าง (อยู่บนชั้น)
B510103012,B510103012-C03,Spy x Family เล่ม 12,เล่มที่ 3,Tatsuya Endo,95.00,1,3,A-06,ว่าง (อยู่บนชั้น)
B510103012,B510103012-C04,Spy x Family เล่ม 12,เล่มที่ 4,Tatsuya Endo,95.00,1,3,A-06,ว่าง (อยู่บนชั้น)
B510103012,B510103012-C05,Spy x Family เล่ม 12,เล่มที่ 5,Tatsuya Endo,95.00,1,3,A-06,ว่าง (อยู่บนชั้น)
B510103013,B510103013-C01,Spy x Family เล่ม 13,เล่มที่ 1,Tatsuya Endo,95.00,1,3,A-06,ว่าง (อยู่บนชั้น)
B510103013,B510103013-C02,Spy x Family เล่ม 13,เล่มที่ 2,Tatsuya Endo,95.00,1,3,A-06,ว่าง (อยู่บนชั้น)
B510103013,B510103013-C03,Spy x Family เล่ม 13,เล่มที่ 3,Tatsuya Endo,95.00,1,3,A-06,ว่าง (อยู่บนชั้น)
B510103013,B510103013-C04,Spy x Family เล่ม 13,เล่มที่ 4,Tatsuya Endo,95.00,1,3,A-06,ว่าง (อยู่บนชั้น)
B510103013,B510103013-C05,Spy x Family เล่ม 13,เล่มที่ 5,Tatsuya Endo,95.00,1,3,A-06,ว่าง (อยู่บนชั้น)
B510103014,B510103014-C01,Spy x Family เล่ม 14,เล่มที่ 1,Tatsuya Endo,95.00,1,3,A-06,ว่าง (อยู่บนชั้น)
B510103014,B510103014-C02,Spy x Family เล่ม 14,เล่มที่ 2,Tatsuya Endo,95.00,1,3,A-06,ว่าง (อยู่บนชั้น)
B510103014,B510103014-C03,Spy x Family เล่ม 14,เล่มที่ 3,Tatsuya Endo,95.00,1,3,A-06,ว่าง (อยู่บนชั้น)
B510103014,B510103014-C04,Spy x Family เล่ม 14,เล่มที่ 4,Tatsuya Endo,95.00,1,3,A-06,ว่าง (อยู่บนชั้น)
B510103014,B510103014-C05,Spy x Family เล่ม 14,เล่มที่ 5,Tatsuya Endo,95.00,1,3,A-06,ว่าง (อยู่บนชั้น)
B510103015,B510103015-C01,Spy x Family เล่ม 15,เล่มที่ 1,Tatsuya Endo,95.00,1,3,A-06,ว่าง (อยู่บนชั้น)
B510103015,B510103015-C02,Spy x Family เล่ม 15,เล่มที่ 2,Tatsuya Endo,95.00,1,3,A-06,ว่าง (อยู่บนชั้น)
B510103015,B510103015-C03,Spy x Family เล่ม 15,เล่มที่ 3,Tatsuya Endo,95.00,1,3,A-06,ว่าง (อยู่บนชั้น)
B510103015,B510103015-C04,Spy x Family เล่ม 15,เล่มที่ 4,Tatsuya Endo,95.00,1,3,A-06,ว่าง (อยู่บนชั้น)
B510103015,B510103015-C05,Spy x Family เล่ม 15,เล่มที่ 5,Tatsuya Endo,95.00,1,3,A-06,ว่าง (อยู่บนชั้น)
B510103016,B510103016-C01,Spy x Family เล่ม 16,เล่มที่ 1,Tatsuya Endo,95.00,1,3,A-06,ว่าง (อยู่บนชั้น)
B510103016,B510103016-C02,Spy x Family เล่ม 16,เล่มที่ 2,Tatsuya Endo,95.00,1,3,A-06,ว่าง (อยู่บนชั้น)
B510103016,B510103016-C03,Spy x Family เล่ม 16,เล่มที่ 3,Tatsuya Endo,95.00,1,3,A-06,ว่าง (อยู่บนชั้น)
B510103016,B510103016-C04,Spy x Family เล่ม 16,เล่มที่ 4,Tatsuya Endo,95.00,1,3,A-06,ว่าง (อยู่บนชั้น)
B510103016,B510103016-C05,Spy x Family เล่ม 16,เล่มที่ 5,Tatsuya Endo,95.00,1,3,A-06,ว่าง (อยู่บนชั้น)
B520103001,B520103001-C01,ไม่อยากถ้ายาก เล่ม 1,เล่มที่ 1,Koji Kumeta,75.00,1,3,B-01,ว่าง (อยู่บนชั้น)
B520103001,B520103001-C02,ไม่อยากถ้ายาก เล่ม 1,เล่มที่ 2,Koji Kumeta,75.00,1,3,B-01,ว่าง (อยู่บนชั้น)
B520103001,B520103001-C03,ไม่อยากถ้ายาก เล่ม 1,เล่มที่ 3,Koji Kumeta,75.00,1,3,B-01,ว่าง (อยู่บนชั้น)
B520103001,B520103001-C04,ไม่อยากถ้ายาก เล่ม 1,เล่มที่ 4,Koji Kumeta,75.00,1,3,B-01,ว่าง (อยู่บนชั้น)
B520103001,B520103001-C05,ไม่อยากถ้ายาก เล่ม 1,เล่มที่ 5,Koji Kumeta,75.00,1,3,B-01,ว่าง (อยู่บนชั้น)
B520103002,B520103002-C01,ไม่อยากถ้ายาก เล่ม 2,เล่มที่ 1,Koji Kumeta,75.00,1,3,B-01,ว่าง (อยู่บนชั้น)
B520103002,B520103002-C02,ไม่อยากถ้ายาก เล่ม 2,เล่มที่ 2,Koji Kumeta,75.00,1,3,B-01,ว่าง (อยู่บนชั้น)
B520103002,B520103002-C03,ไม่อยากถ้ายาก เล่ม 2,เล่มที่ 3,Koji Kumeta,75.00,1,3,B-01,ว่าง (อยู่บนชั้น)
B520103002,B520103002-C04,ไม่อยากถ้ายาก เล่ม 2,เล่มที่ 4,Koji Kumeta,75.00,1,3,B-01,ว่าง (อยู่บนชั้น)
B520103002,B520103002-C05,ไม่อยากถ้ายาก เล่ม 2,เล่มที่ 5,Koji Kumeta,75.00,1,3,B-01,ว่าง (อยู่บนชั้น)
B520103003,B520103003-C01,ไม่อยากถ้ายาก เล่ม 3,เล่มที่ 1,Koji Kumeta,75.00,1,3,B-01,ว่าง (อยู่บนชั้น)
B520103003,B520103003-C02,ไม่อยากถ้ายาก เล่ม 3,เล่มที่ 2,Koji Kumeta,75.00,1,3,B-01,ว่าง (อยู่บนชั้น)
B520103003,B520103003-C03,ไม่อยากถ้ายาก เล่ม 3,เล่มที่ 3,Koji Kumeta,75.00,1,3,B-01,ว่าง (อยู่บนชั้น)
B520103003,B520103003-C04,ไม่อยากถ้ายาก เล่ม 3,เล่มที่ 4,Koji Kumeta,75.00,1,3,B-01,ว่าง (อยู่บนชั้น)
B520103003,B520103003-C05,ไม่อยากถ้ายาก เล่ม 3,เล่มที่ 5,Koji Kumeta,75.00,1,3,B-01,ว่าง (อยู่บนชั้น)
B520103004,B520103004-C01,ไม่อยากถ้ายาก เล่ม 4,เล่มที่ 1,Koji Kumeta,75.00,1,3,B-01,ว่าง (อยู่บนชั้น)
B520103004,B520103004-C02,ไม่อยากถ้ายาก เล่ม 4,เล่มที่ 2,Koji Kumeta,75.00,1,3,B-01,ว่าง (อยู่บนชั้น)
B520103004,B520103004-C03,ไม่อยากถ้ายาก เล่ม 4,เล่มที่ 3,Koji Kumeta,75.00,1,3,B-01,ว่าง (อยู่บนชั้น)
B520103004,B520103004-C04,ไม่อยากถ้ายาก เล่ม 4,เล่มที่ 4,Koji Kumeta,75.00,1,3,B-01,ว่าง (อยู่บนชั้น)
B520103004,B520103004-C05,ไม่อยากถ้ายาก เล่ม 4,เล่มที่ 5,Koji Kumeta,75.00,1,3,B-01,ว่าง (อยู่บนชั้น)
B520103005,B520103005-C01,ไม่อยากถ้ายาก เล่ม 5,เล่มที่ 1,Koji Kumeta,75.00,1,3,B-01,ว่าง (อยู่บนชั้น)
B520103005,B520103005-C02,ไม่อยากถ้ายาก เล่ม 5,เล่มที่ 2,Koji Kumeta,75.00,1,3,B-01,ว่าง (อยู่บนชั้น)
B520103005,B520103005-C03,ไม่อยากถ้ายาก เล่ม 5,เล่มที่ 3,Koji Kumeta,75.00,1,3,B-01,ว่าง (อยู่บนชั้น)
B520103005,B520103005-C04,ไม่อยากถ้ายาก เล่ม 5,เล่มที่ 4,Koji Kumeta,75.00,1,3,B-01,ว่าง (อยู่บนชั้น)
B520103005,B520103005-C05,ไม่อยากถ้ายาก เล่ม 5,เล่มที่ 5,Koji Kumeta,75.00,1,3,B-01,ว่าง (อยู่บนชั้น)
B520103006,B520103006-C01,ไม่อยากถ้ายาก เล่ม 6,เล่มที่ 1,Koji Kumeta,75.00,1,3,B-01,ว่าง (อยู่บนชั้น)
B520103006,B520103006-C02,ไม่อยากถ้ายาก เล่ม 6,เล่มที่ 2,Koji Kumeta,75.00,1,3,B-01,ว่าง (อยู่บนชั้น)
B520103006,B520103006-C03,ไม่อยากถ้ายาก เล่ม 6,เล่มที่ 3,Koji Kumeta,75.00,1,3,B-01,ว่าง (อยู่บนชั้น)
B520103006,B520103006-C04,ไม่อยากถ้ายาก เล่ม 6,เล่มที่ 4,Koji Kumeta,75.00,1,3,B-01,ว่าง (อยู่บนชั้น)
B520103006,B520103006-C05,ไม่อยากถ้ายาก เล่ม 6,เล่มที่ 5,Koji Kumeta,75.00,1,3,B-01,ว่าง (อยู่บนชั้น)
B520103007,B520103007-C01,ไม่อยากถ้ายาก เล่ม 7,เล่มที่ 1,Koji Kumeta,75.00,1,3,B-01,ว่าง (อยู่บนชั้น)
B520103007,B520103007-C02,ไม่อยากถ้ายาก เล่ม 7,เล่มที่ 2,Koji Kumeta,75.00,1,3,B-01,ว่าง (อยู่บนชั้น)
B520103007,B520103007-C03,ไม่อยากถ้ายาก เล่ม 7,เล่มที่ 3,Koji Kumeta,75.00,1,3,B-01,ว่าง (อยู่บนชั้น)
B520103007,B520103007-C04,ไม่อยากถ้ายาก เล่ม 7,เล่มที่ 4,Koji Kumeta,75.00,1,3,B-01,ว่าง (อยู่บนชั้น)
B520103007,B520103007-C05,ไม่อยากถ้ายาก เล่ม 7,เล่มที่ 5,Koji Kumeta,75.00,1,3,B-01,ว่าง (อยู่บนชั้น)
B520103008,B520103008-C01,ไม่อยากถ้ายาก เล่ม 8,เล่มที่ 1,Koji Kumeta,75.00,1,3,B-01,ว่าง (อยู่บนชั้น)
B520103008,B520103008-C02,ไม่อยากถ้ายาก เล่ม 8,เล่มที่ 2,Koji Kumeta,75.00,1,3,B-01,ว่าง (อยู่บนชั้น)
B520103008,B520103008-C03,ไม่อยากถ้ายาก เล่ม 8,เล่มที่ 3,Koji Kumeta,75.00,1,3,B-01,ว่าง (อยู่บนชั้น)
B520103008,B520103008-C04,ไม่อยากถ้ายาก เล่ม 8,เล่มที่ 4,Koji Kumeta,75.00,1,3,B-01,ว่าง (อยู่บนชั้น)
B520103008,B520103008-C05,ไม่อยากถ้ายาก เล่ม 8,เล่มที่ 5,Koji Kumeta,75.00,1,3,B-01,ว่าง (อยู่บนชั้น)
B520103009,B520103009-C01,ไม่อยากถ้ายาก เล่ม 9,เล่มที่ 1,Koji Kumeta,75.00,1,3,B-01,ว่าง (อยู่บนชั้น)
B520103009,B520103009-C02,ไม่อยากถ้ายาก เล่ม 9,เล่มที่ 2,Koji Kumeta,75.00,1,3,B-01,ว่าง (อยู่บนชั้น)
B520103009,B520103009-C03,ไม่อยากถ้ายาก เล่ม 9,เล่มที่ 3,Koji Kumeta,75.00,1,3,B-01,ว่าง (อยู่บนชั้น)
B520103009,B520103009-C04,ไม่อยากถ้ายาก เล่ม 9,เล่มที่ 4,Koji Kumeta,75.00,1,3,B-01,ว่าง (อยู่บนชั้น)
B520103009,B520103009-C05,ไม่อยากถ้ายาก เล่ม 9,เล่มที่ 5,Koji Kumeta,75.00,1,3,B-01,ว่าง (อยู่บนชั้น)
B520103010,B520103010-C01,ไม่อยากถ้ายาก เล่ม 10,เล่มที่ 1,Koji Kumeta,75.00,1,3,B-01,ว่าง (อยู่บนชั้น)
B520103010,B520103010-C02,ไม่อยากถ้ายาก เล่ม 10,เล่มที่ 2,Koji Kumeta,75.00,1,3,B-01,ว่าง (อยู่บนชั้น)
B520103010,B520103010-C03,ไม่อยากถ้ายาก เล่ม 10,เล่มที่ 3,Koji Kumeta,75.00,1,3,B-01,ว่าง (อยู่บนชั้น)
B520103010,B520103010-C04,ไม่อยากถ้ายาก เล่ม 10,เล่มที่ 4,Koji Kumeta,75.00,1,3,B-01,ว่าง (อยู่บนชั้น)
B520103010,B520103010-C05,ไม่อยากถ้ายาก เล่ม 10,เล่มที่ 5,Koji Kumeta,75.00,1,3,B-01,ว่าง (อยู่บนชั้น)
B520103011,B520103011-C01,ไม่อยากถ้ายาก เล่ม 11,เล่มที่ 1,Koji Kumeta,75.00,1,3,B-01,ว่าง (อยู่บนชั้น)
B520103011,B520103011-C02,ไม่อยากถ้ายาก เล่ม 11,เล่มที่ 2,Koji Kumeta,75.00,1,3,B-01,ว่าง (อยู่บนชั้น)
B520103011,B520103011-C03,ไม่อยากถ้ายาก เล่ม 11,เล่มที่ 3,Koji Kumeta,75.00,1,3,B-01,ว่าง (อยู่บนชั้น)
B520103011,B520103011-C04,ไม่อยากถ้ายาก เล่ม 11,เล่มที่ 4,Koji Kumeta,75.00,1,3,B-01,ว่าง (อยู่บนชั้น)
B520103011,B520103011-C05,ไม่อยากถ้ายาก เล่ม 11,เล่มที่ 5,Koji Kumeta,75.00,1,3,B-01,ว่าง (อยู่บนชั้น)
B520103012,B520103012-C01,ไม่อยากถ้ายาก เล่ม 12,เล่มที่ 1,Koji Kumeta,75.00,1,3,B-01,ว่าง (อยู่บนชั้น)
B520103012,B520103012-C02,ไม่อยากถ้ายาก เล่ม 12,เล่มที่ 2,Koji Kumeta,75.00,1,3,B-01,ว่าง (อยู่บนชั้น)
B520103012,B520103012-C03,ไม่อยากถ้ายาก เล่ม 12,เล่มที่ 3,Koji Kumeta,75.00,1,3,B-01,ว่าง (อยู่บนชั้น)
B520103012,B520103012-C04,ไม่อยากถ้ายาก เล่ม 12,เล่มที่ 4,Koji Kumeta,75.00,1,3,B-01,ว่าง (อยู่บนชั้น)
B520103012,B520103012-C05,ไม่อยากถ้ายาก เล่ม 12,เล่มที่ 5,Koji Kumeta,75.00,1,3,B-01,ว่าง (อยู่บนชั้น)
B520103013,B520103013-C01,ไม่อยากถ้ายาก เล่ม 13,เล่มที่ 1,Koji Kumeta,75.00,1,3,B-01,ว่าง (อยู่บนชั้น)
B520103013,B520103013-C02,ไม่อยากถ้ายาก เล่ม 13,เล่มที่ 2,Koji Kumeta,75.00,1,3,B-01,ว่าง (อยู่บนชั้น)
B520103013,B520103013-C03,ไม่อยากถ้ายาก เล่ม 13,เล่มที่ 3,Koji Kumeta,75.00,1,3,B-01,ว่าง (อยู่บนชั้น)
B520103013,B520103013-C04,ไม่อยากถ้ายาก เล่ม 13,เล่มที่ 4,Koji Kumeta,75.00,1,3,B-01,ว่าง (อยู่บนชั้น)
B520103013,B520103013-C05,ไม่อยากถ้ายาก เล่ม 13,เล่มที่ 5,Koji Kumeta,75.00,1,3,B-01,ว่าง (อยู่บนชั้น)
B520103014,B520103014-C01,ไม่อยากถ้ายาก เล่ม 14,เล่มที่ 1,Koji Kumeta,75.00,1,3,B-01,ว่าง (อยู่บนชั้น)
B520103014,B520103014-C02,ไม่อยากถ้ายาก เล่ม 14,เล่มที่ 2,Koji Kumeta,75.00,1,3,B-01,ว่าง (อยู่บนชั้น)
B520103014,B520103014-C03,ไม่อยากถ้ายาก เล่ม 14,เล่มที่ 3,Koji Kumeta,75.00,1,3,B-01,ว่าง (อยู่บนชั้น)
B520103014,B520103014-C04,ไม่อยากถ้ายาก เล่ม 14,เล่มที่ 4,Koji Kumeta,75.00,1,3,B-01,ว่าง (อยู่บนชั้น)
B520103014,B520103014-C05,ไม่อยากถ้ายาก เล่ม 14,เล่มที่ 5,Koji Kumeta,75.00,1,3,B-01,ว่าง (อยู่บนชั้น)
B520103015,B520103015-C01,ไม่อยากถ้ายาก เล่ม 15,เล่มที่ 1,Koji Kumeta,75.00,1,3,B-01,ว่าง (อยู่บนชั้น)
B520103015,B520103015-C02,ไม่อยากถ้ายาก เล่ม 15,เล่มที่ 2,Koji Kumeta,75.00,1,3,B-01,ว่าง (อยู่บนชั้น)
B520103015,B520103015-C03,ไม่อยากถ้ายาก เล่ม 15,เล่มที่ 3,Koji Kumeta,75.00,1,3,B-01,ว่าง (อยู่บนชั้น)
B520103015,B520103015-C04,ไม่อยากถ้ายาก เล่ม 15,เล่มที่ 4,Koji Kumeta,75.00,1,3,B-01,ว่าง (อยู่บนชั้น)
B520103015,B520103015-C05,ไม่อยากถ้ายาก เล่ม 15,เล่มที่ 5,Koji Kumeta,75.00,1,3,B-01,ว่าง (อยู่บนชั้น)
B520103016,B520103016-C01,ไม่อยากถ้ายาก เล่ม 16,เล่มที่ 1,Koji Kumeta,75.00,1,3,B-01,ว่าง (อยู่บนชั้น)
B520103016,B520103016-C02,ไม่อยากถ้ายาก เล่ม 16,เล่มที่ 2,Koji Kumeta,75.00,1,3,B-01,ว่าง (อยู่บนชั้น)
B520103016,B520103016-C03,ไม่อยากถ้ายาก เล่ม 16,เล่มที่ 3,Koji Kumeta,75.00,1,3,B-01,ว่าง (อยู่บนชั้น)
B520103016,B520103016-C04,ไม่อยากถ้ายาก เล่ม 16,เล่มที่ 4,Koji Kumeta,75.00,1,3,B-01,ว่าง (อยู่บนชั้น)
B520103016,B520103016-C05,ไม่อยากถ้ายาก เล่ม 16,เล่มที่ 5,Koji Kumeta,75.00,1,3,B-01,ว่าง (อยู่บนชั้น)
B520103017,B520103017-C01,ไม่อยากถ้ายาก เล่ม 17,เล่มที่ 1,Koji Kumeta,75.00,1,3,B-01,ว่าง (อยู่บนชั้น)
B520103017,B520103017-C02,ไม่อยากถ้ายาก เล่ม 17,เล่มที่ 2,Koji Kumeta,75.00,1,3,B-01,ว่าง (อยู่บนชั้น)
B520103017,B520103017-C03,ไม่อยากถ้ายาก เล่ม 17,เล่มที่ 3,Koji Kumeta,75.00,1,3,B-01,ว่าง (อยู่บนชั้น)
B520103017,B520103017-C04,ไม่อยากถ้ายาก เล่ม 17,เล่มที่ 4,Koji Kumeta,75.00,1,3,B-01,ว่าง (อยู่บนชั้น)
B520103017,B520103017-C05,ไม่อยากถ้ายาก เล่ม 17,เล่มที่ 5,Koji Kumeta,75.00,1,3,B-01,ว่าง (อยู่บนชั้น)
B520103018,B520103018-C01,ไม่อยากถ้ายาก เล่ม 18,เล่มที่ 1,Koji Kumeta,75.00,1,3,B-01,ว่าง (อยู่บนชั้น)
B520103018,B520103018-C02,ไม่อยากถ้ายาก เล่ม 18,เล่มที่ 2,Koji Kumeta,75.00,1,3,B-01,ว่าง (อยู่บนชั้น)
B520103018,B520103018-C03,ไม่อยากถ้ายาก เล่ม 18,เล่มที่ 3,Koji Kumeta,75.00,1,3,B-01,ว่าง (อยู่บนชั้น)
B520103018,B520103018-C04,ไม่อยากถ้ายาก เล่ม 18,เล่มที่ 4,Koji Kumeta,75.00,1,3,B-01,ว่าง (อยู่บนชั้น)
B520103018,B520103018-C05,ไม่อยากถ้ายาก เล่ม 18,เล่มที่ 5,Koji Kumeta,75.00,1,3,B-01,ว่าง (อยู่บนชั้น)
B520103019,B520103019-C01,ไม่อยากถ้ายาก เล่ม 19,เล่มที่ 1,Koji Kumeta,75.00,1,3,B-01,ว่าง (อยู่บนชั้น)
B520103019,B520103019-C02,ไม่อยากถ้ายาก เล่ม 19,เล่มที่ 2,Koji Kumeta,75.00,1,3,B-01,ว่าง (อยู่บนชั้น)
B520103019,B520103019-C03,ไม่อยากถ้ายาก เล่ม 19,เล่มที่ 3,Koji Kumeta,75.00,1,3,B-01,ว่าง (อยู่บนชั้น)
B520103019,B520103019-C04,ไม่อยากถ้ายาก เล่ม 19,เล่มที่ 4,Koji Kumeta,75.00,1,3,B-01,ว่าง (อยู่บนชั้น)
B520103019,B520103019-C05,ไม่อยากถ้ายาก เล่ม 19,เล่มที่ 5,Koji Kumeta,75.00,1,3,B-01,ว่าง (อยู่บนชั้น)
B520103020,B520103020-C01,ไม่อยากถ้ายาก เล่ม 20,เล่มที่ 1,Koji Kumeta,75.00,1,3,B-01,ว่าง (อยู่บนชั้น)
B520103020,B520103020-C02,ไม่อยากถ้ายาก เล่ม 20,เล่มที่ 2,Koji Kumeta,75.00,1,3,B-01,ว่าง (อยู่บนชั้น)
B520103020,B520103020-C03,ไม่อยากถ้ายาก เล่ม 20,เล่มที่ 3,Koji Kumeta,75.00,1,3,B-01,ว่าง (อยู่บนชั้น)
B520103020,B520103020-C04,ไม่อยากถ้ายาก เล่ม 20,เล่มที่ 4,Koji Kumeta,75.00,1,3,B-01,ว่าง (อยู่บนชั้น)
B520103020,B520103020-C05,ไม่อยากถ้ายาก เล่ม 20,เล่มที่ 5,Koji Kumeta,75.00,1,3,B-01,ว่าง (อยู่บนชั้น)
B520103021,B520103021-C01,ไม่อยากถ้ายาก เล่ม 21,เล่มที่ 1,Koji Kumeta,75.00,1,3,B-01,ว่าง (อยู่บนชั้น)
B520103021,B520103021-C02,ไม่อยากถ้ายาก เล่ม 21,เล่มที่ 2,Koji Kumeta,75.00,1,3,B-01,ว่าง (อยู่บนชั้น)
B520103021,B520103021-C03,ไม่อยากถ้ายาก เล่ม 21,เล่มที่ 3,Koji Kumeta,75.00,1,3,B-01,ว่าง (อยู่บนชั้น)
B520103021,B520103021-C04,ไม่อยากถ้ายาก เล่ม 21,เล่มที่ 4,Koji Kumeta,75.00,1,3,B-01,ว่าง (อยู่บนชั้น)
B520103021,B520103021-C05,ไม่อยากถ้ายาก เล่ม 21,เล่มที่ 5,Koji Kumeta,75.00,1,3,B-01,ว่าง (อยู่บนชั้น)
B520103022,B520103022-C01,ไม่อยากถ้ายาก เล่ม 22,เล่มที่ 1,Koji Kumeta,75.00,1,3,B-01,ว่าง (อยู่บนชั้น)
B520103022,B520103022-C02,ไม่อยากถ้ายาก เล่ม 22,เล่มที่ 2,Koji Kumeta,75.00,1,3,B-01,ว่าง (อยู่บนชั้น)
B520103022,B520103022-C03,ไม่อยากถ้ายาก เล่ม 22,เล่มที่ 3,Koji Kumeta,75.00,1,3,B-01,ว่าง (อยู่บนชั้น)
B520103022,B520103022-C04,ไม่อยากถ้ายาก เล่ม 22,เล่มที่ 4,Koji Kumeta,75.00,1,3,B-01,ว่าง (อยู่บนชั้น)
B520103022,B520103022-C05,ไม่อยากถ้ายาก เล่ม 22,เล่มที่ 5,Koji Kumeta,75.00,1,3,B-01,ว่าง (อยู่บนชั้น)
B520103023,B520103023-C01,ไม่อยากถ้ายาก เล่ม 23,เล่มที่ 1,Koji Kumeta,75.00,1,3,B-01,ว่าง (อยู่บนชั้น)
B520103023,B520103023-C02,ไม่อยากถ้ายาก เล่ม 23,เล่มที่ 2,Koji Kumeta,75.00,1,3,B-01,ว่าง (อยู่บนชั้น)
B520103023,B520103023-C03,ไม่อยากถ้ายาก เล่ม 23,เล่มที่ 3,Koji Kumeta,75.00,1,3,B-01,ว่าง (อยู่บนชั้น)
B520103023,B520103023-C04,ไม่อยากถ้ายาก เล่ม 23,เล่มที่ 4,Koji Kumeta,75.00,1,3,B-01,ว่าง (อยู่บนชั้น)
B520103023,B520103023-C05,ไม่อยากถ้ายาก เล่ม 23,เล่มที่ 5,Koji Kumeta,75.00,1,3,B-01,ว่าง (อยู่บนชั้น)
B520103024,B520103024-C01,ไม่อยากถ้ายาก เล่ม 24,เล่มที่ 1,Koji Kumeta,75.00,1,3,B-01,ว่าง (อยู่บนชั้น)
B520103024,B520103024-C02,ไม่อยากถ้ายาก เล่ม 24,เล่มที่ 2,Koji Kumeta,75.00,1,3,B-01,ว่าง (อยู่บนชั้น)
B520103024,B520103024-C03,ไม่อยากถ้ายาก เล่ม 24,เล่มที่ 3,Koji Kumeta,75.00,1,3,B-01,ว่าง (อยู่บนชั้น)
B520103024,B520103024-C04,ไม่อยากถ้ายาก เล่ม 24,เล่มที่ 4,Koji Kumeta,75.00,1,3,B-01,ว่าง (อยู่บนชั้น)
B520103024,B520103024-C05,ไม่อยากถ้ายาก เล่ม 24,เล่มที่ 5,Koji Kumeta,75.00,1,3,B-01,ว่าง (อยู่บนชั้น)
B520103025,B520103025-C01,ไม่อยากถ้ายาก เล่ม 25,เล่มที่ 1,Koji Kumeta,75.00,1,3,B-01,ว่าง (อยู่บนชั้น)
B520103025,B520103025-C02,ไม่อยากถ้ายาก เล่ม 25,เล่มที่ 2,Koji Kumeta,75.00,1,3,B-01,ว่าง (อยู่บนชั้น)
B520103025,B520103025-C03,ไม่อยากถ้ายาก เล่ม 25,เล่มที่ 3,Koji Kumeta,75.00,1,3,B-01,ว่าง (อยู่บนชั้น)
B520103025,B520103025-C04,ไม่อยากถ้ายาก เล่ม 25,เล่มที่ 4,Koji Kumeta,75.00,1,3,B-01,ว่าง (อยู่บนชั้น)
B520103025,B520103025-C05,ไม่อยากถ้ายาก เล่ม 25,เล่มที่ 5,Koji Kumeta,75.00,1,3,B-01,ว่าง (อยู่บนชั้น)
B520103026,B520103026-C01,ไม่อยากถ้ายาก เล่ม 26,เล่มที่ 1,Koji Kumeta,75.00,1,3,B-01,ว่าง (อยู่บนชั้น)
B520103026,B520103026-C02,ไม่อยากถ้ายาก เล่ม 26,เล่มที่ 2,Koji Kumeta,75.00,1,3,B-01,ว่าง (อยู่บนชั้น)
B520103026,B520103026-C03,ไม่อยากถ้ายาก เล่ม 26,เล่มที่ 3,Koji Kumeta,75.00,1,3,B-01,ว่าง (อยู่บนชั้น)
B520103026,B520103026-C04,ไม่อยากถ้ายาก เล่ม 26,เล่มที่ 4,Koji Kumeta,75.00,1,3,B-01,ว่าง (อยู่บนชั้น)
B520103026,B520103026-C05,ไม่อยากถ้ายาก เล่ม 26,เล่มที่ 5,Koji Kumeta,75.00,1,3,B-01,ว่าง (อยู่บนชั้น)
B520103027,B520103027-C01,ไม่อยากถ้ายาก เล่ม 27,เล่มที่ 1,Koji Kumeta,75.00,1,3,B-01,ว่าง (อยู่บนชั้น)
B520103027,B520103027-C02,ไม่อยากถ้ายาก เล่ม 27,เล่มที่ 2,Koji Kumeta,75.00,1,3,B-01,ว่าง (อยู่บนชั้น)
B520103027,B520103027-C03,ไม่อยากถ้ายาก เล่ม 27,เล่มที่ 3,Koji Kumeta,75.00,1,3,B-01,ว่าง (อยู่บนชั้น)
B520103027,B520103027-C04,ไม่อยากถ้ายาก เล่ม 27,เล่มที่ 4,Koji Kumeta,75.00,1,3,B-01,ว่าง (อยู่บนชั้น)
B520103027,B520103027-C05,ไม่อยากถ้ายาก เล่ม 27,เล่มที่ 5,Koji Kumeta,75.00,1,3,B-01,ว่าง (อยู่บนชั้น)
B520103028,B520103028-C01,ไม่อยากถ้ายาก เล่ม 28,เล่มที่ 1,Koji Kumeta,75.00,1,3,B-01,ว่าง (อยู่บนชั้น)
B520103028,B520103028-C02,ไม่อยากถ้ายาก เล่ม 28,เล่มที่ 2,Koji Kumeta,75.00,1,3,B-01,ว่าง (อยู่บนชั้น)
B520103028,B520103028-C03,ไม่อยากถ้ายาก เล่ม 28,เล่มที่ 3,Koji Kumeta,75.00,1,3,B-01,ว่าง (อยู่บนชั้น)
B520103028,B520103028-C04,ไม่อยากถ้ายาก เล่ม 28,เล่มที่ 4,Koji Kumeta,75.00,1,3,B-01,ว่าง (อยู่บนชั้น)
B520103028,B520103028-C05,ไม่อยากถ้ายาก เล่ม 28,เล่มที่ 5,Koji Kumeta,75.00,1,3,B-01,ว่าง (อยู่บนชั้น)
B520103029,B520103029-C01,ไม่อยากถ้ายาก เล่ม 29,เล่มที่ 1,Koji Kumeta,75.00,1,3,B-01,ว่าง (อยู่บนชั้น)
B520103029,B520103029-C02,ไม่อยากถ้ายาก เล่ม 29,เล่มที่ 2,Koji Kumeta,75.00,1,3,B-01,ว่าง (อยู่บนชั้น)
B520103029,B520103029-C03,ไม่อยากถ้ายาก เล่ม 29,เล่มที่ 3,Koji Kumeta,75.00,1,3,B-01,ว่าง (อยู่บนชั้น)
B520103029,B520103029-C04,ไม่อยากถ้ายาก เล่ม 29,เล่มที่ 4,Koji Kumeta,75.00,1,3,B-01,ว่าง (อยู่บนชั้น)
B520103029,B520103029-C05,ไม่อยากถ้ายาก เล่ม 29,เล่มที่ 5,Koji Kumeta,75.00,1,3,B-01,ว่าง (อยู่บนชั้น)
B520103030,B520103030-C01,ไม่อยากถ้ายาก เล่ม 30,เล่มที่ 1,Koji Kumeta,75.00,1,3,B-01,ว่าง (อยู่บนชั้น)
B520103030,B520103030-C02,ไม่อยากถ้ายาก เล่ม 30,เล่มที่ 2,Koji Kumeta,75.00,1,3,B-01,ว่าง (อยู่บนชั้น)
B520103030,B520103030-C03,ไม่อยากถ้ายาก เล่ม 30,เล่มที่ 3,Koji Kumeta,75.00,1,3,B-01,ว่าง (อยู่บนชั้น)
B520103030,B520103030-C04,ไม่อยากถ้ายาก เล่ม 30,เล่มที่ 4,Koji Kumeta,75.00,1,3,B-01,ว่าง (อยู่บนชั้น)
B520103030,B520103030-C05,ไม่อยากถ้ายาก เล่ม 30,เล่มที่ 5,Koji Kumeta,75.00,1,3,B-01,ว่าง (อยู่บนชั้น)
B520103031,B520103031-C01,ไม่อยากถ้ายาก เล่ม 31,เล่มที่ 1,Koji Kumeta,75.00,1,3,B-01,ว่าง (อยู่บนชั้น)
B520103031,B520103031-C02,ไม่อยากถ้ายาก เล่ม 31,เล่มที่ 2,Koji Kumeta,75.00,1,3,B-01,ว่าง (อยู่บนชั้น)
B520103031,B520103031-C03,ไม่อยากถ้ายาก เล่ม 31,เล่มที่ 3,Koji Kumeta,75.00,1,3,B-01,ว่าง (อยู่บนชั้น)
B520103031,B520103031-C04,ไม่อยากถ้ายาก เล่ม 31,เล่มที่ 4,Koji Kumeta,75.00,1,3,B-01,ว่าง (อยู่บนชั้น)
B520103031,B520103031-C05,ไม่อยากถ้ายาก เล่ม 31,เล่มที่ 5,Koji Kumeta,75.00,1,3,B-01,ว่าง (อยู่บนชั้น)
B520103032,B520103032-C01,ไม่อยากถ้ายาก เล่ม 32,เล่มที่ 1,Koji Kumeta,75.00,1,3,B-01,ว่าง (อยู่บนชั้น)
B520103032,B520103032-C02,ไม่อยากถ้ายาก เล่ม 32,เล่มที่ 2,Koji Kumeta,75.00,1,3,B-01,ว่าง (อยู่บนชั้น)
B520103032,B520103032-C03,ไม่อยากถ้ายาก เล่ม 32,เล่มที่ 3,Koji Kumeta,75.00,1,3,B-01,ว่าง (อยู่บนชั้น)
B520103032,B520103032-C04,ไม่อยากถ้ายาก เล่ม 32,เล่มที่ 4,Koji Kumeta,75.00,1,3,B-01,ว่าง (อยู่บนชั้น)
B520103032,B520103032-C05,ไม่อยากถ้ายาก เล่ม 32,เล่มที่ 5,Koji Kumeta,75.00,1,3,B-01,ว่าง (อยู่บนชั้น)
B520103033,B520103033-C01,ไม่อยากถ้ายาก เล่ม 33,เล่มที่ 1,Koji Kumeta,75.00,1,3,B-01,ว่าง (อยู่บนชั้น)
B520103033,B520103033-C02,ไม่อยากถ้ายาก เล่ม 33,เล่มที่ 2,Koji Kumeta,75.00,1,3,B-01,ว่าง (อยู่บนชั้น)
B520103033,B520103033-C03,ไม่อยากถ้ายาก เล่ม 33,เล่มที่ 3,Koji Kumeta,75.00,1,3,B-01,ว่าง (อยู่บนชั้น)
B520103033,B520103033-C04,ไม่อยากถ้ายาก เล่ม 33,เล่มที่ 4,Koji Kumeta,75.00,1,3,B-01,ว่าง (อยู่บนชั้น)
B520103033,B520103033-C05,ไม่อยากถ้ายาก เล่ม 33,เล่มที่ 5,Koji Kumeta,75.00,1,3,B-01,ว่าง (อยู่บนชั้น)
B520103034,B520103034-C01,ไม่อยากถ้ายาก เล่ม 34,เล่มที่ 1,Koji Kumeta,75.00,1,3,B-01,ว่าง (อยู่บนชั้น)
B520103034,B520103034-C02,ไม่อยากถ้ายาก เล่ม 34,เล่มที่ 2,Koji Kumeta,75.00,1,3,B-01,ว่าง (อยู่บนชั้น)
B520103034,B520103034-C03,ไม่อยากถ้ายาก เล่ม 34,เล่มที่ 3,Koji Kumeta,75.00,1,3,B-01,ว่าง (อยู่บนชั้น)
B520103034,B520103034-C04,ไม่อยากถ้ายาก เล่ม 34,เล่มที่ 4,Koji Kumeta,75.00,1,3,B-01,ว่าง (อยู่บนชั้น)
B520103034,B520103034-C05,ไม่อยากถ้ายาก เล่ม 34,เล่มที่ 5,Koji Kumeta,75.00,1,3,B-01,ว่าง (อยู่บนชั้น)
B520103035,B520103035-C01,ไม่อยากถ้ายาก เล่ม 35,เล่มที่ 1,Koji Kumeta,75.00,1,3,B-01,ว่าง (อยู่บนชั้น)
B520103035,B520103035-C02,ไม่อยากถ้ายาก เล่ม 35,เล่มที่ 2,Koji Kumeta,75.00,1,3,B-01,ว่าง (อยู่บนชั้น)
B520103035,B520103035-C03,ไม่อยากถ้ายาก เล่ม 35,เล่มที่ 3,Koji Kumeta,75.00,1,3,B-01,ว่าง (อยู่บนชั้น)
B520103035,B520103035-C04,ไม่อยากถ้ายาก เล่ม 35,เล่มที่ 4,Koji Kumeta,75.00,1,3,B-01,ว่าง (อยู่บนชั้น)
B520103035,B520103035-C05,ไม่อยากถ้ายาก เล่ม 35,เล่มที่ 5,Koji Kumeta,75.00,1,3,B-01,ว่าง (อยู่บนชั้น)
B520103036,B520103036-C01,ไม่อยากถ้ายาก เล่ม 36,เล่มที่ 1,Koji Kumeta,75.00,1,3,B-01,ว่าง (อยู่บนชั้น)
B520103036,B520103036-C02,ไม่อยากถ้ายาก เล่ม 36,เล่มที่ 2,Koji Kumeta,75.00,1,3,B-01,ว่าง (อยู่บนชั้น)
B520103036,B520103036-C03,ไม่อยากถ้ายาก เล่ม 36,เล่มที่ 3,Koji Kumeta,75.00,1,3,B-01,ว่าง (อยู่บนชั้น)
B520103036,B520103036-C04,ไม่อยากถ้ายาก เล่ม 36,เล่มที่ 4,Koji Kumeta,75.00,1,3,B-01,ว่าง (อยู่บนชั้น)
B520103036,B520103036-C05,ไม่อยากถ้ายาก เล่ม 36,เล่มที่ 5,Koji Kumeta,75.00,1,3,B-01,ว่าง (อยู่บนชั้น)
B520103037,B520103037-C01,ไม่อยากถ้ายาก เล่ม 37,เล่มที่ 1,Koji Kumeta,75.00,1,3,B-01,ว่าง (อยู่บนชั้น)
B520103037,B520103037-C02,ไม่อยากถ้ายาก เล่ม 37,เล่มที่ 2,Koji Kumeta,75.00,1,3,B-01,ว่าง (อยู่บนชั้น)
B520103037,B520103037-C03,ไม่อยากถ้ายาก เล่ม 37,เล่มที่ 3,Koji Kumeta,75.00,1,3,B-01,ว่าง (อยู่บนชั้น)
B520103037,B520103037-C04,ไม่อยากถ้ายาก เล่ม 37,เล่มที่ 4,Koji Kumeta,75.00,1,3,B-01,ว่าง (อยู่บนชั้น)
B520103037,B520103037-C05,ไม่อยากถ้ายาก เล่ม 37,เล่มที่ 5,Koji Kumeta,75.00,1,3,B-01,ว่าง (อยู่บนชั้น)
B520103038,B520103038-C01,ไม่อยากถ้ายาก เล่ม 38,เล่มที่ 1,Koji Kumeta,75.00,1,3,B-01,ว่าง (อยู่บนชั้น)
B520103038,B520103038-C02,ไม่อยากถ้ายาก เล่ม 38,เล่มที่ 2,Koji Kumeta,75.00,1,3,B-01,ว่าง (อยู่บนชั้น)
B520103038,B520103038-C03,ไม่อยากถ้ายาก เล่ม 38,เล่มที่ 3,Koji Kumeta,75.00,1,3,B-01,ว่าง (อยู่บนชั้น)
B520103038,B520103038-C04,ไม่อยากถ้ายาก เล่ม 38,เล่มที่ 4,Koji Kumeta,75.00,1,3,B-01,ว่าง (อยู่บนชั้น)
B520103038,B520103038-C05,ไม่อยากถ้ายาก เล่ม 38,เล่มที่ 5,Koji Kumeta,75.00,1,3,B-01,ว่าง (อยู่บนชั้น)
B520103039,B520103039-C01,ไม่อยากถ้ายาก เล่ม 39,เล่มที่ 1,Koji Kumeta,75.00,1,3,B-01,ว่าง (อยู่บนชั้น)
B520103039,B520103039-C02,ไม่อยากถ้ายาก เล่ม 39,เล่มที่ 2,Koji Kumeta,75.00,1,3,B-01,ว่าง (อยู่บนชั้น)
B520103039,B520103039-C03,ไม่อยากถ้ายาก เล่ม 39,เล่มที่ 3,Koji Kumeta,75.00,1,3,B-01,ว่าง (อยู่บนชั้น)
B520103039,B520103039-C04,ไม่อยากถ้ายาก เล่ม 39,เล่มที่ 4,Koji Kumeta,75.00,1,3,B-01,ว่าง (อยู่บนชั้น)
B520103039,B520103039-C05,ไม่อยากถ้ายาก เล่ม 39,เล่มที่ 5,Koji Kumeta,75.00,1,3,B-01,ว่าง (อยู่บนชั้น)
B520103040,B520103040-C01,ไม่อยากถ้ายาก เล่ม 40,เล่มที่ 1,Koji Kumeta,75.00,1,3,B-01,ว่าง (อยู่บนชั้น)
B520103040,B520103040-C02,ไม่อยากถ้ายาก เล่ม 40,เล่มที่ 2,Koji Kumeta,75.00,1,3,B-01,ว่าง (อยู่บนชั้น)
B520103040,B520103040-C03,ไม่อยากถ้ายาก เล่ม 40,เล่มที่ 3,Koji Kumeta,75.00,1,3,B-01,ว่าง (อยู่บนชั้น)
B520103040,B520103040-C04,ไม่อยากถ้ายาก เล่ม 40,เล่มที่ 4,Koji Kumeta,75.00,1,3,B-01,ว่าง (อยู่บนชั้น)
B520103040,B520103040-C05,ไม่อยากถ้ายาก เล่ม 40,เล่มที่ 5,Koji Kumeta,75.00,1,3,B-01,ว่าง (อยู่บนชั้น)
B530103001,B530103001-C01,ครอบครัวตึ๋งหนืด เล่ม 1,เล่มที่ 1,Lee Bong-gi / Studio Mango,165.00,1,3,B-02,ว่าง (อยู่บนชั้น)
B530103001,B530103001-C02,ครอบครัวตึ๋งหนืด เล่ม 1,เล่มที่ 2,Lee Bong-gi / Studio Mango,165.00,1,3,B-02,ว่าง (อยู่บนชั้น)
B530103001,B530103001-C03,ครอบครัวตึ๋งหนืด เล่ม 1,เล่มที่ 3,Lee Bong-gi / Studio Mango,165.00,1,3,B-02,ว่าง (อยู่บนชั้น)
B530103001,B530103001-C04,ครอบครัวตึ๋งหนืด เล่ม 1,เล่มที่ 4,Lee Bong-gi / Studio Mango,165.00,1,3,B-02,ว่าง (อยู่บนชั้น)
B530103001,B530103001-C05,ครอบครัวตึ๋งหนืด เล่ม 1,เล่มที่ 5,Lee Bong-gi / Studio Mango,165.00,1,3,B-02,ว่าง (อยู่บนชั้น)
B530103002,B530103002-C01,ครอบครัวตึ๋งหนืด เล่ม 2,เล่มที่ 1,Lee Bong-gi / Studio Mango,165.00,1,3,B-02,ว่าง (อยู่บนชั้น)
B530103002,B530103002-C02,ครอบครัวตึ๋งหนืด เล่ม 2,เล่มที่ 2,Lee Bong-gi / Studio Mango,165.00,1,3,B-02,ว่าง (อยู่บนชั้น)
B530103002,B530103002-C03,ครอบครัวตึ๋งหนืด เล่ม 2,เล่มที่ 3,Lee Bong-gi / Studio Mango,165.00,1,3,B-02,ว่าง (อยู่บนชั้น)
B530103002,B530103002-C04,ครอบครัวตึ๋งหนืด เล่ม 2,เล่มที่ 4,Lee Bong-gi / Studio Mango,165.00,1,3,B-02,ว่าง (อยู่บนชั้น)
B530103002,B530103002-C05,ครอบครัวตึ๋งหนืด เล่ม 2,เล่มที่ 5,Lee Bong-gi / Studio Mango,165.00,1,3,B-02,ว่าง (อยู่บนชั้น)
B530103003,B530103003-C01,ครอบครัวตึ๋งหนืด เล่ม 3,เล่มที่ 1,Lee Bong-gi / Studio Mango,165.00,1,3,B-02,ว่าง (อยู่บนชั้น)
B530103003,B530103003-C02,ครอบครัวตึ๋งหนืด เล่ม 3,เล่มที่ 2,Lee Bong-gi / Studio Mango,165.00,1,3,B-02,ว่าง (อยู่บนชั้น)
B530103003,B530103003-C03,ครอบครัวตึ๋งหนืด เล่ม 3,เล่มที่ 3,Lee Bong-gi / Studio Mango,165.00,1,3,B-02,ว่าง (อยู่บนชั้น)
B530103003,B530103003-C04,ครอบครัวตึ๋งหนืด เล่ม 3,เล่มที่ 4,Lee Bong-gi / Studio Mango,165.00,1,3,B-02,ว่าง (อยู่บนชั้น)
B530103003,B530103003-C05,ครอบครัวตึ๋งหนืด เล่ม 3,เล่มที่ 5,Lee Bong-gi / Studio Mango,165.00,1,3,B-02,ว่าง (อยู่บนชั้น)
B530103004,B530103004-C01,ครอบครัวตึ๋งหนืด เล่ม 4,เล่มที่ 1,Lee Bong-gi / Studio Mango,165.00,1,3,B-02,ว่าง (อยู่บนชั้น)
B530103004,B530103004-C02,ครอบครัวตึ๋งหนืด เล่ม 4,เล่มที่ 2,Lee Bong-gi / Studio Mango,165.00,1,3,B-02,ว่าง (อยู่บนชั้น)
B530103004,B530103004-C03,ครอบครัวตึ๋งหนืด เล่ม 4,เล่มที่ 3,Lee Bong-gi / Studio Mango,165.00,1,3,B-02,ว่าง (อยู่บนชั้น)
B530103004,B530103004-C04,ครอบครัวตึ๋งหนืด เล่ม 4,เล่มที่ 4,Lee Bong-gi / Studio Mango,165.00,1,3,B-02,ว่าง (อยู่บนชั้น)
B530103004,B530103004-C05,ครอบครัวตึ๋งหนืด เล่ม 4,เล่มที่ 5,Lee Bong-gi / Studio Mango,165.00,1,3,B-02,ว่าง (อยู่บนชั้น)
B530103005,B530103005-C01,ครอบครัวตึ๋งหนืด เล่ม 5,เล่มที่ 1,Lee Bong-gi / Studio Mango,165.00,1,3,B-02,ว่าง (อยู่บนชั้น)
B530103005,B530103005-C02,ครอบครัวตึ๋งหนืด เล่ม 5,เล่มที่ 2,Lee Bong-gi / Studio Mango,165.00,1,3,B-02,ว่าง (อยู่บนชั้น)
B530103005,B530103005-C03,ครอบครัวตึ๋งหนืด เล่ม 5,เล่มที่ 3,Lee Bong-gi / Studio Mango,165.00,1,3,B-02,ว่าง (อยู่บนชั้น)
B530103005,B530103005-C04,ครอบครัวตึ๋งหนืด เล่ม 5,เล่มที่ 4,Lee Bong-gi / Studio Mango,165.00,1,3,B-02,ว่าง (อยู่บนชั้น)
B530103005,B530103005-C05,ครอบครัวตึ๋งหนืด เล่ม 5,เล่มที่ 5,Lee Bong-gi / Studio Mango,165.00,1,3,B-02,ว่าง (อยู่บนชั้น)
B530103006,B530103006-C01,ครอบครัวตึ๋งหนืด เล่ม 6,เล่มที่ 1,Lee Bong-gi / Studio Mango,165.00,1,3,B-02,ว่าง (อยู่บนชั้น)
B530103006,B530103006-C02,ครอบครัวตึ๋งหนืด เล่ม 6,เล่มที่ 2,Lee Bong-gi / Studio Mango,165.00,1,3,B-02,ว่าง (อยู่บนชั้น)
B530103006,B530103006-C03,ครอบครัวตึ๋งหนืด เล่ม 6,เล่มที่ 3,Lee Bong-gi / Studio Mango,165.00,1,3,B-02,ว่าง (อยู่บนชั้น)
B530103006,B530103006-C04,ครอบครัวตึ๋งหนืด เล่ม 6,เล่มที่ 4,Lee Bong-gi / Studio Mango,165.00,1,3,B-02,ว่าง (อยู่บนชั้น)
B530103006,B530103006-C05,ครอบครัวตึ๋งหนืด เล่ม 6,เล่มที่ 5,Lee Bong-gi / Studio Mango,165.00,1,3,B-02,ว่าง (อยู่บนชั้น)
B530103007,B530103007-C01,ครอบครัวตึ๋งหนืด เล่ม 7,เล่มที่ 1,Lee Bong-gi / Studio Mango,165.00,1,3,B-02,ว่าง (อยู่บนชั้น)
B530103007,B530103007-C02,ครอบครัวตึ๋งหนืด เล่ม 7,เล่มที่ 2,Lee Bong-gi / Studio Mango,165.00,1,3,B-02,ว่าง (อยู่บนชั้น)
B530103007,B530103007-C03,ครอบครัวตึ๋งหนืด เล่ม 7,เล่มที่ 3,Lee Bong-gi / Studio Mango,165.00,1,3,B-02,ว่าง (อยู่บนชั้น)
B530103007,B530103007-C04,ครอบครัวตึ๋งหนืด เล่ม 7,เล่มที่ 4,Lee Bong-gi / Studio Mango,165.00,1,3,B-02,ว่าง (อยู่บนชั้น)
B530103007,B530103007-C05,ครอบครัวตึ๋งหนืด เล่ม 7,เล่มที่ 5,Lee Bong-gi / Studio Mango,165.00,1,3,B-02,ว่าง (อยู่บนชั้น)
B530103008,B530103008-C01,ครอบครัวตึ๋งหนืด เล่ม 8,เล่มที่ 1,Lee Bong-gi / Studio Mango,165.00,1,3,B-02,ว่าง (อยู่บนชั้น)
B530103008,B530103008-C02,ครอบครัวตึ๋งหนืด เล่ม 8,เล่มที่ 2,Lee Bong-gi / Studio Mango,165.00,1,3,B-02,ว่าง (อยู่บนชั้น)
B530103008,B530103008-C03,ครอบครัวตึ๋งหนืด เล่ม 8,เล่มที่ 3,Lee Bong-gi / Studio Mango,165.00,1,3,B-02,ว่าง (อยู่บนชั้น)
B530103008,B530103008-C04,ครอบครัวตึ๋งหนืด เล่ม 8,เล่มที่ 4,Lee Bong-gi / Studio Mango,165.00,1,3,B-02,ว่าง (อยู่บนชั้น)
B530103008,B530103008-C05,ครอบครัวตึ๋งหนืด เล่ม 8,เล่มที่ 5,Lee Bong-gi / Studio Mango,165.00,1,3,B-02,ว่าง (อยู่บนชั้น)
B530103009,B530103009-C01,ครอบครัวตึ๋งหนืด เล่ม 9,เล่มที่ 1,Lee Bong-gi / Studio Mango,165.00,1,3,B-02,ว่าง (อยู่บนชั้น)
B530103009,B530103009-C02,ครอบครัวตึ๋งหนืด เล่ม 9,เล่มที่ 2,Lee Bong-gi / Studio Mango,165.00,1,3,B-02,ว่าง (อยู่บนชั้น)
B530103009,B530103009-C03,ครอบครัวตึ๋งหนืด เล่ม 9,เล่มที่ 3,Lee Bong-gi / Studio Mango,165.00,1,3,B-02,ว่าง (อยู่บนชั้น)
B530103009,B530103009-C04,ครอบครัวตึ๋งหนืด เล่ม 9,เล่มที่ 4,Lee Bong-gi / Studio Mango,165.00,1,3,B-02,ว่าง (อยู่บนชั้น)
B530103009,B530103009-C05,ครอบครัวตึ๋งหนืด เล่ม 9,เล่มที่ 5,Lee Bong-gi / Studio Mango,165.00,1,3,B-02,ว่าง (อยู่บนชั้น)
B530103010,B530103010-C01,ครอบครัวตึ๋งหนืด เล่ม 10,เล่มที่ 1,Lee Bong-gi / Studio Mango,165.00,1,3,B-02,ว่าง (อยู่บนชั้น)
B530103010,B530103010-C02,ครอบครัวตึ๋งหนืด เล่ม 10,เล่มที่ 2,Lee Bong-gi / Studio Mango,165.00,1,3,B-02,ว่าง (อยู่บนชั้น)
B530103010,B530103010-C03,ครอบครัวตึ๋งหนืด เล่ม 10,เล่มที่ 3,Lee Bong-gi / Studio Mango,165.00,1,3,B-02,ว่าง (อยู่บนชั้น)
B530103010,B530103010-C04,ครอบครัวตึ๋งหนืด เล่ม 10,เล่มที่ 4,Lee Bong-gi / Studio Mango,165.00,1,3,B-02,ว่าง (อยู่บนชั้น)
B530103010,B530103010-C05,ครอบครัวตึ๋งหนืด เล่ม 10,เล่มที่ 5,Lee Bong-gi / Studio Mango,165.00,1,3,B-02,ว่าง (อยู่บนชั้น)
B530103011,B530103011-C01,ครอบครัวตึ๋งหนืด เล่ม 11,เล่มที่ 1,Lee Bong-gi / Studio Mango,165.00,1,3,B-02,ว่าง (อยู่บนชั้น)
B530103011,B530103011-C02,ครอบครัวตึ๋งหนืด เล่ม 11,เล่มที่ 2,Lee Bong-gi / Studio Mango,165.00,1,3,B-02,ว่าง (อยู่บนชั้น)
B530103011,B530103011-C03,ครอบครัวตึ๋งหนืด เล่ม 11,เล่มที่ 3,Lee Bong-gi / Studio Mango,165.00,1,3,B-02,ว่าง (อยู่บนชั้น)
B530103011,B530103011-C04,ครอบครัวตึ๋งหนืด เล่ม 11,เล่มที่ 4,Lee Bong-gi / Studio Mango,165.00,1,3,B-02,ว่าง (อยู่บนชั้น)
B530103011,B530103011-C05,ครอบครัวตึ๋งหนืด เล่ม 11,เล่มที่ 5,Lee Bong-gi / Studio Mango,165.00,1,3,B-02,ว่าง (อยู่บนชั้น)
B530103012,B530103012-C01,ครอบครัวตึ๋งหนืด เล่ม 12,เล่มที่ 1,Lee Bong-gi / Studio Mango,165.00,1,3,B-02,ว่าง (อยู่บนชั้น)
B530103012,B530103012-C02,ครอบครัวตึ๋งหนืด เล่ม 12,เล่มที่ 2,Lee Bong-gi / Studio Mango,165.00,1,3,B-02,ว่าง (อยู่บนชั้น)
B530103012,B530103012-C03,ครอบครัวตึ๋งหนืด เล่ม 12,เล่มที่ 3,Lee Bong-gi / Studio Mango,165.00,1,3,B-02,ว่าง (อยู่บนชั้น)
B530103012,B530103012-C04,ครอบครัวตึ๋งหนืด เล่ม 12,เล่มที่ 4,Lee Bong-gi / Studio Mango,165.00,1,3,B-02,ว่าง (อยู่บนชั้น)
B530103012,B530103012-C05,ครอบครัวตึ๋งหนืด เล่ม 12,เล่มที่ 5,Lee Bong-gi / Studio Mango,165.00,1,3,B-02,ว่าง (อยู่บนชั้น)
B530103013,B530103013-C01,ครอบครัวตึ๋งหนืด เล่ม 13,เล่มที่ 1,Lee Bong-gi / Studio Mango,165.00,1,3,B-02,ว่าง (อยู่บนชั้น)
B530103013,B530103013-C02,ครอบครัวตึ๋งหนืด เล่ม 13,เล่มที่ 2,Lee Bong-gi / Studio Mango,165.00,1,3,B-02,ว่าง (อยู่บนชั้น)
B530103013,B530103013-C03,ครอบครัวตึ๋งหนืด เล่ม 13,เล่มที่ 3,Lee Bong-gi / Studio Mango,165.00,1,3,B-02,ว่าง (อยู่บนชั้น)
B530103013,B530103013-C04,ครอบครัวตึ๋งหนืด เล่ม 13,เล่มที่ 4,Lee Bong-gi / Studio Mango,165.00,1,3,B-02,ว่าง (อยู่บนชั้น)
B530103013,B530103013-C05,ครอบครัวตึ๋งหนืด เล่ม 13,เล่มที่ 5,Lee Bong-gi / Studio Mango,165.00,1,3,B-02,ว่าง (อยู่บนชั้น)
B530103014,B530103014-C01,ครอบครัวตึ๋งหนืด เล่ม 14,เล่มที่ 1,Lee Bong-gi / Studio Mango,165.00,1,3,B-02,ว่าง (อยู่บนชั้น)
B530103014,B530103014-C02,ครอบครัวตึ๋งหนืด เล่ม 14,เล่มที่ 2,Lee Bong-gi / Studio Mango,165.00,1,3,B-02,ว่าง (อยู่บนชั้น)
B530103014,B530103014-C03,ครอบครัวตึ๋งหนืด เล่ม 14,เล่มที่ 3,Lee Bong-gi / Studio Mango,165.00,1,3,B-02,ว่าง (อยู่บนชั้น)
B530103014,B530103014-C04,ครอบครัวตึ๋งหนืด เล่ม 14,เล่มที่ 4,Lee Bong-gi / Studio Mango,165.00,1,3,B-02,ว่าง (อยู่บนชั้น)
B530103014,B530103014-C05,ครอบครัวตึ๋งหนืด เล่ม 14,เล่มที่ 5,Lee Bong-gi / Studio Mango,165.00,1,3,B-02,ว่าง (อยู่บนชั้น)
B530103015,B530103015-C01,ครอบครัวตึ๋งหนืด เล่ม 15,เล่มที่ 1,Lee Bong-gi / Studio Mango,165.00,1,3,B-02,ว่าง (อยู่บนชั้น)
B530103015,B530103015-C02,ครอบครัวตึ๋งหนืด เล่ม 15,เล่มที่ 2,Lee Bong-gi / Studio Mango,165.00,1,3,B-02,ว่าง (อยู่บนชั้น)
B530103015,B530103015-C03,ครอบครัวตึ๋งหนืด เล่ม 15,เล่มที่ 3,Lee Bong-gi / Studio Mango,165.00,1,3,B-02,ว่าง (อยู่บนชั้น)
B530103015,B530103015-C04,ครอบครัวตึ๋งหนืด เล่ม 15,เล่มที่ 4,Lee Bong-gi / Studio Mango,165.00,1,3,B-02,ว่าง (อยู่บนชั้น)
B530103015,B530103015-C05,ครอบครัวตึ๋งหนืด เล่ม 15,เล่มที่ 5,Lee Bong-gi / Studio Mango,165.00,1,3,B-02,ว่าง (อยู่บนชั้น)
B530103016,B530103016-C01,ครอบครัวตึ๋งหนืด เล่ม 16,เล่มที่ 1,Lee Bong-gi / Studio Mango,165.00,1,3,B-02,ว่าง (อยู่บนชั้น)
B530103016,B530103016-C02,ครอบครัวตึ๋งหนืด เล่ม 16,เล่มที่ 2,Lee Bong-gi / Studio Mango,165.00,1,3,B-02,ว่าง (อยู่บนชั้น)
B530103016,B530103016-C03,ครอบครัวตึ๋งหนืด เล่ม 16,เล่มที่ 3,Lee Bong-gi / Studio Mango,165.00,1,3,B-02,ว่าง (อยู่บนชั้น)
B530103016,B530103016-C04,ครอบครัวตึ๋งหนืด เล่ม 16,เล่มที่ 4,Lee Bong-gi / Studio Mango,165.00,1,3,B-02,ว่าง (อยู่บนชั้น)
B530103016,B530103016-C05,ครอบครัวตึ๋งหนืด เล่ม 16,เล่มที่ 5,Lee Bong-gi / Studio Mango,165.00,1,3,B-02,ว่าง (อยู่บนชั้น)
B530103017,B530103017-C01,ครอบครัวตึ๋งหนืด เล่ม 17,เล่มที่ 1,Lee Bong-gi / Studio Mango,165.00,1,3,B-02,ว่าง (อยู่บนชั้น)
B530103017,B530103017-C02,ครอบครัวตึ๋งหนืด เล่ม 17,เล่มที่ 2,Lee Bong-gi / Studio Mango,165.00,1,3,B-02,ว่าง (อยู่บนชั้น)
B530103017,B530103017-C03,ครอบครัวตึ๋งหนืด เล่ม 17,เล่มที่ 3,Lee Bong-gi / Studio Mango,165.00,1,3,B-02,ว่าง (อยู่บนชั้น)
B530103017,B530103017-C04,ครอบครัวตึ๋งหนืด เล่ม 17,เล่มที่ 4,Lee Bong-gi / Studio Mango,165.00,1,3,B-02,ว่าง (อยู่บนชั้น)
B530103017,B530103017-C05,ครอบครัวตึ๋งหนืด เล่ม 17,เล่มที่ 5,Lee Bong-gi / Studio Mango,165.00,1,3,B-02,ว่าง (อยู่บนชั้น)
B530103018,B530103018-C01,ครอบครัวตึ๋งหนืด เล่ม 18,เล่มที่ 1,Lee Bong-gi / Studio Mango,165.00,1,3,B-02,ว่าง (อยู่บนชั้น)
B530103018,B530103018-C02,ครอบครัวตึ๋งหนืด เล่ม 18,เล่มที่ 2,Lee Bong-gi / Studio Mango,165.00,1,3,B-02,ว่าง (อยู่บนชั้น)
B530103018,B530103018-C03,ครอบครัวตึ๋งหนืด เล่ม 18,เล่มที่ 3,Lee Bong-gi / Studio Mango,165.00,1,3,B-02,ว่าง (อยู่บนชั้น)
B530103018,B530103018-C04,ครอบครัวตึ๋งหนืด เล่ม 18,เล่มที่ 4,Lee Bong-gi / Studio Mango,165.00,1,3,B-02,ว่าง (อยู่บนชั้น)
B530103018,B530103018-C05,ครอบครัวตึ๋งหนืด เล่ม 18,เล่มที่ 5,Lee Bong-gi / Studio Mango,165.00,1,3,B-02,ว่าง (อยู่บนชั้น)
B530103019,B530103019-C01,ครอบครัวตึ๋งหนืด เล่ม 19,เล่มที่ 1,Lee Bong-gi / Studio Mango,165.00,1,3,B-02,ว่าง (อยู่บนชั้น)
B530103019,B530103019-C02,ครอบครัวตึ๋งหนืด เล่ม 19,เล่มที่ 2,Lee Bong-gi / Studio Mango,165.00,1,3,B-02,ว่าง (อยู่บนชั้น)
B530103019,B530103019-C03,ครอบครัวตึ๋งหนืด เล่ม 19,เล่มที่ 3,Lee Bong-gi / Studio Mango,165.00,1,3,B-02,ว่าง (อยู่บนชั้น)
B530103019,B530103019-C04,ครอบครัวตึ๋งหนืด เล่ม 19,เล่มที่ 4,Lee Bong-gi / Studio Mango,165.00,1,3,B-02,ว่าง (อยู่บนชั้น)
B530103019,B530103019-C05,ครอบครัวตึ๋งหนืด เล่ม 19,เล่มที่ 5,Lee Bong-gi / Studio Mango,165.00,1,3,B-02,ว่าง (อยู่บนชั้น)
B530103020,B530103020-C01,ครอบครัวตึ๋งหนืด เล่ม 20,เล่มที่ 1,Lee Bong-gi / Studio Mango,165.00,1,3,B-02,ว่าง (อยู่บนชั้น)
B530103020,B530103020-C02,ครอบครัวตึ๋งหนืด เล่ม 20,เล่มที่ 2,Lee Bong-gi / Studio Mango,165.00,1,3,B-02,ว่าง (อยู่บนชั้น)
B530103020,B530103020-C03,ครอบครัวตึ๋งหนืด เล่ม 20,เล่มที่ 3,Lee Bong-gi / Studio Mango,165.00,1,3,B-02,ว่าง (อยู่บนชั้น)
B530103020,B530103020-C04,ครอบครัวตึ๋งหนืด เล่ม 20,เล่มที่ 4,Lee Bong-gi / Studio Mango,165.00,1,3,B-02,ว่าง (อยู่บนชั้น)
B530103020,B530103020-C05,ครอบครัวตึ๋งหนืด เล่ม 20,เล่มที่ 5,Lee Bong-gi / Studio Mango,165.00,1,3,B-02,ว่าง (อยู่บนชั้น)
B530103021,B530103021-C01,ครอบครัวตึ๋งหนืด เล่ม 21,เล่มที่ 1,Lee Bong-gi / Studio Mango,165.00,1,3,B-02,ว่าง (อยู่บนชั้น)
B530103021,B530103021-C02,ครอบครัวตึ๋งหนืด เล่ม 21,เล่มที่ 2,Lee Bong-gi / Studio Mango,165.00,1,3,B-02,ว่าง (อยู่บนชั้น)
B530103021,B530103021-C03,ครอบครัวตึ๋งหนืด เล่ม 21,เล่มที่ 3,Lee Bong-gi / Studio Mango,165.00,1,3,B-02,ว่าง (อยู่บนชั้น)
B530103021,B530103021-C04,ครอบครัวตึ๋งหนืด เล่ม 21,เล่มที่ 4,Lee Bong-gi / Studio Mango,165.00,1,3,B-02,ว่าง (อยู่บนชั้น)
B530103021,B530103021-C05,ครอบครัวตึ๋งหนืด เล่ม 21,เล่มที่ 5,Lee Bong-gi / Studio Mango,165.00,1,3,B-02,ว่าง (อยู่บนชั้น)
B530103022,B530103022-C01,ครอบครัวตึ๋งหนืด เล่ม 22,เล่มที่ 1,Lee Bong-gi / Studio Mango,165.00,1,3,B-02,ว่าง (อยู่บนชั้น)
B530103022,B530103022-C02,ครอบครัวตึ๋งหนืด เล่ม 22,เล่มที่ 2,Lee Bong-gi / Studio Mango,165.00,1,3,B-02,ว่าง (อยู่บนชั้น)
B530103022,B530103022-C03,ครอบครัวตึ๋งหนืด เล่ม 22,เล่มที่ 3,Lee Bong-gi / Studio Mango,165.00,1,3,B-02,ว่าง (อยู่บนชั้น)
B530103022,B530103022-C04,ครอบครัวตึ๋งหนืด เล่ม 22,เล่มที่ 4,Lee Bong-gi / Studio Mango,165.00,1,3,B-02,ว่าง (อยู่บนชั้น)
B530103022,B530103022-C05,ครอบครัวตึ๋งหนืด เล่ม 22,เล่มที่ 5,Lee Bong-gi / Studio Mango,165.00,1,3,B-02,ว่าง (อยู่บนชั้น)
B530103023,B530103023-C01,ครอบครัวตึ๋งหนืด เล่ม 23,เล่มที่ 1,Lee Bong-gi / Studio Mango,165.00,1,3,B-02,ว่าง (อยู่บนชั้น)
B530103023,B530103023-C02,ครอบครัวตึ๋งหนืด เล่ม 23,เล่มที่ 2,Lee Bong-gi / Studio Mango,165.00,1,3,B-02,ว่าง (อยู่บนชั้น)
B530103023,B530103023-C03,ครอบครัวตึ๋งหนืด เล่ม 23,เล่มที่ 3,Lee Bong-gi / Studio Mango,165.00,1,3,B-02,ว่าง (อยู่บนชั้น)
B530103023,B530103023-C04,ครอบครัวตึ๋งหนืด เล่ม 23,เล่มที่ 4,Lee Bong-gi / Studio Mango,165.00,1,3,B-02,ว่าง (อยู่บนชั้น)
B530103023,B530103023-C05,ครอบครัวตึ๋งหนืด เล่ม 23,เล่มที่ 5,Lee Bong-gi / Studio Mango,165.00,1,3,B-02,ว่าง (อยู่บนชั้น)
B530103024,B530103024-C01,ครอบครัวตึ๋งหนืด เล่ม 24,เล่มที่ 1,Lee Bong-gi / Studio Mango,165.00,1,3,B-02,ว่าง (อยู่บนชั้น)
B530103024,B530103024-C02,ครอบครัวตึ๋งหนืด เล่ม 24,เล่มที่ 2,Lee Bong-gi / Studio Mango,165.00,1,3,B-02,ว่าง (อยู่บนชั้น)
B530103024,B530103024-C03,ครอบครัวตึ๋งหนืด เล่ม 24,เล่มที่ 3,Lee Bong-gi / Studio Mango,165.00,1,3,B-02,ว่าง (อยู่บนชั้น)
B530103024,B530103024-C04,ครอบครัวตึ๋งหนืด เล่ม 24,เล่มที่ 4,Lee Bong-gi / Studio Mango,165.00,1,3,B-02,ว่าง (อยู่บนชั้น)
B530103024,B530103024-C05,ครอบครัวตึ๋งหนืด เล่ม 24,เล่มที่ 5,Lee Bong-gi / Studio Mango,165.00,1,3,B-02,ว่าง (อยู่บนชั้น)
B530103025,B530103025-C01,ครอบครัวตึ๋งหนืด เล่ม 25,เล่มที่ 1,Lee Bong-gi / Studio Mango,165.00,1,3,B-02,ว่าง (อยู่บนชั้น)
B530103025,B530103025-C02,ครอบครัวตึ๋งหนืด เล่ม 25,เล่มที่ 2,Lee Bong-gi / Studio Mango,165.00,1,3,B-02,ว่าง (อยู่บนชั้น)
B530103025,B530103025-C03,ครอบครัวตึ๋งหนืด เล่ม 25,เล่มที่ 3,Lee Bong-gi / Studio Mango,165.00,1,3,B-02,ว่าง (อยู่บนชั้น)
B530103025,B530103025-C04,ครอบครัวตึ๋งหนืด เล่ม 25,เล่มที่ 4,Lee Bong-gi / Studio Mango,165.00,1,3,B-02,ว่าง (อยู่บนชั้น)
B530103025,B530103025-C05,ครอบครัวตึ๋งหนืด เล่ม 25,เล่มที่ 5,Lee Bong-gi / Studio Mango,165.00,1,3,B-02,ว่าง (อยู่บนชั้น)
B530103026,B530103026-C01,ครอบครัวตึ๋งหนืด เล่ม 26,เล่มที่ 1,Lee Bong-gi / Studio Mango,165.00,1,3,B-02,ว่าง (อยู่บนชั้น)
B530103026,B530103026-C02,ครอบครัวตึ๋งหนืด เล่ม 26,เล่มที่ 2,Lee Bong-gi / Studio Mango,165.00,1,3,B-02,ว่าง (อยู่บนชั้น)
B530103026,B530103026-C03,ครอบครัวตึ๋งหนืด เล่ม 26,เล่มที่ 3,Lee Bong-gi / Studio Mango,165.00,1,3,B-02,ว่าง (อยู่บนชั้น)
B530103026,B530103026-C04,ครอบครัวตึ๋งหนืด เล่ม 26,เล่มที่ 4,Lee Bong-gi / Studio Mango,165.00,1,3,B-02,ว่าง (อยู่บนชั้น)
B530103026,B530103026-C05,ครอบครัวตึ๋งหนืด เล่ม 26,เล่มที่ 5,Lee Bong-gi / Studio Mango,165.00,1,3,B-02,ว่าง (อยู่บนชั้น)
B530103027,B530103027-C01,ครอบครัวตึ๋งหนืด เล่ม 27,เล่มที่ 1,Lee Bong-gi / Studio Mango,165.00,1,3,B-02,ว่าง (อยู่บนชั้น)
B530103027,B530103027-C02,ครอบครัวตึ๋งหนืด เล่ม 27,เล่มที่ 2,Lee Bong-gi / Studio Mango,165.00,1,3,B-02,ว่าง (อยู่บนชั้น)
B530103027,B530103027-C03,ครอบครัวตึ๋งหนืด เล่ม 27,เล่มที่ 3,Lee Bong-gi / Studio Mango,165.00,1,3,B-02,ว่าง (อยู่บนชั้น)
B530103027,B530103027-C04,ครอบครัวตึ๋งหนืด เล่ม 27,เล่มที่ 4,Lee Bong-gi / Studio Mango,165.00,1,3,B-02,ว่าง (อยู่บนชั้น)
B530103027,B530103027-C05,ครอบครัวตึ๋งหนืด เล่ม 27,เล่มที่ 5,Lee Bong-gi / Studio Mango,165.00,1,3,B-02,ว่าง (อยู่บนชั้น)
B530103028,B530103028-C01,ครอบครัวตึ๋งหนืด เล่ม 28,เล่มที่ 1,Lee Bong-gi / Studio Mango,165.00,1,3,B-02,ว่าง (อยู่บนชั้น)
B530103028,B530103028-C02,ครอบครัวตึ๋งหนืด เล่ม 28,เล่มที่ 2,Lee Bong-gi / Studio Mango,165.00,1,3,B-02,ว่าง (อยู่บนชั้น)
B530103028,B530103028-C03,ครอบครัวตึ๋งหนืด เล่ม 28,เล่มที่ 3,Lee Bong-gi / Studio Mango,165.00,1,3,B-02,ว่าง (อยู่บนชั้น)
B530103028,B530103028-C04,ครอบครัวตึ๋งหนืด เล่ม 28,เล่มที่ 4,Lee Bong-gi / Studio Mango,165.00,1,3,B-02,ว่าง (อยู่บนชั้น)
B530103028,B530103028-C05,ครอบครัวตึ๋งหนืด เล่ม 28,เล่มที่ 5,Lee Bong-gi / Studio Mango,165.00,1,3,B-02,ว่าง (อยู่บนชั้น)
B530103029,B530103029-C01,ครอบครัวตึ๋งหนืด เล่ม 29,เล่มที่ 1,Lee Bong-gi / Studio Mango,165.00,1,3,B-02,ว่าง (อยู่บนชั้น)
B530103029,B530103029-C02,ครอบครัวตึ๋งหนืด เล่ม 29,เล่มที่ 2,Lee Bong-gi / Studio Mango,165.00,1,3,B-02,ว่าง (อยู่บนชั้น)
B530103029,B530103029-C03,ครอบครัวตึ๋งหนืด เล่ม 29,เล่มที่ 3,Lee Bong-gi / Studio Mango,165.00,1,3,B-02,ว่าง (อยู่บนชั้น)
B530103029,B530103029-C04,ครอบครัวตึ๋งหนืด เล่ม 29,เล่มที่ 4,Lee Bong-gi / Studio Mango,165.00,1,3,B-02,ว่าง (อยู่บนชั้น)
B530103029,B530103029-C05,ครอบครัวตึ๋งหนืด เล่ม 29,เล่มที่ 5,Lee Bong-gi / Studio Mango,165.00,1,3,B-02,ว่าง (อยู่บนชั้น)
B530103030,B530103030-C01,ครอบครัวตึ๋งหนืด เล่ม 30,เล่มที่ 1,Lee Bong-gi / Studio Mango,165.00,1,3,B-02,ว่าง (อยู่บนชั้น)
B530103030,B530103030-C02,ครอบครัวตึ๋งหนืด เล่ม 30,เล่มที่ 2,Lee Bong-gi / Studio Mango,165.00,1,3,B-02,ว่าง (อยู่บนชั้น)
B530103030,B530103030-C03,ครอบครัวตึ๋งหนืด เล่ม 30,เล่มที่ 3,Lee Bong-gi / Studio Mango,165.00,1,3,B-02,ว่าง (อยู่บนชั้น)
B530103030,B530103030-C04,ครอบครัวตึ๋งหนืด เล่ม 30,เล่มที่ 4,Lee Bong-gi / Studio Mango,165.00,1,3,B-02,ว่าง (อยู่บนชั้น)
B530103030,B530103030-C05,ครอบครัวตึ๋งหนืด เล่ม 30,เล่มที่ 5,Lee Bong-gi / Studio Mango,165.00,1,3,B-02,ว่าง (อยู่บนชั้น)
B530103031,B530103031-C01,ครอบครัวตึ๋งหนืด เล่ม 31,เล่มที่ 1,Lee Bong-gi / Studio Mango,165.00,1,3,B-02,ว่าง (อยู่บนชั้น)
B530103031,B530103031-C02,ครอบครัวตึ๋งหนืด เล่ม 31,เล่มที่ 2,Lee Bong-gi / Studio Mango,165.00,1,3,B-02,ว่าง (อยู่บนชั้น)
B530103031,B530103031-C03,ครอบครัวตึ๋งหนืด เล่ม 31,เล่มที่ 3,Lee Bong-gi / Studio Mango,165.00,1,3,B-02,ว่าง (อยู่บนชั้น)
B530103031,B530103031-C04,ครอบครัวตึ๋งหนืด เล่ม 31,เล่มที่ 4,Lee Bong-gi / Studio Mango,165.00,1,3,B-02,ว่าง (อยู่บนชั้น)
B530103031,B530103031-C05,ครอบครัวตึ๋งหนืด เล่ม 31,เล่มที่ 5,Lee Bong-gi / Studio Mango,165.00,1,3,B-02,ว่าง (อยู่บนชั้น)
B530103032,B530103032-C01,ครอบครัวตึ๋งหนืด เล่ม 32,เล่มที่ 1,Lee Bong-gi / Studio Mango,165.00,1,3,B-02,ว่าง (อยู่บนชั้น)
B530103032,B530103032-C02,ครอบครัวตึ๋งหนืด เล่ม 32,เล่มที่ 2,Lee Bong-gi / Studio Mango,165.00,1,3,B-02,ว่าง (อยู่บนชั้น)
B530103032,B530103032-C03,ครอบครัวตึ๋งหนืด เล่ม 32,เล่มที่ 3,Lee Bong-gi / Studio Mango,165.00,1,3,B-02,ว่าง (อยู่บนชั้น)
B530103032,B530103032-C04,ครอบครัวตึ๋งหนืด เล่ม 32,เล่มที่ 4,Lee Bong-gi / Studio Mango,165.00,1,3,B-02,ว่าง (อยู่บนชั้น)
B530103032,B530103032-C05,ครอบครัวตึ๋งหนืด เล่ม 32,เล่มที่ 5,Lee Bong-gi / Studio Mango,165.00,1,3,B-02,ว่าง (อยู่บนชั้น)
B530103033,B530103033-C01,ครอบครัวตึ๋งหนืด เล่ม 33,เล่มที่ 1,Lee Bong-gi / Studio Mango,165.00,1,3,B-02,ว่าง (อยู่บนชั้น)
B530103033,B530103033-C02,ครอบครัวตึ๋งหนืด เล่ม 33,เล่มที่ 2,Lee Bong-gi / Studio Mango,165.00,1,3,B-02,ว่าง (อยู่บนชั้น)
B530103033,B530103033-C03,ครอบครัวตึ๋งหนืด เล่ม 33,เล่มที่ 3,Lee Bong-gi / Studio Mango,165.00,1,3,B-02,ว่าง (อยู่บนชั้น)
B530103033,B530103033-C04,ครอบครัวตึ๋งหนืด เล่ม 33,เล่มที่ 4,Lee Bong-gi / Studio Mango,165.00,1,3,B-02,ว่าง (อยู่บนชั้น)
B530103033,B530103033-C05,ครอบครัวตึ๋งหนืด เล่ม 33,เล่มที่ 5,Lee Bong-gi / Studio Mango,165.00,1,3,B-02,ว่าง (อยู่บนชั้น)
B530103034,B530103034-C01,ครอบครัวตึ๋งหนืด เล่ม 34,เล่มที่ 1,Lee Bong-gi / Studio Mango,165.00,1,3,B-02,ว่าง (อยู่บนชั้น)
B530103034,B530103034-C02,ครอบครัวตึ๋งหนืด เล่ม 34,เล่มที่ 2,Lee Bong-gi / Studio Mango,165.00,1,3,B-02,ว่าง (อยู่บนชั้น)
B530103034,B530103034-C03,ครอบครัวตึ๋งหนืด เล่ม 34,เล่มที่ 3,Lee Bong-gi / Studio Mango,165.00,1,3,B-02,ว่าง (อยู่บนชั้น)
B530103034,B530103034-C04,ครอบครัวตึ๋งหนืด เล่ม 34,เล่มที่ 4,Lee Bong-gi / Studio Mango,165.00,1,3,B-02,ว่าง (อยู่บนชั้น)
B530103034,B530103034-C05,ครอบครัวตึ๋งหนืด เล่ม 34,เล่มที่ 5,Lee Bong-gi / Studio Mango,165.00,1,3,B-02,ว่าง (อยู่บนชั้น)
B530103035,B530103035-C01,ครอบครัวตึ๋งหนืด เล่ม 35,เล่มที่ 1,Lee Bong-gi / Studio Mango,165.00,1,3,B-02,ว่าง (อยู่บนชั้น)
B530103035,B530103035-C02,ครอบครัวตึ๋งหนืด เล่ม 35,เล่มที่ 2,Lee Bong-gi / Studio Mango,165.00,1,3,B-02,ว่าง (อยู่บนชั้น)
B530103035,B530103035-C03,ครอบครัวตึ๋งหนืด เล่ม 35,เล่มที่ 3,Lee Bong-gi / Studio Mango,165.00,1,3,B-02,ว่าง (อยู่บนชั้น)
B530103035,B530103035-C04,ครอบครัวตึ๋งหนืด เล่ม 35,เล่มที่ 4,Lee Bong-gi / Studio Mango,165.00,1,3,B-02,ว่าง (อยู่บนชั้น)
B530103035,B530103035-C05,ครอบครัวตึ๋งหนืด เล่ม 35,เล่มที่ 5,Lee Bong-gi / Studio Mango,165.00,1,3,B-02,ว่าง (อยู่บนชั้น)
B530103036,B530103036-C01,ครอบครัวตึ๋งหนืด เล่ม 36,เล่มที่ 1,Lee Bong-gi / Studio Mango,165.00,1,3,B-02,ว่าง (อยู่บนชั้น)
B530103036,B530103036-C02,ครอบครัวตึ๋งหนืด เล่ม 36,เล่มที่ 2,Lee Bong-gi / Studio Mango,165.00,1,3,B-02,ว่าง (อยู่บนชั้น)
B530103036,B530103036-C03,ครอบครัวตึ๋งหนืด เล่ม 36,เล่มที่ 3,Lee Bong-gi / Studio Mango,165.00,1,3,B-02,ว่าง (อยู่บนชั้น)
B530103036,B530103036-C04,ครอบครัวตึ๋งหนืด เล่ม 36,เล่มที่ 4,Lee Bong-gi / Studio Mango,165.00,1,3,B-02,ว่าง (อยู่บนชั้น)
B530103036,B530103036-C05,ครอบครัวตึ๋งหนืด เล่ม 36,เล่มที่ 5,Lee Bong-gi / Studio Mango,165.00,1,3,B-02,ว่าง (อยู่บนชั้น)
B530103037,B530103037-C01,ครอบครัวตึ๋งหนืด เล่ม 37,เล่มที่ 1,Lee Bong-gi / Studio Mango,165.00,1,3,B-02,ว่าง (อยู่บนชั้น)
B530103037,B530103037-C02,ครอบครัวตึ๋งหนืด เล่ม 37,เล่มที่ 2,Lee Bong-gi / Studio Mango,165.00,1,3,B-02,ว่าง (อยู่บนชั้น)
B530103037,B530103037-C03,ครอบครัวตึ๋งหนืด เล่ม 37,เล่มที่ 3,Lee Bong-gi / Studio Mango,165.00,1,3,B-02,ว่าง (อยู่บนชั้น)
B530103037,B530103037-C04,ครอบครัวตึ๋งหนืด เล่ม 37,เล่มที่ 4,Lee Bong-gi / Studio Mango,165.00,1,3,B-02,ว่าง (อยู่บนชั้น)
B530103037,B530103037-C05,ครอบครัวตึ๋งหนืด เล่ม 37,เล่มที่ 5,Lee Bong-gi / Studio Mango,165.00,1,3,B-02,ว่าง (อยู่บนชั้น)
B530103038,B530103038-C01,ครอบครัวตึ๋งหนืด เล่ม 38,เล่มที่ 1,Lee Bong-gi / Studio Mango,165.00,1,3,B-02,ว่าง (อยู่บนชั้น)
B530103038,B530103038-C02,ครอบครัวตึ๋งหนืด เล่ม 38,เล่มที่ 2,Lee Bong-gi / Studio Mango,165.00,1,3,B-02,ว่าง (อยู่บนชั้น)
B530103038,B530103038-C03,ครอบครัวตึ๋งหนืด เล่ม 38,เล่มที่ 3,Lee Bong-gi / Studio Mango,165.00,1,3,B-02,ว่าง (อยู่บนชั้น)
B530103038,B530103038-C04,ครอบครัวตึ๋งหนืด เล่ม 38,เล่มที่ 4,Lee Bong-gi / Studio Mango,165.00,1,3,B-02,ว่าง (อยู่บนชั้น)
B530103038,B530103038-C05,ครอบครัวตึ๋งหนืด เล่ม 38,เล่มที่ 5,Lee Bong-gi / Studio Mango,165.00,1,3,B-02,ว่าง (อยู่บนชั้น)
B530103039,B530103039-C01,ครอบครัวตึ๋งหนืด เล่ม 39,เล่มที่ 1,Lee Bong-gi / Studio Mango,165.00,1,3,B-02,ว่าง (อยู่บนชั้น)
B530103039,B530103039-C02,ครอบครัวตึ๋งหนืด เล่ม 39,เล่มที่ 2,Lee Bong-gi / Studio Mango,165.00,1,3,B-02,ว่าง (อยู่บนชั้น)
B530103039,B530103039-C03,ครอบครัวตึ๋งหนืด เล่ม 39,เล่มที่ 3,Lee Bong-gi / Studio Mango,165.00,1,3,B-02,ว่าง (อยู่บนชั้น)
B530103039,B530103039-C04,ครอบครัวตึ๋งหนืด เล่ม 39,เล่มที่ 4,Lee Bong-gi / Studio Mango,165.00,1,3,B-02,ว่าง (อยู่บนชั้น)
B530103039,B530103039-C05,ครอบครัวตึ๋งหนืด เล่ม 39,เล่มที่ 5,Lee Bong-gi / Studio Mango,165.00,1,3,B-02,ว่าง (อยู่บนชั้น)
B530103040,B530103040-C01,ครอบครัวตึ๋งหนืด เล่ม 40,เล่มที่ 1,Lee Bong-gi / Studio Mango,165.00,1,3,B-02,ว่าง (อยู่บนชั้น)
B530103040,B530103040-C02,ครอบครัวตึ๋งหนืด เล่ม 40,เล่มที่ 2,Lee Bong-gi / Studio Mango,165.00,1,3,B-02,ว่าง (อยู่บนชั้น)
B530103040,B530103040-C03,ครอบครัวตึ๋งหนืด เล่ม 40,เล่มที่ 3,Lee Bong-gi / Studio Mango,165.00,1,3,B-02,ว่าง (อยู่บนชั้น)
B530103040,B530103040-C04,ครอบครัวตึ๋งหนืด เล่ม 40,เล่มที่ 4,Lee Bong-gi / Studio Mango,165.00,1,3,B-02,ว่าง (อยู่บนชั้น)
B530103040,B530103040-C05,ครอบครัวตึ๋งหนืด เล่ม 40,เล่มที่ 5,Lee Bong-gi / Studio Mango,165.00,1,3,B-02,ว่าง (อยู่บนชั้น)
B530103041,B530103041-C01,ครอบครัวตึ๋งหนืด เล่ม 41,เล่มที่ 1,Lee Bong-gi / Studio Mango,165.00,1,3,B-02,ว่าง (อยู่บนชั้น)
B530103041,B530103041-C02,ครอบครัวตึ๋งหนืด เล่ม 41,เล่มที่ 2,Lee Bong-gi / Studio Mango,165.00,1,3,B-02,ว่าง (อยู่บนชั้น)
B530103041,B530103041-C03,ครอบครัวตึ๋งหนืด เล่ม 41,เล่มที่ 3,Lee Bong-gi / Studio Mango,165.00,1,3,B-02,ว่าง (อยู่บนชั้น)
B530103041,B530103041-C04,ครอบครัวตึ๋งหนืด เล่ม 41,เล่มที่ 4,Lee Bong-gi / Studio Mango,165.00,1,3,B-02,ว่าง (อยู่บนชั้น)
B530103041,B530103041-C05,ครอบครัวตึ๋งหนืด เล่ม 41,เล่มที่ 5,Lee Bong-gi / Studio Mango,165.00,1,3,B-02,ว่าง (อยู่บนชั้น)
B530103042,B530103042-C01,ครอบครัวตึ๋งหนืด เล่ม 42,เล่มที่ 1,Lee Bong-gi / Studio Mango,165.00,1,3,B-02,ว่าง (อยู่บนชั้น)
B530103042,B530103042-C02,ครอบครัวตึ๋งหนืด เล่ม 42,เล่มที่ 2,Lee Bong-gi / Studio Mango,165.00,1,3,B-02,ว่าง (อยู่บนชั้น)
B530103042,B530103042-C03,ครอบครัวตึ๋งหนืด เล่ม 42,เล่มที่ 3,Lee Bong-gi / Studio Mango,165.00,1,3,B-02,ว่าง (อยู่บนชั้น)
B530103042,B530103042-C04,ครอบครัวตึ๋งหนืด เล่ม 42,เล่มที่ 4,Lee Bong-gi / Studio Mango,165.00,1,3,B-02,ว่าง (อยู่บนชั้น)
B530103042,B530103042-C05,ครอบครัวตึ๋งหนืด เล่ม 42,เล่มที่ 5,Lee Bong-gi / Studio Mango,165.00,1,3,B-02,ว่าง (อยู่บนชั้น)
B530103043,B530103043-C01,ครอบครัวตึ๋งหนืด เล่ม 43,เล่มที่ 1,Lee Bong-gi / Studio Mango,165.00,1,3,B-02,ว่าง (อยู่บนชั้น)
B530103043,B530103043-C02,ครอบครัวตึ๋งหนืด เล่ม 43,เล่มที่ 2,Lee Bong-gi / Studio Mango,165.00,1,3,B-02,ว่าง (อยู่บนชั้น)
B530103043,B530103043-C03,ครอบครัวตึ๋งหนืด เล่ม 43,เล่มที่ 3,Lee Bong-gi / Studio Mango,165.00,1,3,B-02,ว่าง (อยู่บนชั้น)
B530103043,B530103043-C04,ครอบครัวตึ๋งหนืด เล่ม 43,เล่มที่ 4,Lee Bong-gi / Studio Mango,165.00,1,3,B-02,ว่าง (อยู่บนชั้น)
B530103043,B530103043-C05,ครอบครัวตึ๋งหนืด เล่ม 43,เล่มที่ 5,Lee Bong-gi / Studio Mango,165.00,1,3,B-02,ว่าง (อยู่บนชั้น)
B530103044,B530103044-C01,ครอบครัวตึ๋งหนืด เล่ม 44,เล่มที่ 1,Lee Bong-gi / Studio Mango,165.00,1,3,B-02,ว่าง (อยู่บนชั้น)
B530103044,B530103044-C02,ครอบครัวตึ๋งหนืด เล่ม 44,เล่มที่ 2,Lee Bong-gi / Studio Mango,165.00,1,3,B-02,ว่าง (อยู่บนชั้น)
B530103044,B530103044-C03,ครอบครัวตึ๋งหนืด เล่ม 44,เล่มที่ 3,Lee Bong-gi / Studio Mango,165.00,1,3,B-02,ว่าง (อยู่บนชั้น)
B530103044,B530103044-C04,ครอบครัวตึ๋งหนืด เล่ม 44,เล่มที่ 4,Lee Bong-gi / Studio Mango,165.00,1,3,B-02,ว่าง (อยู่บนชั้น)
B530103044,B530103044-C05,ครอบครัวตึ๋งหนืด เล่ม 44,เล่มที่ 5,Lee Bong-gi / Studio Mango,165.00,1,3,B-02,ว่าง (อยู่บนชั้น)
B530103045,B530103045-C01,ครอบครัวตึ๋งหนืด เล่ม 45,เล่มที่ 1,Lee Bong-gi / Studio Mango,165.00,1,3,B-02,ว่าง (อยู่บนชั้น)
B530103045,B530103045-C02,ครอบครัวตึ๋งหนืด เล่ม 45,เล่มที่ 2,Lee Bong-gi / Studio Mango,165.00,1,3,B-02,ว่าง (อยู่บนชั้น)
B530103045,B530103045-C03,ครอบครัวตึ๋งหนืด เล่ม 45,เล่มที่ 3,Lee Bong-gi / Studio Mango,165.00,1,3,B-02,ว่าง (อยู่บนชั้น)
B530103045,B530103045-C04,ครอบครัวตึ๋งหนืด เล่ม 45,เล่มที่ 4,Lee Bong-gi / Studio Mango,165.00,1,3,B-02,ว่าง (อยู่บนชั้น)
B530103045,B530103045-C05,ครอบครัวตึ๋งหนืด เล่ม 45,เล่มที่ 5,Lee Bong-gi / Studio Mango,165.00,1,3,B-02,ว่าง (อยู่บนชั้น)
B530103046,B530103046-C01,ครอบครัวตึ๋งหนืด เล่ม 46,เล่มที่ 1,Lee Bong-gi / Studio Mango,165.00,1,3,B-02,ว่าง (อยู่บนชั้น)
B530103046,B530103046-C02,ครอบครัวตึ๋งหนืด เล่ม 46,เล่มที่ 2,Lee Bong-gi / Studio Mango,165.00,1,3,B-02,ว่าง (อยู่บนชั้น)
B530103046,B530103046-C03,ครอบครัวตึ๋งหนืด เล่ม 46,เล่มที่ 3,Lee Bong-gi / Studio Mango,165.00,1,3,B-02,ว่าง (อยู่บนชั้น)
B530103046,B530103046-C04,ครอบครัวตึ๋งหนืด เล่ม 46,เล่มที่ 4,Lee Bong-gi / Studio Mango,165.00,1,3,B-02,ว่าง (อยู่บนชั้น)
B530103046,B530103046-C05,ครอบครัวตึ๋งหนืด เล่ม 46,เล่มที่ 5,Lee Bong-gi / Studio Mango,165.00,1,3,B-02,ว่าง (อยู่บนชั้น)
B530103047,B530103047-C01,ครอบครัวตึ๋งหนืด เล่ม 47,เล่มที่ 1,Lee Bong-gi / Studio Mango,165.00,1,3,B-02,ว่าง (อยู่บนชั้น)
B530103047,B530103047-C02,ครอบครัวตึ๋งหนืด เล่ม 47,เล่มที่ 2,Lee Bong-gi / Studio Mango,165.00,1,3,B-02,ว่าง (อยู่บนชั้น)
B530103047,B530103047-C03,ครอบครัวตึ๋งหนืด เล่ม 47,เล่มที่ 3,Lee Bong-gi / Studio Mango,165.00,1,3,B-02,ว่าง (อยู่บนชั้น)
B530103047,B530103047-C04,ครอบครัวตึ๋งหนืด เล่ม 47,เล่มที่ 4,Lee Bong-gi / Studio Mango,165.00,1,3,B-02,ว่าง (อยู่บนชั้น)
B530103047,B530103047-C05,ครอบครัวตึ๋งหนืด เล่ม 47,เล่มที่ 5,Lee Bong-gi / Studio Mango,165.00,1,3,B-02,ว่าง (อยู่บนชั้น)
B530103048,B530103048-C01,ครอบครัวตึ๋งหนืด เล่ม 48,เล่มที่ 1,Lee Bong-gi / Studio Mango,165.00,1,3,B-02,ว่าง (อยู่บนชั้น)
B530103048,B530103048-C02,ครอบครัวตึ๋งหนืด เล่ม 48,เล่มที่ 2,Lee Bong-gi / Studio Mango,165.00,1,3,B-02,ว่าง (อยู่บนชั้น)
B530103048,B530103048-C03,ครอบครัวตึ๋งหนืด เล่ม 48,เล่มที่ 3,Lee Bong-gi / Studio Mango,165.00,1,3,B-02,ว่าง (อยู่บนชั้น)
B530103048,B530103048-C04,ครอบครัวตึ๋งหนืด เล่ม 48,เล่มที่ 4,Lee Bong-gi / Studio Mango,165.00,1,3,B-02,ว่าง (อยู่บนชั้น)
B530103048,B530103048-C05,ครอบครัวตึ๋งหนืด เล่ม 48,เล่มที่ 5,Lee Bong-gi / Studio Mango,165.00,1,3,B-02,ว่าง (อยู่บนชั้น)
B530103049,B530103049-C01,ครอบครัวตึ๋งหนืด เล่ม 49,เล่มที่ 1,Lee Bong-gi / Studio Mango,165.00,1,3,B-02,ว่าง (อยู่บนชั้น)
B530103049,B530103049-C02,ครอบครัวตึ๋งหนืด เล่ม 49,เล่มที่ 2,Lee Bong-gi / Studio Mango,165.00,1,3,B-02,ว่าง (อยู่บนชั้น)
B530103049,B530103049-C03,ครอบครัวตึ๋งหนืด เล่ม 49,เล่มที่ 3,Lee Bong-gi / Studio Mango,165.00,1,3,B-02,ว่าง (อยู่บนชั้น)
B530103049,B530103049-C04,ครอบครัวตึ๋งหนืด เล่ม 49,เล่มที่ 4,Lee Bong-gi / Studio Mango,165.00,1,3,B-02,ว่าง (อยู่บนชั้น)
B530103049,B530103049-C05,ครอบครัวตึ๋งหนืด เล่ม 49,เล่มที่ 5,Lee Bong-gi / Studio Mango,165.00,1,3,B-02,ว่าง (อยู่บนชั้น)
B530103050,B530103050-C01,ครอบครัวตึ๋งหนืด เล่ม 50,เล่มที่ 1,Lee Bong-gi / Studio Mango,165.00,1,3,B-02,ว่าง (อยู่บนชั้น)
B530103050,B530103050-C02,ครอบครัวตึ๋งหนืด เล่ม 50,เล่มที่ 2,Lee Bong-gi / Studio Mango,165.00,1,3,B-02,ว่าง (อยู่บนชั้น)
B530103050,B530103050-C03,ครอบครัวตึ๋งหนืด เล่ม 50,เล่มที่ 3,Lee Bong-gi / Studio Mango,165.00,1,3,B-02,ว่าง (อยู่บนชั้น)
B530103050,B530103050-C04,ครอบครัวตึ๋งหนืด เล่ม 50,เล่มที่ 4,Lee Bong-gi / Studio Mango,165.00,1,3,B-02,ว่าง (อยู่บนชั้น)
B530103050,B530103050-C05,ครอบครัวตึ๋งหนืด เล่ม 50,เล่มที่ 5,Lee Bong-gi / Studio Mango,165.00,1,3,B-02,ว่าง (อยู่บนชั้น)
B540204001,B540204001-C01,เรื่องผีรอบโลก เล่ม 1,เล่มที่ 1,Yeondoo Comics,165.00,2,4,B-03,ว่าง (อยู่บนชั้น)
B540204001,B540204001-C02,เรื่องผีรอบโลก เล่ม 1,เล่มที่ 2,Yeondoo Comics,165.00,2,4,B-03,ว่าง (อยู่บนชั้น)
B540204001,B540204001-C03,เรื่องผีรอบโลก เล่ม 1,เล่มที่ 3,Yeondoo Comics,165.00,2,4,B-03,ว่าง (อยู่บนชั้น)
B540204001,B540204001-C04,เรื่องผีรอบโลก เล่ม 1,เล่มที่ 4,Yeondoo Comics,165.00,2,4,B-03,ว่าง (อยู่บนชั้น)
B540204001,B540204001-C05,เรื่องผีรอบโลก เล่ม 1,เล่มที่ 5,Yeondoo Comics,165.00,2,4,B-03,ว่าง (อยู่บนชั้น)
B540204002,B540204002-C01,เรื่องผีรอบโลก เล่ม 2,เล่มที่ 1,Yeondoo Comics,165.00,2,4,B-03,ว่าง (อยู่บนชั้น)
B540204002,B540204002-C02,เรื่องผีรอบโลก เล่ม 2,เล่มที่ 2,Yeondoo Comics,165.00,2,4,B-03,ว่าง (อยู่บนชั้น)
B540204002,B540204002-C03,เรื่องผีรอบโลก เล่ม 2,เล่มที่ 3,Yeondoo Comics,165.00,2,4,B-03,ว่าง (อยู่บนชั้น)
B540204002,B540204002-C04,เรื่องผีรอบโลก เล่ม 2,เล่มที่ 4,Yeondoo Comics,165.00,2,4,B-03,ว่าง (อยู่บนชั้น)
B540204002,B540204002-C05,เรื่องผีรอบโลก เล่ม 2,เล่มที่ 5,Yeondoo Comics,165.00,2,4,B-03,ว่าง (อยู่บนชั้น)
B540204003,B540204003-C01,เรื่องผีรอบโลก เล่ม 3,เล่มที่ 1,Yeondoo Comics,165.00,2,4,B-03,ว่าง (อยู่บนชั้น)
B540204003,B540204003-C02,เรื่องผีรอบโลก เล่ม 3,เล่มที่ 2,Yeondoo Comics,165.00,2,4,B-03,ว่าง (อยู่บนชั้น)
B540204003,B540204003-C03,เรื่องผีรอบโลก เล่ม 3,เล่มที่ 3,Yeondoo Comics,165.00,2,4,B-03,ว่าง (อยู่บนชั้น)
B540204003,B540204003-C04,เรื่องผีรอบโลก เล่ม 3,เล่มที่ 4,Yeondoo Comics,165.00,2,4,B-03,ว่าง (อยู่บนชั้น)
B540204003,B540204003-C05,เรื่องผีรอบโลก เล่ม 3,เล่มที่ 5,Yeondoo Comics,165.00,2,4,B-03,ว่าง (อยู่บนชั้น)
B540204004,B540204004-C01,เรื่องผีรอบโลก เล่ม 4,เล่มที่ 1,Yeondoo Comics,165.00,2,4,B-03,ว่าง (อยู่บนชั้น)
B540204004,B540204004-C02,เรื่องผีรอบโลก เล่ม 4,เล่มที่ 2,Yeondoo Comics,165.00,2,4,B-03,ว่าง (อยู่บนชั้น)
B540204004,B540204004-C03,เรื่องผีรอบโลก เล่ม 4,เล่มที่ 3,Yeondoo Comics,165.00,2,4,B-03,ว่าง (อยู่บนชั้น)
B540204004,B540204004-C04,เรื่องผีรอบโลก เล่ม 4,เล่มที่ 4,Yeondoo Comics,165.00,2,4,B-03,ว่าง (อยู่บนชั้น)
B540204004,B540204004-C05,เรื่องผีรอบโลก เล่ม 4,เล่มที่ 5,Yeondoo Comics,165.00,2,4,B-03,ว่าง (อยู่บนชั้น)
B540204005,B540204005-C01,เรื่องผีรอบโลก เล่ม 5,เล่มที่ 1,Yeondoo Comics,165.00,2,4,B-03,ว่าง (อยู่บนชั้น)
B540204005,B540204005-C02,เรื่องผีรอบโลก เล่ม 5,เล่มที่ 2,Yeondoo Comics,165.00,2,4,B-03,ว่าง (อยู่บนชั้น)
B540204005,B540204005-C03,เรื่องผีรอบโลก เล่ม 5,เล่มที่ 3,Yeondoo Comics,165.00,2,4,B-03,ว่าง (อยู่บนชั้น)
B540204005,B540204005-C04,เรื่องผีรอบโลก เล่ม 5,เล่มที่ 4,Yeondoo Comics,165.00,2,4,B-03,ว่าง (อยู่บนชั้น)
B540204005,B540204005-C05,เรื่องผีรอบโลก เล่ม 5,เล่มที่ 5,Yeondoo Comics,165.00,2,4,B-03,ว่าง (อยู่บนชั้น)
B540204006,B540204006-C01,เรื่องผีรอบโลก เล่ม 6,เล่มที่ 1,Yeondoo Comics,165.00,2,4,B-03,ว่าง (อยู่บนชั้น)
B540204006,B540204006-C02,เรื่องผีรอบโลก เล่ม 6,เล่มที่ 2,Yeondoo Comics,165.00,2,4,B-03,ว่าง (อยู่บนชั้น)
B540204006,B540204006-C03,เรื่องผีรอบโลก เล่ม 6,เล่มที่ 3,Yeondoo Comics,165.00,2,4,B-03,ว่าง (อยู่บนชั้น)
B540204006,B540204006-C04,เรื่องผีรอบโลก เล่ม 6,เล่มที่ 4,Yeondoo Comics,165.00,2,4,B-03,ว่าง (อยู่บนชั้น)
B540204006,B540204006-C05,เรื่องผีรอบโลก เล่ม 6,เล่มที่ 5,Yeondoo Comics,165.00,2,4,B-03,ว่าง (อยู่บนชั้น)
B540204007,B540204007-C01,เรื่องผีรอบโลก เล่ม 7,เล่มที่ 1,Yeondoo Comics,165.00,2,4,B-03,ว่าง (อยู่บนชั้น)
B540204007,B540204007-C02,เรื่องผีรอบโลก เล่ม 7,เล่มที่ 2,Yeondoo Comics,165.00,2,4,B-03,ว่าง (อยู่บนชั้น)
B540204007,B540204007-C03,เรื่องผีรอบโลก เล่ม 7,เล่มที่ 3,Yeondoo Comics,165.00,2,4,B-03,ว่าง (อยู่บนชั้น)
B540204007,B540204007-C04,เรื่องผีรอบโลก เล่ม 7,เล่มที่ 4,Yeondoo Comics,165.00,2,4,B-03,ว่าง (อยู่บนชั้น)
B540204007,B540204007-C05,เรื่องผีรอบโลก เล่ม 7,เล่มที่ 5,Yeondoo Comics,165.00,2,4,B-03,ว่าง (อยู่บนชั้น)
B540204008,B540204008-C01,เรื่องผีรอบโลก เล่ม 8,เล่มที่ 1,Yeondoo Comics,165.00,2,4,B-03,ว่าง (อยู่บนชั้น)
B540204008,B540204008-C02,เรื่องผีรอบโลก เล่ม 8,เล่มที่ 2,Yeondoo Comics,165.00,2,4,B-03,ว่าง (อยู่บนชั้น)
B540204008,B540204008-C03,เรื่องผีรอบโลก เล่ม 8,เล่มที่ 3,Yeondoo Comics,165.00,2,4,B-03,ว่าง (อยู่บนชั้น)
B540204008,B540204008-C04,เรื่องผีรอบโลก เล่ม 8,เล่มที่ 4,Yeondoo Comics,165.00,2,4,B-03,ว่าง (อยู่บนชั้น)
B540204008,B540204008-C05,เรื่องผีรอบโลก เล่ม 8,เล่มที่ 5,Yeondoo Comics,165.00,2,4,B-03,ว่าง (อยู่บนชั้น)
B540204009,B540204009-C01,เรื่องผีรอบโลก เล่ม 9,เล่มที่ 1,Yeondoo Comics,165.00,2,4,B-03,ว่าง (อยู่บนชั้น)
B540204009,B540204009-C02,เรื่องผีรอบโลก เล่ม 9,เล่มที่ 2,Yeondoo Comics,165.00,2,4,B-03,ว่าง (อยู่บนชั้น)
B540204009,B540204009-C03,เรื่องผีรอบโลก เล่ม 9,เล่มที่ 3,Yeondoo Comics,165.00,2,4,B-03,ว่าง (อยู่บนชั้น)
B540204009,B540204009-C04,เรื่องผีรอบโลก เล่ม 9,เล่มที่ 4,Yeondoo Comics,165.00,2,4,B-03,ว่าง (อยู่บนชั้น)
B540204009,B540204009-C05,เรื่องผีรอบโลก เล่ม 9,เล่มที่ 5,Yeondoo Comics,165.00,2,4,B-03,ว่าง (อยู่บนชั้น)
B540204010,B540204010-C01,เรื่องผีรอบโลก เล่ม 10,เล่มที่ 1,Yeondoo Comics,165.00,2,4,B-03,ว่าง (อยู่บนชั้น)
B540204010,B540204010-C02,เรื่องผีรอบโลก เล่ม 10,เล่มที่ 2,Yeondoo Comics,165.00,2,4,B-03,ว่าง (อยู่บนชั้น)
B540204010,B540204010-C03,เรื่องผีรอบโลก เล่ม 10,เล่มที่ 3,Yeondoo Comics,165.00,2,4,B-03,ว่าง (อยู่บนชั้น)
B540204010,B540204010-C04,เรื่องผีรอบโลก เล่ม 10,เล่มที่ 4,Yeondoo Comics,165.00,2,4,B-03,ว่าง (อยู่บนชั้น)
B540204010,B540204010-C05,เรื่องผีรอบโลก เล่ม 10,เล่มที่ 5,Yeondoo Comics,165.00,2,4,B-03,ว่าง (อยู่บนชั้น)
B540204011,B540204011-C01,เรื่องผีรอบโลก เล่ม 11,เล่มที่ 1,Yeondoo Comics,165.00,2,4,B-03,ว่าง (อยู่บนชั้น)
B540204011,B540204011-C02,เรื่องผีรอบโลก เล่ม 11,เล่มที่ 2,Yeondoo Comics,165.00,2,4,B-03,ว่าง (อยู่บนชั้น)
B540204011,B540204011-C03,เรื่องผีรอบโลก เล่ม 11,เล่มที่ 3,Yeondoo Comics,165.00,2,4,B-03,ว่าง (อยู่บนชั้น)
B540204011,B540204011-C04,เรื่องผีรอบโลก เล่ม 11,เล่มที่ 4,Yeondoo Comics,165.00,2,4,B-03,ว่าง (อยู่บนชั้น)
B540204011,B540204011-C05,เรื่องผีรอบโลก เล่ม 11,เล่มที่ 5,Yeondoo Comics,165.00,2,4,B-03,ว่าง (อยู่บนชั้น)
B540204012,B540204012-C01,เรื่องผีรอบโลก เล่ม 12,เล่มที่ 1,Yeondoo Comics,165.00,2,4,B-03,ว่าง (อยู่บนชั้น)
B540204012,B540204012-C02,เรื่องผีรอบโลก เล่ม 12,เล่มที่ 2,Yeondoo Comics,165.00,2,4,B-03,ว่าง (อยู่บนชั้น)
B540204012,B540204012-C03,เรื่องผีรอบโลก เล่ม 12,เล่มที่ 3,Yeondoo Comics,165.00,2,4,B-03,ว่าง (อยู่บนชั้น)
B540204012,B540204012-C04,เรื่องผีรอบโลก เล่ม 12,เล่มที่ 4,Yeondoo Comics,165.00,2,4,B-03,ว่าง (อยู่บนชั้น)
B540204012,B540204012-C05,เรื่องผีรอบโลก เล่ม 12,เล่มที่ 5,Yeondoo Comics,165.00,2,4,B-03,ว่าง (อยู่บนชั้น)
B540204013,B540204013-C01,เรื่องผีรอบโลก เล่ม 13,เล่มที่ 1,Yeondoo Comics,165.00,2,4,B-03,ว่าง (อยู่บนชั้น)
B540204013,B540204013-C02,เรื่องผีรอบโลก เล่ม 13,เล่มที่ 2,Yeondoo Comics,165.00,2,4,B-03,ว่าง (อยู่บนชั้น)
B540204013,B540204013-C03,เรื่องผีรอบโลก เล่ม 13,เล่มที่ 3,Yeondoo Comics,165.00,2,4,B-03,ว่าง (อยู่บนชั้น)
B540204013,B540204013-C04,เรื่องผีรอบโลก เล่ม 13,เล่มที่ 4,Yeondoo Comics,165.00,2,4,B-03,ว่าง (อยู่บนชั้น)
B540204013,B540204013-C05,เรื่องผีรอบโลก เล่ม 13,เล่มที่ 5,Yeondoo Comics,165.00,2,4,B-03,ว่าง (อยู่บนชั้น)
B540204014,B540204014-C01,เรื่องผีรอบโลก เล่ม 14,เล่มที่ 1,Yeondoo Comics,165.00,2,4,B-03,ว่าง (อยู่บนชั้น)
B540204014,B540204014-C02,เรื่องผีรอบโลก เล่ม 14,เล่มที่ 2,Yeondoo Comics,165.00,2,4,B-03,ว่าง (อยู่บนชั้น)
B540204014,B540204014-C03,เรื่องผีรอบโลก เล่ม 14,เล่มที่ 3,Yeondoo Comics,165.00,2,4,B-03,ว่าง (อยู่บนชั้น)
B540204014,B540204014-C04,เรื่องผีรอบโลก เล่ม 14,เล่มที่ 4,Yeondoo Comics,165.00,2,4,B-03,ว่าง (อยู่บนชั้น)
B540204014,B540204014-C05,เรื่องผีรอบโลก เล่ม 14,เล่มที่ 5,Yeondoo Comics,165.00,2,4,B-03,ว่าง (อยู่บนชั้น)
B540204015,B540204015-C01,เรื่องผีรอบโลก เล่ม 15,เล่มที่ 1,Yeondoo Comics,165.00,2,4,B-03,ว่าง (อยู่บนชั้น)
B540204015,B540204015-C02,เรื่องผีรอบโลก เล่ม 15,เล่มที่ 2,Yeondoo Comics,165.00,2,4,B-03,ว่าง (อยู่บนชั้น)
B540204015,B540204015-C03,เรื่องผีรอบโลก เล่ม 15,เล่มที่ 3,Yeondoo Comics,165.00,2,4,B-03,ว่าง (อยู่บนชั้น)
B540204015,B540204015-C04,เรื่องผีรอบโลก เล่ม 15,เล่มที่ 4,Yeondoo Comics,165.00,2,4,B-03,ว่าง (อยู่บนชั้น)
B540204015,B540204015-C05,เรื่องผีรอบโลก เล่ม 15,เล่มที่ 5,Yeondoo Comics,165.00,2,4,B-03,ว่าง (อยู่บนชั้น)
B540204016,B540204016-C01,เรื่องผีรอบโลก เล่ม 16,เล่มที่ 1,Yeondoo Comics,165.00,2,4,B-03,ว่าง (อยู่บนชั้น)
B540204016,B540204016-C02,เรื่องผีรอบโลก เล่ม 16,เล่มที่ 2,Yeondoo Comics,165.00,2,4,B-03,ว่าง (อยู่บนชั้น)
B540204016,B540204016-C03,เรื่องผีรอบโลก เล่ม 16,เล่มที่ 3,Yeondoo Comics,165.00,2,4,B-03,ว่าง (อยู่บนชั้น)
B540204016,B540204016-C04,เรื่องผีรอบโลก เล่ม 16,เล่มที่ 4,Yeondoo Comics,165.00,2,4,B-03,ว่าง (อยู่บนชั้น)
B540204016,B540204016-C05,เรื่องผีรอบโลก เล่ม 16,เล่มที่ 5,Yeondoo Comics,165.00,2,4,B-03,ว่าง (อยู่บนชั้น)
B540204017,B540204017-C01,เรื่องผีรอบโลก เล่ม 17,เล่มที่ 1,Yeondoo Comics,165.00,2,4,B-03,ว่าง (อยู่บนชั้น)
B540204017,B540204017-C02,เรื่องผีรอบโลก เล่ม 17,เล่มที่ 2,Yeondoo Comics,165.00,2,4,B-03,ว่าง (อยู่บนชั้น)
B540204017,B540204017-C03,เรื่องผีรอบโลก เล่ม 17,เล่มที่ 3,Yeondoo Comics,165.00,2,4,B-03,ว่าง (อยู่บนชั้น)
B540204017,B540204017-C04,เรื่องผีรอบโลก เล่ม 17,เล่มที่ 4,Yeondoo Comics,165.00,2,4,B-03,ว่าง (อยู่บนชั้น)
B540204017,B540204017-C05,เรื่องผีรอบโลก เล่ม 17,เล่มที่ 5,Yeondoo Comics,165.00,2,4,B-03,ว่าง (อยู่บนชั้น)
B540204018,B540204018-C01,เรื่องผีรอบโลก เล่ม 18,เล่มที่ 1,Yeondoo Comics,165.00,2,4,B-03,ว่าง (อยู่บนชั้น)
B540204018,B540204018-C02,เรื่องผีรอบโลก เล่ม 18,เล่มที่ 2,Yeondoo Comics,165.00,2,4,B-03,ว่าง (อยู่บนชั้น)
B540204018,B540204018-C03,เรื่องผีรอบโลก เล่ม 18,เล่มที่ 3,Yeondoo Comics,165.00,2,4,B-03,ว่าง (อยู่บนชั้น)
B540204018,B540204018-C04,เรื่องผีรอบโลก เล่ม 18,เล่มที่ 4,Yeondoo Comics,165.00,2,4,B-03,ว่าง (อยู่บนชั้น)
B540204018,B540204018-C05,เรื่องผีรอบโลก เล่ม 18,เล่มที่ 5,Yeondoo Comics,165.00,2,4,B-03,ว่าง (อยู่บนชั้น)
B540204019,B540204019-C01,เรื่องผีรอบโลก เล่ม 19,เล่มที่ 1,Yeondoo Comics,165.00,2,4,B-03,ว่าง (อยู่บนชั้น)
B540204019,B540204019-C02,เรื่องผีรอบโลก เล่ม 19,เล่มที่ 2,Yeondoo Comics,165.00,2,4,B-03,ว่าง (อยู่บนชั้น)
B540204019,B540204019-C03,เรื่องผีรอบโลก เล่ม 19,เล่มที่ 3,Yeondoo Comics,165.00,2,4,B-03,ว่าง (อยู่บนชั้น)
B540204019,B540204019-C04,เรื่องผีรอบโลก เล่ม 19,เล่มที่ 4,Yeondoo Comics,165.00,2,4,B-03,ว่าง (อยู่บนชั้น)
B540204019,B540204019-C05,เรื่องผีรอบโลก เล่ม 19,เล่มที่ 5,Yeondoo Comics,165.00,2,4,B-03,ว่าง (อยู่บนชั้น)
B540204020,B540204020-C01,เรื่องผีรอบโลก เล่ม 20,เล่มที่ 1,Yeondoo Comics,165.00,2,4,B-03,ว่าง (อยู่บนชั้น)
B540204020,B540204020-C02,เรื่องผีรอบโลก เล่ม 20,เล่มที่ 2,Yeondoo Comics,165.00,2,4,B-03,ว่าง (อยู่บนชั้น)
B540204020,B540204020-C03,เรื่องผีรอบโลก เล่ม 20,เล่มที่ 3,Yeondoo Comics,165.00,2,4,B-03,ว่าง (อยู่บนชั้น)
B540204020,B540204020-C04,เรื่องผีรอบโลก เล่ม 20,เล่มที่ 4,Yeondoo Comics,165.00,2,4,B-03,ว่าง (อยู่บนชั้น)
B540204020,B540204020-C05,เรื่องผีรอบโลก เล่ม 20,เล่มที่ 5,Yeondoo Comics,165.00,2,4,B-03,ว่าง (อยู่บนชั้น)
B540204021,B540204021-C01,เรื่องผีรอบโลก เล่ม 21,เล่มที่ 1,Yeondoo Comics,165.00,2,4,B-03,ว่าง (อยู่บนชั้น)
B540204021,B540204021-C02,เรื่องผีรอบโลก เล่ม 21,เล่มที่ 2,Yeondoo Comics,165.00,2,4,B-03,ว่าง (อยู่บนชั้น)
B540204021,B540204021-C03,เรื่องผีรอบโลก เล่ม 21,เล่มที่ 3,Yeondoo Comics,165.00,2,4,B-03,ว่าง (อยู่บนชั้น)
B540204021,B540204021-C04,เรื่องผีรอบโลก เล่ม 21,เล่มที่ 4,Yeondoo Comics,165.00,2,4,B-03,ว่าง (อยู่บนชั้น)
B540204021,B540204021-C05,เรื่องผีรอบโลก เล่ม 21,เล่มที่ 5,Yeondoo Comics,165.00,2,4,B-03,ว่าง (อยู่บนชั้น)
B540204022,B540204022-C01,เรื่องผีรอบโลก เล่ม 22,เล่มที่ 1,Yeondoo Comics,165.00,2,4,B-03,ว่าง (อยู่บนชั้น)
B540204022,B540204022-C02,เรื่องผีรอบโลก เล่ม 22,เล่มที่ 2,Yeondoo Comics,165.00,2,4,B-03,ว่าง (อยู่บนชั้น)
B540204022,B540204022-C03,เรื่องผีรอบโลก เล่ม 22,เล่มที่ 3,Yeondoo Comics,165.00,2,4,B-03,ว่าง (อยู่บนชั้น)
B540204022,B540204022-C04,เรื่องผีรอบโลก เล่ม 22,เล่มที่ 4,Yeondoo Comics,165.00,2,4,B-03,ว่าง (อยู่บนชั้น)
B540204022,B540204022-C05,เรื่องผีรอบโลก เล่ม 22,เล่มที่ 5,Yeondoo Comics,165.00,2,4,B-03,ว่าง (อยู่บนชั้น)
B540204023,B540204023-C01,เรื่องผีรอบโลก เล่ม 23,เล่มที่ 1,Yeondoo Comics,165.00,2,4,B-03,ว่าง (อยู่บนชั้น)
B540204023,B540204023-C02,เรื่องผีรอบโลก เล่ม 23,เล่มที่ 2,Yeondoo Comics,165.00,2,4,B-03,ว่าง (อยู่บนชั้น)
B540204023,B540204023-C03,เรื่องผีรอบโลก เล่ม 23,เล่มที่ 3,Yeondoo Comics,165.00,2,4,B-03,ว่าง (อยู่บนชั้น)
B540204023,B540204023-C04,เรื่องผีรอบโลก เล่ม 23,เล่มที่ 4,Yeondoo Comics,165.00,2,4,B-03,ว่าง (อยู่บนชั้น)
B540204023,B540204023-C05,เรื่องผีรอบโลก เล่ม 23,เล่มที่ 5,Yeondoo Comics,165.00,2,4,B-03,ว่าง (อยู่บนชั้น)
B540204024,B540204024-C01,เรื่องผีรอบโลก เล่ม 24,เล่มที่ 1,Yeondoo Comics,165.00,2,4,B-03,ว่าง (อยู่บนชั้น)
B540204024,B540204024-C02,เรื่องผีรอบโลก เล่ม 24,เล่มที่ 2,Yeondoo Comics,165.00,2,4,B-03,ว่าง (อยู่บนชั้น)
B540204024,B540204024-C03,เรื่องผีรอบโลก เล่ม 24,เล่มที่ 3,Yeondoo Comics,165.00,2,4,B-03,ว่าง (อยู่บนชั้น)
B540204024,B540204024-C04,เรื่องผีรอบโลก เล่ม 24,เล่มที่ 4,Yeondoo Comics,165.00,2,4,B-03,ว่าง (อยู่บนชั้น)
B540204024,B540204024-C05,เรื่องผีรอบโลก เล่ม 24,เล่มที่ 5,Yeondoo Comics,165.00,2,4,B-03,ว่าง (อยู่บนชั้น)
B540204025,B540204025-C01,เรื่องผีรอบโลก เล่ม 25,เล่มที่ 1,Yeondoo Comics,165.00,2,4,B-03,ว่าง (อยู่บนชั้น)
B540204025,B540204025-C02,เรื่องผีรอบโลก เล่ม 25,เล่มที่ 2,Yeondoo Comics,165.00,2,4,B-03,ว่าง (อยู่บนชั้น)
B540204025,B540204025-C03,เรื่องผีรอบโลก เล่ม 25,เล่มที่ 3,Yeondoo Comics,165.00,2,4,B-03,ว่าง (อยู่บนชั้น)
B540204025,B540204025-C04,เรื่องผีรอบโลก เล่ม 25,เล่มที่ 4,Yeondoo Comics,165.00,2,4,B-03,ว่าง (อยู่บนชั้น)
B540204025,B540204025-C05,เรื่องผีรอบโลก เล่ม 25,เล่มที่ 5,Yeondoo Comics,165.00,2,4,B-03,ว่าง (อยู่บนชั้น)
B540204026,B540204026-C01,เรื่องผีรอบโลก เล่ม 26,เล่มที่ 1,Yeondoo Comics,165.00,2,4,B-03,ว่าง (อยู่บนชั้น)
B540204026,B540204026-C02,เรื่องผีรอบโลก เล่ม 26,เล่มที่ 2,Yeondoo Comics,165.00,2,4,B-03,ว่าง (อยู่บนชั้น)
B540204026,B540204026-C03,เรื่องผีรอบโลก เล่ม 26,เล่มที่ 3,Yeondoo Comics,165.00,2,4,B-03,ว่าง (อยู่บนชั้น)
B540204026,B540204026-C04,เรื่องผีรอบโลก เล่ม 26,เล่มที่ 4,Yeondoo Comics,165.00,2,4,B-03,ว่าง (อยู่บนชั้น)
B540204026,B540204026-C05,เรื่องผีรอบโลก เล่ม 26,เล่มที่ 5,Yeondoo Comics,165.00,2,4,B-03,ว่าง (อยู่บนชั้น)
B540204027,B540204027-C01,เรื่องผีรอบโลก เล่ม 27,เล่มที่ 1,Yeondoo Comics,165.00,2,4,B-03,ว่าง (อยู่บนชั้น)
B540204027,B540204027-C02,เรื่องผีรอบโลก เล่ม 27,เล่มที่ 2,Yeondoo Comics,165.00,2,4,B-03,ว่าง (อยู่บนชั้น)
B540204027,B540204027-C03,เรื่องผีรอบโลก เล่ม 27,เล่มที่ 3,Yeondoo Comics,165.00,2,4,B-03,ว่าง (อยู่บนชั้น)
B540204027,B540204027-C04,เรื่องผีรอบโลก เล่ม 27,เล่มที่ 4,Yeondoo Comics,165.00,2,4,B-03,ว่าง (อยู่บนชั้น)
B540204027,B540204027-C05,เรื่องผีรอบโลก เล่ม 27,เล่มที่ 5,Yeondoo Comics,165.00,2,4,B-03,ว่าง (อยู่บนชั้น)
B540204028,B540204028-C01,เรื่องผีรอบโลก เล่ม 28,เล่มที่ 1,Yeondoo Comics,165.00,2,4,B-03,ว่าง (อยู่บนชั้น)
B540204028,B540204028-C02,เรื่องผีรอบโลก เล่ม 28,เล่มที่ 2,Yeondoo Comics,165.00,2,4,B-03,ว่าง (อยู่บนชั้น)
B540204028,B540204028-C03,เรื่องผีรอบโลก เล่ม 28,เล่มที่ 3,Yeondoo Comics,165.00,2,4,B-03,ว่าง (อยู่บนชั้น)
B540204028,B540204028-C04,เรื่องผีรอบโลก เล่ม 28,เล่มที่ 4,Yeondoo Comics,165.00,2,4,B-03,ว่าง (อยู่บนชั้น)
B540204028,B540204028-C05,เรื่องผีรอบโลก เล่ม 28,เล่มที่ 5,Yeondoo Comics,165.00,2,4,B-03,ว่าง (อยู่บนชั้น)
B540204029,B540204029-C01,เรื่องผีรอบโลก เล่ม 29,เล่มที่ 1,Yeondoo Comics,165.00,2,4,B-03,ว่าง (อยู่บนชั้น)
B540204029,B540204029-C02,เรื่องผีรอบโลก เล่ม 29,เล่มที่ 2,Yeondoo Comics,165.00,2,4,B-03,ว่าง (อยู่บนชั้น)
B540204029,B540204029-C03,เรื่องผีรอบโลก เล่ม 29,เล่มที่ 3,Yeondoo Comics,165.00,2,4,B-03,ว่าง (อยู่บนชั้น)
B540204029,B540204029-C04,เรื่องผีรอบโลก เล่ม 29,เล่มที่ 4,Yeondoo Comics,165.00,2,4,B-03,ว่าง (อยู่บนชั้น)
B540204029,B540204029-C05,เรื่องผีรอบโลก เล่ม 29,เล่มที่ 5,Yeondoo Comics,165.00,2,4,B-03,ว่าง (อยู่บนชั้น)
B540204030,B540204030-C01,เรื่องผีรอบโลก เล่ม 30,เล่มที่ 1,Yeondoo Comics,165.00,2,4,B-03,ว่าง (อยู่บนชั้น)
B540204030,B540204030-C02,เรื่องผีรอบโลก เล่ม 30,เล่มที่ 2,Yeondoo Comics,165.00,2,4,B-03,ว่าง (อยู่บนชั้น)
B540204030,B540204030-C03,เรื่องผีรอบโลก เล่ม 30,เล่มที่ 3,Yeondoo Comics,165.00,2,4,B-03,ว่าง (อยู่บนชั้น)
B540204030,B540204030-C04,เรื่องผีรอบโลก เล่ม 30,เล่มที่ 4,Yeondoo Comics,165.00,2,4,B-03,ว่าง (อยู่บนชั้น)
B540204030,B540204030-C05,เรื่องผีรอบโลก เล่ม 30,เล่มที่ 5,Yeondoo Comics,165.00,2,4,B-03,ว่าง (อยู่บนชั้น)
B550205001,B550205001-C01,ล่าขุมทรัพย์สุดขอบฟ้า เล่ม 1,เล่มที่ 1,Gomdori co.,165.00,2,5,B-04,ว่าง (อยู่บนชั้น)
B550205001,B550205001-C02,ล่าขุมทรัพย์สุดขอบฟ้า เล่ม 1,เล่มที่ 2,Gomdori co.,165.00,2,5,B-04,ว่าง (อยู่บนชั้น)
B550205001,B550205001-C03,ล่าขุมทรัพย์สุดขอบฟ้า เล่ม 1,เล่มที่ 3,Gomdori co.,165.00,2,5,B-04,ว่าง (อยู่บนชั้น)
B550205001,B550205001-C04,ล่าขุมทรัพย์สุดขอบฟ้า เล่ม 1,เล่มที่ 4,Gomdori co.,165.00,2,5,B-04,ว่าง (อยู่บนชั้น)
B550205001,B550205001-C05,ล่าขุมทรัพย์สุดขอบฟ้า เล่ม 1,เล่มที่ 5,Gomdori co.,165.00,2,5,B-04,ว่าง (อยู่บนชั้น)
B550205002,B550205002-C01,ล่าขุมทรัพย์สุดขอบฟ้า เล่ม 2,เล่มที่ 1,Gomdori co.,165.00,2,5,B-04,ว่าง (อยู่บนชั้น)
B550205002,B550205002-C02,ล่าขุมทรัพย์สุดขอบฟ้า เล่ม 2,เล่มที่ 2,Gomdori co.,165.00,2,5,B-04,ว่าง (อยู่บนชั้น)
B550205002,B550205002-C03,ล่าขุมทรัพย์สุดขอบฟ้า เล่ม 2,เล่มที่ 3,Gomdori co.,165.00,2,5,B-04,ว่าง (อยู่บนชั้น)
B550205002,B550205002-C04,ล่าขุมทรัพย์สุดขอบฟ้า เล่ม 2,เล่มที่ 4,Gomdori co.,165.00,2,5,B-04,ว่าง (อยู่บนชั้น)
B550205002,B550205002-C05,ล่าขุมทรัพย์สุดขอบฟ้า เล่ม 2,เล่มที่ 5,Gomdori co.,165.00,2,5,B-04,ว่าง (อยู่บนชั้น)
B550205003,B550205003-C01,ล่าขุมทรัพย์สุดขอบฟ้า เล่ม 3,เล่มที่ 1,Gomdori co.,165.00,2,5,B-04,ว่าง (อยู่บนชั้น)
B550205003,B550205003-C02,ล่าขุมทรัพย์สุดขอบฟ้า เล่ม 3,เล่มที่ 2,Gomdori co.,165.00,2,5,B-04,ว่าง (อยู่บนชั้น)
B550205003,B550205003-C03,ล่าขุมทรัพย์สุดขอบฟ้า เล่ม 3,เล่มที่ 3,Gomdori co.,165.00,2,5,B-04,ว่าง (อยู่บนชั้น)
B550205003,B550205003-C04,ล่าขุมทรัพย์สุดขอบฟ้า เล่ม 3,เล่มที่ 4,Gomdori co.,165.00,2,5,B-04,ว่าง (อยู่บนชั้น)
B550205003,B550205003-C05,ล่าขุมทรัพย์สุดขอบฟ้า เล่ม 3,เล่มที่ 5,Gomdori co.,165.00,2,5,B-04,ว่าง (อยู่บนชั้น)
B550205004,B550205004-C01,ล่าขุมทรัพย์สุดขอบฟ้า เล่ม 4,เล่มที่ 1,Gomdori co.,165.00,2,5,B-04,ว่าง (อยู่บนชั้น)
B550205004,B550205004-C02,ล่าขุมทรัพย์สุดขอบฟ้า เล่ม 4,เล่มที่ 2,Gomdori co.,165.00,2,5,B-04,ว่าง (อยู่บนชั้น)
B550205004,B550205004-C03,ล่าขุมทรัพย์สุดขอบฟ้า เล่ม 4,เล่มที่ 3,Gomdori co.,165.00,2,5,B-04,ว่าง (อยู่บนชั้น)
B550205004,B550205004-C04,ล่าขุมทรัพย์สุดขอบฟ้า เล่ม 4,เล่มที่ 4,Gomdori co.,165.00,2,5,B-04,ว่าง (อยู่บนชั้น)
B550205004,B550205004-C05,ล่าขุมทรัพย์สุดขอบฟ้า เล่ม 4,เล่มที่ 5,Gomdori co.,165.00,2,5,B-04,ว่าง (อยู่บนชั้น)
B550205005,B550205005-C01,ล่าขุมทรัพย์สุดขอบฟ้า เล่ม 5,เล่มที่ 1,Gomdori co.,165.00,2,5,B-04,ว่าง (อยู่บนชั้น)
B550205005,B550205005-C02,ล่าขุมทรัพย์สุดขอบฟ้า เล่ม 5,เล่มที่ 2,Gomdori co.,165.00,2,5,B-04,ว่าง (อยู่บนชั้น)
B550205005,B550205005-C03,ล่าขุมทรัพย์สุดขอบฟ้า เล่ม 5,เล่มที่ 3,Gomdori co.,165.00,2,5,B-04,ว่าง (อยู่บนชั้น)
B550205005,B550205005-C04,ล่าขุมทรัพย์สุดขอบฟ้า เล่ม 5,เล่มที่ 4,Gomdori co.,165.00,2,5,B-04,ว่าง (อยู่บนชั้น)
B550205005,B550205005-C05,ล่าขุมทรัพย์สุดขอบฟ้า เล่ม 5,เล่มที่ 5,Gomdori co.,165.00,2,5,B-04,ว่าง (อยู่บนชั้น)
B550205006,B550205006-C01,ล่าขุมทรัพย์สุดขอบฟ้า เล่ม 6,เล่มที่ 1,Gomdori co.,165.00,2,5,B-04,ว่าง (อยู่บนชั้น)
B550205006,B550205006-C02,ล่าขุมทรัพย์สุดขอบฟ้า เล่ม 6,เล่มที่ 2,Gomdori co.,165.00,2,5,B-04,ว่าง (อยู่บนชั้น)
B550205006,B550205006-C03,ล่าขุมทรัพย์สุดขอบฟ้า เล่ม 6,เล่มที่ 3,Gomdori co.,165.00,2,5,B-04,ว่าง (อยู่บนชั้น)
B550205006,B550205006-C04,ล่าขุมทรัพย์สุดขอบฟ้า เล่ม 6,เล่มที่ 4,Gomdori co.,165.00,2,5,B-04,ว่าง (อยู่บนชั้น)
B550205006,B550205006-C05,ล่าขุมทรัพย์สุดขอบฟ้า เล่ม 6,เล่มที่ 5,Gomdori co.,165.00,2,5,B-04,ว่าง (อยู่บนชั้น)
B550205007,B550205007-C01,ล่าขุมทรัพย์สุดขอบฟ้า เล่ม 7,เล่มที่ 1,Gomdori co.,165.00,2,5,B-04,ว่าง (อยู่บนชั้น)
B550205007,B550205007-C02,ล่าขุมทรัพย์สุดขอบฟ้า เล่ม 7,เล่มที่ 2,Gomdori co.,165.00,2,5,B-04,ว่าง (อยู่บนชั้น)
B550205007,B550205007-C03,ล่าขุมทรัพย์สุดขอบฟ้า เล่ม 7,เล่มที่ 3,Gomdori co.,165.00,2,5,B-04,ว่าง (อยู่บนชั้น)
B550205007,B550205007-C04,ล่าขุมทรัพย์สุดขอบฟ้า เล่ม 7,เล่มที่ 4,Gomdori co.,165.00,2,5,B-04,ว่าง (อยู่บนชั้น)
B550205007,B550205007-C05,ล่าขุมทรัพย์สุดขอบฟ้า เล่ม 7,เล่มที่ 5,Gomdori co.,165.00,2,5,B-04,ว่าง (อยู่บนชั้น)
B550205008,B550205008-C01,ล่าขุมทรัพย์สุดขอบฟ้า เล่ม 8,เล่มที่ 1,Gomdori co.,165.00,2,5,B-04,ว่าง (อยู่บนชั้น)
B550205008,B550205008-C02,ล่าขุมทรัพย์สุดขอบฟ้า เล่ม 8,เล่มที่ 2,Gomdori co.,165.00,2,5,B-04,ว่าง (อยู่บนชั้น)
B550205008,B550205008-C03,ล่าขุมทรัพย์สุดขอบฟ้า เล่ม 8,เล่มที่ 3,Gomdori co.,165.00,2,5,B-04,ว่าง (อยู่บนชั้น)
B550205008,B550205008-C04,ล่าขุมทรัพย์สุดขอบฟ้า เล่ม 8,เล่มที่ 4,Gomdori co.,165.00,2,5,B-04,ว่าง (อยู่บนชั้น)
B550205008,B550205008-C05,ล่าขุมทรัพย์สุดขอบฟ้า เล่ม 8,เล่มที่ 5,Gomdori co.,165.00,2,5,B-04,ว่าง (อยู่บนชั้น)
B550205009,B550205009-C01,ล่าขุมทรัพย์สุดขอบฟ้า เล่ม 9,เล่มที่ 1,Gomdori co.,165.00,2,5,B-04,ว่าง (อยู่บนชั้น)
B550205009,B550205009-C02,ล่าขุมทรัพย์สุดขอบฟ้า เล่ม 9,เล่มที่ 2,Gomdori co.,165.00,2,5,B-04,ว่าง (อยู่บนชั้น)
B550205009,B550205009-C03,ล่าขุมทรัพย์สุดขอบฟ้า เล่ม 9,เล่มที่ 3,Gomdori co.,165.00,2,5,B-04,ว่าง (อยู่บนชั้น)
B550205009,B550205009-C04,ล่าขุมทรัพย์สุดขอบฟ้า เล่ม 9,เล่มที่ 4,Gomdori co.,165.00,2,5,B-04,ว่าง (อยู่บนชั้น)
B550205009,B550205009-C05,ล่าขุมทรัพย์สุดขอบฟ้า เล่ม 9,เล่มที่ 5,Gomdori co.,165.00,2,5,B-04,ว่าง (อยู่บนชั้น)
B550205010,B550205010-C01,ล่าขุมทรัพย์สุดขอบฟ้า เล่ม 10,เล่มที่ 1,Gomdori co.,165.00,2,5,B-04,ว่าง (อยู่บนชั้น)
B550205010,B550205010-C02,ล่าขุมทรัพย์สุดขอบฟ้า เล่ม 10,เล่มที่ 2,Gomdori co.,165.00,2,5,B-04,ว่าง (อยู่บนชั้น)
B550205010,B550205010-C03,ล่าขุมทรัพย์สุดขอบฟ้า เล่ม 10,เล่มที่ 3,Gomdori co.,165.00,2,5,B-04,ว่าง (อยู่บนชั้น)
B550205010,B550205010-C04,ล่าขุมทรัพย์สุดขอบฟ้า เล่ม 10,เล่มที่ 4,Gomdori co.,165.00,2,5,B-04,ว่าง (อยู่บนชั้น)
B550205010,B550205010-C05,ล่าขุมทรัพย์สุดขอบฟ้า เล่ม 10,เล่มที่ 5,Gomdori co.,165.00,2,5,B-04,ว่าง (อยู่บนชั้น)
B550205011,B550205011-C01,ล่าขุมทรัพย์สุดขอบฟ้า เล่ม 11,เล่มที่ 1,Gomdori co.,165.00,2,5,B-04,ว่าง (อยู่บนชั้น)
B550205011,B550205011-C02,ล่าขุมทรัพย์สุดขอบฟ้า เล่ม 11,เล่มที่ 2,Gomdori co.,165.00,2,5,B-04,ว่าง (อยู่บนชั้น)
B550205011,B550205011-C03,ล่าขุมทรัพย์สุดขอบฟ้า เล่ม 11,เล่มที่ 3,Gomdori co.,165.00,2,5,B-04,ว่าง (อยู่บนชั้น)
B550205011,B550205011-C04,ล่าขุมทรัพย์สุดขอบฟ้า เล่ม 11,เล่มที่ 4,Gomdori co.,165.00,2,5,B-04,ว่าง (อยู่บนชั้น)
B550205011,B550205011-C05,ล่าขุมทรัพย์สุดขอบฟ้า เล่ม 11,เล่มที่ 5,Gomdori co.,165.00,2,5,B-04,ว่าง (อยู่บนชั้น)
B550205012,B550205012-C01,ล่าขุมทรัพย์สุดขอบฟ้า เล่ม 12,เล่มที่ 1,Gomdori co.,165.00,2,5,B-04,ว่าง (อยู่บนชั้น)
B550205012,B550205012-C02,ล่าขุมทรัพย์สุดขอบฟ้า เล่ม 12,เล่มที่ 2,Gomdori co.,165.00,2,5,B-04,ว่าง (อยู่บนชั้น)
B550205012,B550205012-C03,ล่าขุมทรัพย์สุดขอบฟ้า เล่ม 12,เล่มที่ 3,Gomdori co.,165.00,2,5,B-04,ว่าง (อยู่บนชั้น)
B550205012,B550205012-C04,ล่าขุมทรัพย์สุดขอบฟ้า เล่ม 12,เล่มที่ 4,Gomdori co.,165.00,2,5,B-04,ว่าง (อยู่บนชั้น)
B550205012,B550205012-C05,ล่าขุมทรัพย์สุดขอบฟ้า เล่ม 12,เล่มที่ 5,Gomdori co.,165.00,2,5,B-04,ว่าง (อยู่บนชั้น)
B550205013,B550205013-C01,ล่าขุมทรัพย์สุดขอบฟ้า เล่ม 13,เล่มที่ 1,Gomdori co.,165.00,2,5,B-04,ว่าง (อยู่บนชั้น)
B550205013,B550205013-C02,ล่าขุมทรัพย์สุดขอบฟ้า เล่ม 13,เล่มที่ 2,Gomdori co.,165.00,2,5,B-04,ว่าง (อยู่บนชั้น)
B550205013,B550205013-C03,ล่าขุมทรัพย์สุดขอบฟ้า เล่ม 13,เล่มที่ 3,Gomdori co.,165.00,2,5,B-04,ว่าง (อยู่บนชั้น)
B550205013,B550205013-C04,ล่าขุมทรัพย์สุดขอบฟ้า เล่ม 13,เล่มที่ 4,Gomdori co.,165.00,2,5,B-04,ว่าง (อยู่บนชั้น)
B550205013,B550205013-C05,ล่าขุมทรัพย์สุดขอบฟ้า เล่ม 13,เล่มที่ 5,Gomdori co.,165.00,2,5,B-04,ว่าง (อยู่บนชั้น)
B550205014,B550205014-C01,ล่าขุมทรัพย์สุดขอบฟ้า เล่ม 14,เล่มที่ 1,Gomdori co.,165.00,2,5,B-04,ว่าง (อยู่บนชั้น)
B550205014,B550205014-C02,ล่าขุมทรัพย์สุดขอบฟ้า เล่ม 14,เล่มที่ 2,Gomdori co.,165.00,2,5,B-04,ว่าง (อยู่บนชั้น)
B550205014,B550205014-C03,ล่าขุมทรัพย์สุดขอบฟ้า เล่ม 14,เล่มที่ 3,Gomdori co.,165.00,2,5,B-04,ว่าง (อยู่บนชั้น)
B550205014,B550205014-C04,ล่าขุมทรัพย์สุดขอบฟ้า เล่ม 14,เล่มที่ 4,Gomdori co.,165.00,2,5,B-04,ว่าง (อยู่บนชั้น)
B550205014,B550205014-C05,ล่าขุมทรัพย์สุดขอบฟ้า เล่ม 14,เล่มที่ 5,Gomdori co.,165.00,2,5,B-04,ว่าง (อยู่บนชั้น)
B550205015,B550205015-C01,ล่าขุมทรัพย์สุดขอบฟ้า เล่ม 15,เล่มที่ 1,Gomdori co.,165.00,2,5,B-04,ว่าง (อยู่บนชั้น)
B550205015,B550205015-C02,ล่าขุมทรัพย์สุดขอบฟ้า เล่ม 15,เล่มที่ 2,Gomdori co.,165.00,2,5,B-04,ว่าง (อยู่บนชั้น)
B550205015,B550205015-C03,ล่าขุมทรัพย์สุดขอบฟ้า เล่ม 15,เล่มที่ 3,Gomdori co.,165.00,2,5,B-04,ว่าง (อยู่บนชั้น)
B550205015,B550205015-C04,ล่าขุมทรัพย์สุดขอบฟ้า เล่ม 15,เล่มที่ 4,Gomdori co.,165.00,2,5,B-04,ว่าง (อยู่บนชั้น)
B550205015,B550205015-C05,ล่าขุมทรัพย์สุดขอบฟ้า เล่ม 15,เล่มที่ 5,Gomdori co.,165.00,2,5,B-04,ว่าง (อยู่บนชั้น)
B550205016,B550205016-C01,ล่าขุมทรัพย์สุดขอบฟ้า เล่ม 16,เล่มที่ 1,Gomdori co.,165.00,2,5,B-04,ว่าง (อยู่บนชั้น)
B550205016,B550205016-C02,ล่าขุมทรัพย์สุดขอบฟ้า เล่ม 16,เล่มที่ 2,Gomdori co.,165.00,2,5,B-04,ว่าง (อยู่บนชั้น)
B550205016,B550205016-C03,ล่าขุมทรัพย์สุดขอบฟ้า เล่ม 16,เล่มที่ 3,Gomdori co.,165.00,2,5,B-04,ว่าง (อยู่บนชั้น)
B550205016,B550205016-C04,ล่าขุมทรัพย์สุดขอบฟ้า เล่ม 16,เล่มที่ 4,Gomdori co.,165.00,2,5,B-04,ว่าง (อยู่บนชั้น)
B550205016,B550205016-C05,ล่าขุมทรัพย์สุดขอบฟ้า เล่ม 16,เล่มที่ 5,Gomdori co.,165.00,2,5,B-04,ว่าง (อยู่บนชั้น)
B550205017,B550205017-C01,ล่าขุมทรัพย์สุดขอบฟ้า เล่ม 17,เล่มที่ 1,Gomdori co.,165.00,2,5,B-04,ว่าง (อยู่บนชั้น)
B550205017,B550205017-C02,ล่าขุมทรัพย์สุดขอบฟ้า เล่ม 17,เล่มที่ 2,Gomdori co.,165.00,2,5,B-04,ว่าง (อยู่บนชั้น)
B550205017,B550205017-C03,ล่าขุมทรัพย์สุดขอบฟ้า เล่ม 17,เล่มที่ 3,Gomdori co.,165.00,2,5,B-04,ว่าง (อยู่บนชั้น)
B550205017,B550205017-C04,ล่าขุมทรัพย์สุดขอบฟ้า เล่ม 17,เล่มที่ 4,Gomdori co.,165.00,2,5,B-04,ว่าง (อยู่บนชั้น)
B550205017,B550205017-C05,ล่าขุมทรัพย์สุดขอบฟ้า เล่ม 17,เล่มที่ 5,Gomdori co.,165.00,2,5,B-04,ว่าง (อยู่บนชั้น)
B550205018,B550205018-C01,ล่าขุมทรัพย์สุดขอบฟ้า เล่ม 18,เล่มที่ 1,Gomdori co.,165.00,2,5,B-04,ว่าง (อยู่บนชั้น)
B550205018,B550205018-C02,ล่าขุมทรัพย์สุดขอบฟ้า เล่ม 18,เล่มที่ 2,Gomdori co.,165.00,2,5,B-04,ว่าง (อยู่บนชั้น)
B550205018,B550205018-C03,ล่าขุมทรัพย์สุดขอบฟ้า เล่ม 18,เล่มที่ 3,Gomdori co.,165.00,2,5,B-04,ว่าง (อยู่บนชั้น)
B550205018,B550205018-C04,ล่าขุมทรัพย์สุดขอบฟ้า เล่ม 18,เล่มที่ 4,Gomdori co.,165.00,2,5,B-04,ว่าง (อยู่บนชั้น)
B550205018,B550205018-C05,ล่าขุมทรัพย์สุดขอบฟ้า เล่ม 18,เล่มที่ 5,Gomdori co.,165.00,2,5,B-04,ว่าง (อยู่บนชั้น)
B550205019,B550205019-C01,ล่าขุมทรัพย์สุดขอบฟ้า เล่ม 19,เล่มที่ 1,Gomdori co.,165.00,2,5,B-04,ว่าง (อยู่บนชั้น)
B550205019,B550205019-C02,ล่าขุมทรัพย์สุดขอบฟ้า เล่ม 19,เล่มที่ 2,Gomdori co.,165.00,2,5,B-04,ว่าง (อยู่บนชั้น)
B550205019,B550205019-C03,ล่าขุมทรัพย์สุดขอบฟ้า เล่ม 19,เล่มที่ 3,Gomdori co.,165.00,2,5,B-04,ว่าง (อยู่บนชั้น)
B550205019,B550205019-C04,ล่าขุมทรัพย์สุดขอบฟ้า เล่ม 19,เล่มที่ 4,Gomdori co.,165.00,2,5,B-04,ว่าง (อยู่บนชั้น)
B550205019,B550205019-C05,ล่าขุมทรัพย์สุดขอบฟ้า เล่ม 19,เล่มที่ 5,Gomdori co.,165.00,2,5,B-04,ว่าง (อยู่บนชั้น)
B550205020,B550205020-C01,ล่าขุมทรัพย์สุดขอบฟ้า เล่ม 20,เล่มที่ 1,Gomdori co.,165.00,2,5,B-04,ว่าง (อยู่บนชั้น)
B550205020,B550205020-C02,ล่าขุมทรัพย์สุดขอบฟ้า เล่ม 20,เล่มที่ 2,Gomdori co.,165.00,2,5,B-04,ว่าง (อยู่บนชั้น)
B550205020,B550205020-C03,ล่าขุมทรัพย์สุดขอบฟ้า เล่ม 20,เล่มที่ 3,Gomdori co.,165.00,2,5,B-04,ว่าง (อยู่บนชั้น)
B550205020,B550205020-C04,ล่าขุมทรัพย์สุดขอบฟ้า เล่ม 20,เล่มที่ 4,Gomdori co.,165.00,2,5,B-04,ว่าง (อยู่บนชั้น)
B550205020,B550205020-C05,ล่าขุมทรัพย์สุดขอบฟ้า เล่ม 20,เล่มที่ 5,Gomdori co.,165.00,2,5,B-04,ว่าง (อยู่บนชั้น)
B550205021,B550205021-C01,ล่าขุมทรัพย์สุดขอบฟ้า เล่ม 21,เล่มที่ 1,Gomdori co.,165.00,2,5,B-04,ว่าง (อยู่บนชั้น)
B550205021,B550205021-C02,ล่าขุมทรัพย์สุดขอบฟ้า เล่ม 21,เล่มที่ 2,Gomdori co.,165.00,2,5,B-04,ว่าง (อยู่บนชั้น)
B550205021,B550205021-C03,ล่าขุมทรัพย์สุดขอบฟ้า เล่ม 21,เล่มที่ 3,Gomdori co.,165.00,2,5,B-04,ว่าง (อยู่บนชั้น)
B550205021,B550205021-C04,ล่าขุมทรัพย์สุดขอบฟ้า เล่ม 21,เล่มที่ 4,Gomdori co.,165.00,2,5,B-04,ว่าง (อยู่บนชั้น)
B550205021,B550205021-C05,ล่าขุมทรัพย์สุดขอบฟ้า เล่ม 21,เล่มที่ 5,Gomdori co.,165.00,2,5,B-04,ว่าง (อยู่บนชั้น)
B550205022,B550205022-C01,ล่าขุมทรัพย์สุดขอบฟ้า เล่ม 22,เล่มที่ 1,Gomdori co.,165.00,2,5,B-04,ว่าง (อยู่บนชั้น)
B550205022,B550205022-C02,ล่าขุมทรัพย์สุดขอบฟ้า เล่ม 22,เล่มที่ 2,Gomdori co.,165.00,2,5,B-04,ว่าง (อยู่บนชั้น)
B550205022,B550205022-C03,ล่าขุมทรัพย์สุดขอบฟ้า เล่ม 22,เล่มที่ 3,Gomdori co.,165.00,2,5,B-04,ว่าง (อยู่บนชั้น)
B550205022,B550205022-C04,ล่าขุมทรัพย์สุดขอบฟ้า เล่ม 22,เล่มที่ 4,Gomdori co.,165.00,2,5,B-04,ว่าง (อยู่บนชั้น)
B550205022,B550205022-C05,ล่าขุมทรัพย์สุดขอบฟ้า เล่ม 22,เล่มที่ 5,Gomdori co.,165.00,2,5,B-04,ว่าง (อยู่บนชั้น)
B550205023,B550205023-C01,ล่าขุมทรัพย์สุดขอบฟ้า เล่ม 23,เล่มที่ 1,Gomdori co.,165.00,2,5,B-04,ว่าง (อยู่บนชั้น)
B550205023,B550205023-C02,ล่าขุมทรัพย์สุดขอบฟ้า เล่ม 23,เล่มที่ 2,Gomdori co.,165.00,2,5,B-04,ว่าง (อยู่บนชั้น)
B550205023,B550205023-C03,ล่าขุมทรัพย์สุดขอบฟ้า เล่ม 23,เล่มที่ 3,Gomdori co.,165.00,2,5,B-04,ว่าง (อยู่บนชั้น)
B550205023,B550205023-C04,ล่าขุมทรัพย์สุดขอบฟ้า เล่ม 23,เล่มที่ 4,Gomdori co.,165.00,2,5,B-04,ว่าง (อยู่บนชั้น)
B550205023,B550205023-C05,ล่าขุมทรัพย์สุดขอบฟ้า เล่ม 23,เล่มที่ 5,Gomdori co.,165.00,2,5,B-04,ว่าง (อยู่บนชั้น)
B550205024,B550205024-C01,ล่าขุมทรัพย์สุดขอบฟ้า เล่ม 24,เล่มที่ 1,Gomdori co.,165.00,2,5,B-04,ว่าง (อยู่บนชั้น)
B550205024,B550205024-C02,ล่าขุมทรัพย์สุดขอบฟ้า เล่ม 24,เล่มที่ 2,Gomdori co.,165.00,2,5,B-04,ว่าง (อยู่บนชั้น)
B550205024,B550205024-C03,ล่าขุมทรัพย์สุดขอบฟ้า เล่ม 24,เล่มที่ 3,Gomdori co.,165.00,2,5,B-04,ว่าง (อยู่บนชั้น)
B550205024,B550205024-C04,ล่าขุมทรัพย์สุดขอบฟ้า เล่ม 24,เล่มที่ 4,Gomdori co.,165.00,2,5,B-04,ว่าง (อยู่บนชั้น)
B550205024,B550205024-C05,ล่าขุมทรัพย์สุดขอบฟ้า เล่ม 24,เล่มที่ 5,Gomdori co.,165.00,2,5,B-04,ว่าง (อยู่บนชั้น)
B550205025,B550205025-C01,ล่าขุมทรัพย์สุดขอบฟ้า เล่ม 25,เล่มที่ 1,Gomdori co.,165.00,2,5,B-04,ว่าง (อยู่บนชั้น)
B550205025,B550205025-C02,ล่าขุมทรัพย์สุดขอบฟ้า เล่ม 25,เล่มที่ 2,Gomdori co.,165.00,2,5,B-04,ว่าง (อยู่บนชั้น)
B550205025,B550205025-C03,ล่าขุมทรัพย์สุดขอบฟ้า เล่ม 25,เล่มที่ 3,Gomdori co.,165.00,2,5,B-04,ว่าง (อยู่บนชั้น)
B550205025,B550205025-C04,ล่าขุมทรัพย์สุดขอบฟ้า เล่ม 25,เล่มที่ 4,Gomdori co.,165.00,2,5,B-04,ว่าง (อยู่บนชั้น)
B550205025,B550205025-C05,ล่าขุมทรัพย์สุดขอบฟ้า เล่ม 25,เล่มที่ 5,Gomdori co.,165.00,2,5,B-04,ว่าง (อยู่บนชั้น)
B550205026,B550205026-C01,ล่าขุมทรัพย์สุดขอบฟ้า เล่ม 26,เล่มที่ 1,Gomdori co.,165.00,2,5,B-04,ว่าง (อยู่บนชั้น)
B550205026,B550205026-C02,ล่าขุมทรัพย์สุดขอบฟ้า เล่ม 26,เล่มที่ 2,Gomdori co.,165.00,2,5,B-04,ว่าง (อยู่บนชั้น)
B550205026,B550205026-C03,ล่าขุมทรัพย์สุดขอบฟ้า เล่ม 26,เล่มที่ 3,Gomdori co.,165.00,2,5,B-04,ว่าง (อยู่บนชั้น)
B550205026,B550205026-C04,ล่าขุมทรัพย์สุดขอบฟ้า เล่ม 26,เล่มที่ 4,Gomdori co.,165.00,2,5,B-04,ว่าง (อยู่บนชั้น)
B550205026,B550205026-C05,ล่าขุมทรัพย์สุดขอบฟ้า เล่ม 26,เล่มที่ 5,Gomdori co.,165.00,2,5,B-04,ว่าง (อยู่บนชั้น)
B550205027,B550205027-C01,ล่าขุมทรัพย์สุดขอบฟ้า เล่ม 27,เล่มที่ 1,Gomdori co.,165.00,2,5,B-04,ว่าง (อยู่บนชั้น)
B550205027,B550205027-C02,ล่าขุมทรัพย์สุดขอบฟ้า เล่ม 27,เล่มที่ 2,Gomdori co.,165.00,2,5,B-04,ว่าง (อยู่บนชั้น)
B550205027,B550205027-C03,ล่าขุมทรัพย์สุดขอบฟ้า เล่ม 27,เล่มที่ 3,Gomdori co.,165.00,2,5,B-04,ว่าง (อยู่บนชั้น)
B550205027,B550205027-C04,ล่าขุมทรัพย์สุดขอบฟ้า เล่ม 27,เล่มที่ 4,Gomdori co.,165.00,2,5,B-04,ว่าง (อยู่บนชั้น)
B550205027,B550205027-C05,ล่าขุมทรัพย์สุดขอบฟ้า เล่ม 27,เล่มที่ 5,Gomdori co.,165.00,2,5,B-04,ว่าง (อยู่บนชั้น)
B550205028,B550205028-C01,ล่าขุมทรัพย์สุดขอบฟ้า เล่ม 28,เล่มที่ 1,Gomdori co.,165.00,2,5,B-04,ว่าง (อยู่บนชั้น)
B550205028,B550205028-C02,ล่าขุมทรัพย์สุดขอบฟ้า เล่ม 28,เล่มที่ 2,Gomdori co.,165.00,2,5,B-04,ว่าง (อยู่บนชั้น)
B550205028,B550205028-C03,ล่าขุมทรัพย์สุดขอบฟ้า เล่ม 28,เล่มที่ 3,Gomdori co.,165.00,2,5,B-04,ว่าง (อยู่บนชั้น)
B550205028,B550205028-C04,ล่าขุมทรัพย์สุดขอบฟ้า เล่ม 28,เล่มที่ 4,Gomdori co.,165.00,2,5,B-04,ว่าง (อยู่บนชั้น)
B550205028,B550205028-C05,ล่าขุมทรัพย์สุดขอบฟ้า เล่ม 28,เล่มที่ 5,Gomdori co.,165.00,2,5,B-04,ว่าง (อยู่บนชั้น)
B550205029,B550205029-C01,ล่าขุมทรัพย์สุดขอบฟ้า เล่ม 29,เล่มที่ 1,Gomdori co.,165.00,2,5,B-04,ว่าง (อยู่บนชั้น)
B550205029,B550205029-C02,ล่าขุมทรัพย์สุดขอบฟ้า เล่ม 29,เล่มที่ 2,Gomdori co.,165.00,2,5,B-04,ว่าง (อยู่บนชั้น)
B550205029,B550205029-C03,ล่าขุมทรัพย์สุดขอบฟ้า เล่ม 29,เล่มที่ 3,Gomdori co.,165.00,2,5,B-04,ว่าง (อยู่บนชั้น)
B550205029,B550205029-C04,ล่าขุมทรัพย์สุดขอบฟ้า เล่ม 29,เล่มที่ 4,Gomdori co.,165.00,2,5,B-04,ว่าง (อยู่บนชั้น)
B550205029,B550205029-C05,ล่าขุมทรัพย์สุดขอบฟ้า เล่ม 29,เล่มที่ 5,Gomdori co.,165.00,2,5,B-04,ว่าง (อยู่บนชั้น)
B550205030,B550205030-C01,ล่าขุมทรัพย์สุดขอบฟ้า เล่ม 30,เล่มที่ 1,Gomdori co.,165.00,2,5,B-04,ว่าง (อยู่บนชั้น)
B550205030,B550205030-C02,ล่าขุมทรัพย์สุดขอบฟ้า เล่ม 30,เล่มที่ 2,Gomdori co.,165.00,2,5,B-04,ว่าง (อยู่บนชั้น)
B550205030,B550205030-C03,ล่าขุมทรัพย์สุดขอบฟ้า เล่ม 30,เล่มที่ 3,Gomdori co.,165.00,2,5,B-04,ว่าง (อยู่บนชั้น)
B550205030,B550205030-C04,ล่าขุมทรัพย์สุดขอบฟ้า เล่ม 30,เล่มที่ 4,Gomdori co.,165.00,2,5,B-04,ว่าง (อยู่บนชั้น)
B550205030,B550205030-C05,ล่าขุมทรัพย์สุดขอบฟ้า เล่ม 30,เล่มที่ 5,Gomdori co.,165.00,2,5,B-04,ว่าง (อยู่บนชั้น)
B550205031,B550205031-C01,ล่าขุมทรัพย์สุดขอบฟ้า เล่ม 31,เล่มที่ 1,Gomdori co.,165.00,2,5,B-04,ว่าง (อยู่บนชั้น)
B550205031,B550205031-C02,ล่าขุมทรัพย์สุดขอบฟ้า เล่ม 31,เล่มที่ 2,Gomdori co.,165.00,2,5,B-04,ว่าง (อยู่บนชั้น)
B550205031,B550205031-C03,ล่าขุมทรัพย์สุดขอบฟ้า เล่ม 31,เล่มที่ 3,Gomdori co.,165.00,2,5,B-04,ว่าง (อยู่บนชั้น)
B550205031,B550205031-C04,ล่าขุมทรัพย์สุดขอบฟ้า เล่ม 31,เล่มที่ 4,Gomdori co.,165.00,2,5,B-04,ว่าง (อยู่บนชั้น)
B550205031,B550205031-C05,ล่าขุมทรัพย์สุดขอบฟ้า เล่ม 31,เล่มที่ 5,Gomdori co.,165.00,2,5,B-04,ว่าง (อยู่บนชั้น)
B550205032,B550205032-C01,ล่าขุมทรัพย์สุดขอบฟ้า เล่ม 32,เล่มที่ 1,Gomdori co.,165.00,2,5,B-04,ว่าง (อยู่บนชั้น)
B550205032,B550205032-C02,ล่าขุมทรัพย์สุดขอบฟ้า เล่ม 32,เล่มที่ 2,Gomdori co.,165.00,2,5,B-04,ว่าง (อยู่บนชั้น)
B550205032,B550205032-C03,ล่าขุมทรัพย์สุดขอบฟ้า เล่ม 32,เล่มที่ 3,Gomdori co.,165.00,2,5,B-04,ว่าง (อยู่บนชั้น)
B550205032,B550205032-C04,ล่าขุมทรัพย์สุดขอบฟ้า เล่ม 32,เล่มที่ 4,Gomdori co.,165.00,2,5,B-04,ว่าง (อยู่บนชั้น)
B550205032,B550205032-C05,ล่าขุมทรัพย์สุดขอบฟ้า เล่ม 32,เล่มที่ 5,Gomdori co.,165.00,2,5,B-04,ว่าง (อยู่บนชั้น)
B550205033,B550205033-C01,ล่าขุมทรัพย์สุดขอบฟ้า เล่ม 33,เล่มที่ 1,Gomdori co.,165.00,2,5,B-04,ว่าง (อยู่บนชั้น)
B550205033,B550205033-C02,ล่าขุมทรัพย์สุดขอบฟ้า เล่ม 33,เล่มที่ 2,Gomdori co.,165.00,2,5,B-04,ว่าง (อยู่บนชั้น)
B550205033,B550205033-C03,ล่าขุมทรัพย์สุดขอบฟ้า เล่ม 33,เล่มที่ 3,Gomdori co.,165.00,2,5,B-04,ว่าง (อยู่บนชั้น)
B550205033,B550205033-C04,ล่าขุมทรัพย์สุดขอบฟ้า เล่ม 33,เล่มที่ 4,Gomdori co.,165.00,2,5,B-04,ว่าง (อยู่บนชั้น)
B550205033,B550205033-C05,ล่าขุมทรัพย์สุดขอบฟ้า เล่ม 33,เล่มที่ 5,Gomdori co.,165.00,2,5,B-04,ว่าง (อยู่บนชั้น)
B550205034,B550205034-C01,ล่าขุมทรัพย์สุดขอบฟ้า เล่ม 34,เล่มที่ 1,Gomdori co.,165.00,2,5,B-04,ว่าง (อยู่บนชั้น)
B550205034,B550205034-C02,ล่าขุมทรัพย์สุดขอบฟ้า เล่ม 34,เล่มที่ 2,Gomdori co.,165.00,2,5,B-04,ว่าง (อยู่บนชั้น)
B550205034,B550205034-C03,ล่าขุมทรัพย์สุดขอบฟ้า เล่ม 34,เล่มที่ 3,Gomdori co.,165.00,2,5,B-04,ว่าง (อยู่บนชั้น)
B550205034,B550205034-C04,ล่าขุมทรัพย์สุดขอบฟ้า เล่ม 34,เล่มที่ 4,Gomdori co.,165.00,2,5,B-04,ว่าง (อยู่บนชั้น)
B550205034,B550205034-C05,ล่าขุมทรัพย์สุดขอบฟ้า เล่ม 34,เล่มที่ 5,Gomdori co.,165.00,2,5,B-04,ว่าง (อยู่บนชั้น)
B550205035,B550205035-C01,ล่าขุมทรัพย์สุดขอบฟ้า เล่ม 35,เล่มที่ 1,Gomdori co.,165.00,2,5,B-04,ว่าง (อยู่บนชั้น)
B550205035,B550205035-C02,ล่าขุมทรัพย์สุดขอบฟ้า เล่ม 35,เล่มที่ 2,Gomdori co.,165.00,2,5,B-04,ว่าง (อยู่บนชั้น)
B550205035,B550205035-C03,ล่าขุมทรัพย์สุดขอบฟ้า เล่ม 35,เล่มที่ 3,Gomdori co.,165.00,2,5,B-04,ว่าง (อยู่บนชั้น)
B550205035,B550205035-C04,ล่าขุมทรัพย์สุดขอบฟ้า เล่ม 35,เล่มที่ 4,Gomdori co.,165.00,2,5,B-04,ว่าง (อยู่บนชั้น)
B550205035,B550205035-C05,ล่าขุมทรัพย์สุดขอบฟ้า เล่ม 35,เล่มที่ 5,Gomdori co.,165.00,2,5,B-04,ว่าง (อยู่บนชั้น)
B550205036,B550205036-C01,ล่าขุมทรัพย์สุดขอบฟ้า เล่ม 36,เล่มที่ 1,Gomdori co.,165.00,2,5,B-04,ว่าง (อยู่บนชั้น)
B550205036,B550205036-C02,ล่าขุมทรัพย์สุดขอบฟ้า เล่ม 36,เล่มที่ 2,Gomdori co.,165.00,2,5,B-04,ว่าง (อยู่บนชั้น)
B550205036,B550205036-C03,ล่าขุมทรัพย์สุดขอบฟ้า เล่ม 36,เล่มที่ 3,Gomdori co.,165.00,2,5,B-04,ว่าง (อยู่บนชั้น)
B550205036,B550205036-C04,ล่าขุมทรัพย์สุดขอบฟ้า เล่ม 36,เล่มที่ 4,Gomdori co.,165.00,2,5,B-04,ว่าง (อยู่บนชั้น)
B550205036,B550205036-C05,ล่าขุมทรัพย์สุดขอบฟ้า เล่ม 36,เล่มที่ 5,Gomdori co.,165.00,2,5,B-04,ว่าง (อยู่บนชั้น)
B550205037,B550205037-C01,ล่าขุมทรัพย์สุดขอบฟ้า เล่ม 37,เล่มที่ 1,Gomdori co.,165.00,2,5,B-04,ว่าง (อยู่บนชั้น)
B550205037,B550205037-C02,ล่าขุมทรัพย์สุดขอบฟ้า เล่ม 37,เล่มที่ 2,Gomdori co.,165.00,2,5,B-04,ว่าง (อยู่บนชั้น)
B550205037,B550205037-C03,ล่าขุมทรัพย์สุดขอบฟ้า เล่ม 37,เล่มที่ 3,Gomdori co.,165.00,2,5,B-04,ว่าง (อยู่บนชั้น)
B550205037,B550205037-C04,ล่าขุมทรัพย์สุดขอบฟ้า เล่ม 37,เล่มที่ 4,Gomdori co.,165.00,2,5,B-04,ว่าง (อยู่บนชั้น)
B550205037,B550205037-C05,ล่าขุมทรัพย์สุดขอบฟ้า เล่ม 37,เล่มที่ 5,Gomdori co.,165.00,2,5,B-04,ว่าง (อยู่บนชั้น)
B550205038,B550205038-C01,ล่าขุมทรัพย์สุดขอบฟ้า เล่ม 38,เล่มที่ 1,Gomdori co.,165.00,2,5,B-04,ว่าง (อยู่บนชั้น)
B550205038,B550205038-C02,ล่าขุมทรัพย์สุดขอบฟ้า เล่ม 38,เล่มที่ 2,Gomdori co.,165.00,2,5,B-04,ว่าง (อยู่บนชั้น)
B550205038,B550205038-C03,ล่าขุมทรัพย์สุดขอบฟ้า เล่ม 38,เล่มที่ 3,Gomdori co.,165.00,2,5,B-04,ว่าง (อยู่บนชั้น)
B550205038,B550205038-C04,ล่าขุมทรัพย์สุดขอบฟ้า เล่ม 38,เล่มที่ 4,Gomdori co.,165.00,2,5,B-04,ว่าง (อยู่บนชั้น)
B550205038,B550205038-C05,ล่าขุมทรัพย์สุดขอบฟ้า เล่ม 38,เล่มที่ 5,Gomdori co.,165.00,2,5,B-04,ว่าง (อยู่บนชั้น)
B550205039,B550205039-C01,ล่าขุมทรัพย์สุดขอบฟ้า เล่ม 39,เล่มที่ 1,Gomdori co.,165.00,2,5,B-04,ว่าง (อยู่บนชั้น)
B550205039,B550205039-C02,ล่าขุมทรัพย์สุดขอบฟ้า เล่ม 39,เล่มที่ 2,Gomdori co.,165.00,2,5,B-04,ว่าง (อยู่บนชั้น)
B550205039,B550205039-C03,ล่าขุมทรัพย์สุดขอบฟ้า เล่ม 39,เล่มที่ 3,Gomdori co.,165.00,2,5,B-04,ว่าง (อยู่บนชั้น)
B550205039,B550205039-C04,ล่าขุมทรัพย์สุดขอบฟ้า เล่ม 39,เล่มที่ 4,Gomdori co.,165.00,2,5,B-04,ว่าง (อยู่บนชั้น)
B550205039,B550205039-C05,ล่าขุมทรัพย์สุดขอบฟ้า เล่ม 39,เล่มที่ 5,Gomdori co.,165.00,2,5,B-04,ว่าง (อยู่บนชั้น)
B550205040,B550205040-C01,ล่าขุมทรัพย์สุดขอบฟ้า เล่ม 40,เล่มที่ 1,Gomdori co.,165.00,2,5,B-04,ว่าง (อยู่บนชั้น)
B550205040,B550205040-C02,ล่าขุมทรัพย์สุดขอบฟ้า เล่ม 40,เล่มที่ 2,Gomdori co.,165.00,2,5,B-04,ว่าง (อยู่บนชั้น)
B550205040,B550205040-C03,ล่าขุมทรัพย์สุดขอบฟ้า เล่ม 40,เล่มที่ 3,Gomdori co.,165.00,2,5,B-04,ว่าง (อยู่บนชั้น)
B550205040,B550205040-C04,ล่าขุมทรัพย์สุดขอบฟ้า เล่ม 40,เล่มที่ 4,Gomdori co.,165.00,2,5,B-04,ว่าง (อยู่บนชั้น)
B550205040,B550205040-C05,ล่าขุมทรัพย์สุดขอบฟ้า เล่ม 40,เล่มที่ 5,Gomdori co.,165.00,2,5,B-04,ว่าง (อยู่บนชั้น)
B550205041,B550205041-C01,ล่าขุมทรัพย์สุดขอบฟ้า เล่ม 41,เล่มที่ 1,Gomdori co.,165.00,2,5,B-04,ว่าง (อยู่บนชั้น)
B550205041,B550205041-C02,ล่าขุมทรัพย์สุดขอบฟ้า เล่ม 41,เล่มที่ 2,Gomdori co.,165.00,2,5,B-04,ว่าง (อยู่บนชั้น)
B550205041,B550205041-C03,ล่าขุมทรัพย์สุดขอบฟ้า เล่ม 41,เล่มที่ 3,Gomdori co.,165.00,2,5,B-04,ว่าง (อยู่บนชั้น)
B550205041,B550205041-C04,ล่าขุมทรัพย์สุดขอบฟ้า เล่ม 41,เล่มที่ 4,Gomdori co.,165.00,2,5,B-04,ว่าง (อยู่บนชั้น)
B550205041,B550205041-C05,ล่าขุมทรัพย์สุดขอบฟ้า เล่ม 41,เล่มที่ 5,Gomdori co.,165.00,2,5,B-04,ว่าง (อยู่บนชั้น)
B550205042,B550205042-C01,ล่าขุมทรัพย์สุดขอบฟ้า เล่ม 42,เล่มที่ 1,Gomdori co.,165.00,2,5,B-04,ว่าง (อยู่บนชั้น)
B550205042,B550205042-C02,ล่าขุมทรัพย์สุดขอบฟ้า เล่ม 42,เล่มที่ 2,Gomdori co.,165.00,2,5,B-04,ว่าง (อยู่บนชั้น)
B550205042,B550205042-C03,ล่าขุมทรัพย์สุดขอบฟ้า เล่ม 42,เล่มที่ 3,Gomdori co.,165.00,2,5,B-04,ว่าง (อยู่บนชั้น)
B550205042,B550205042-C04,ล่าขุมทรัพย์สุดขอบฟ้า เล่ม 42,เล่มที่ 4,Gomdori co.,165.00,2,5,B-04,ว่าง (อยู่บนชั้น)
B550205042,B550205042-C05,ล่าขุมทรัพย์สุดขอบฟ้า เล่ม 42,เล่มที่ 5,Gomdori co.,165.00,2,5,B-04,ว่าง (อยู่บนชั้น)
B550205043,B550205043-C01,ล่าขุมทรัพย์สุดขอบฟ้า เล่ม 43,เล่มที่ 1,Gomdori co.,165.00,2,5,B-04,ว่าง (อยู่บนชั้น)
B550205043,B550205043-C02,ล่าขุมทรัพย์สุดขอบฟ้า เล่ม 43,เล่มที่ 2,Gomdori co.,165.00,2,5,B-04,ว่าง (อยู่บนชั้น)
B550205043,B550205043-C03,ล่าขุมทรัพย์สุดขอบฟ้า เล่ม 43,เล่มที่ 3,Gomdori co.,165.00,2,5,B-04,ว่าง (อยู่บนชั้น)
B550205043,B550205043-C04,ล่าขุมทรัพย์สุดขอบฟ้า เล่ม 43,เล่มที่ 4,Gomdori co.,165.00,2,5,B-04,ว่าง (อยู่บนชั้น)
B550205043,B550205043-C05,ล่าขุมทรัพย์สุดขอบฟ้า เล่ม 43,เล่มที่ 5,Gomdori co.,165.00,2,5,B-04,ว่าง (อยู่บนชั้น)
B550205044,B550205044-C01,ล่าขุมทรัพย์สุดขอบฟ้า เล่ม 44,เล่มที่ 1,Gomdori co.,165.00,2,5,B-04,ว่าง (อยู่บนชั้น)
B550205044,B550205044-C02,ล่าขุมทรัพย์สุดขอบฟ้า เล่ม 44,เล่มที่ 2,Gomdori co.,165.00,2,5,B-04,ว่าง (อยู่บนชั้น)
B550205044,B550205044-C03,ล่าขุมทรัพย์สุดขอบฟ้า เล่ม 44,เล่มที่ 3,Gomdori co.,165.00,2,5,B-04,ว่าง (อยู่บนชั้น)
B550205044,B550205044-C04,ล่าขุมทรัพย์สุดขอบฟ้า เล่ม 44,เล่มที่ 4,Gomdori co.,165.00,2,5,B-04,ว่าง (อยู่บนชั้น)
B550205044,B550205044-C05,ล่าขุมทรัพย์สุดขอบฟ้า เล่ม 44,เล่มที่ 5,Gomdori co.,165.00,2,5,B-04,ว่าง (อยู่บนชั้น)
B550205045,B550205045-C01,ล่าขุมทรัพย์สุดขอบฟ้า เล่ม 45,เล่มที่ 1,Gomdori co.,165.00,2,5,B-04,ว่าง (อยู่บนชั้น)
B550205045,B550205045-C02,ล่าขุมทรัพย์สุดขอบฟ้า เล่ม 45,เล่มที่ 2,Gomdori co.,165.00,2,5,B-04,ว่าง (อยู่บนชั้น)
B550205045,B550205045-C03,ล่าขุมทรัพย์สุดขอบฟ้า เล่ม 45,เล่มที่ 3,Gomdori co.,165.00,2,5,B-04,ว่าง (อยู่บนชั้น)
B550205045,B550205045-C04,ล่าขุมทรัพย์สุดขอบฟ้า เล่ม 45,เล่มที่ 4,Gomdori co.,165.00,2,5,B-04,ว่าง (อยู่บนชั้น)
B550205045,B550205045-C05,ล่าขุมทรัพย์สุดขอบฟ้า เล่ม 45,เล่มที่ 5,Gomdori co.,165.00,2,5,B-04,ว่าง (อยู่บนชั้น)
B550205046,B550205046-C01,ล่าขุมทรัพย์สุดขอบฟ้า เล่ม 46,เล่มที่ 1,Gomdori co.,165.00,2,5,B-04,ว่าง (อยู่บนชั้น)
B550205046,B550205046-C02,ล่าขุมทรัพย์สุดขอบฟ้า เล่ม 46,เล่มที่ 2,Gomdori co.,165.00,2,5,B-04,ว่าง (อยู่บนชั้น)
B550205046,B550205046-C03,ล่าขุมทรัพย์สุดขอบฟ้า เล่ม 46,เล่มที่ 3,Gomdori co.,165.00,2,5,B-04,ว่าง (อยู่บนชั้น)
B550205046,B550205046-C04,ล่าขุมทรัพย์สุดขอบฟ้า เล่ม 46,เล่มที่ 4,Gomdori co.,165.00,2,5,B-04,ว่าง (อยู่บนชั้น)
B550205046,B550205046-C05,ล่าขุมทรัพย์สุดขอบฟ้า เล่ม 46,เล่มที่ 5,Gomdori co.,165.00,2,5,B-04,ว่าง (อยู่บนชั้น)
B550205047,B550205047-C01,ล่าขุมทรัพย์สุดขอบฟ้า เล่ม 47,เล่มที่ 1,Gomdori co.,165.00,2,5,B-04,ว่าง (อยู่บนชั้น)
B550205047,B550205047-C02,ล่าขุมทรัพย์สุดขอบฟ้า เล่ม 47,เล่มที่ 2,Gomdori co.,165.00,2,5,B-04,ว่าง (อยู่บนชั้น)
B550205047,B550205047-C03,ล่าขุมทรัพย์สุดขอบฟ้า เล่ม 47,เล่มที่ 3,Gomdori co.,165.00,2,5,B-04,ว่าง (อยู่บนชั้น)
B550205047,B550205047-C04,ล่าขุมทรัพย์สุดขอบฟ้า เล่ม 47,เล่มที่ 4,Gomdori co.,165.00,2,5,B-04,ว่าง (อยู่บนชั้น)
B550205047,B550205047-C05,ล่าขุมทรัพย์สุดขอบฟ้า เล่ม 47,เล่มที่ 5,Gomdori co.,165.00,2,5,B-04,ว่าง (อยู่บนชั้น)
B550205048,B550205048-C01,ล่าขุมทรัพย์สุดขอบฟ้า เล่ม 48,เล่มที่ 1,Gomdori co.,165.00,2,5,B-04,ว่าง (อยู่บนชั้น)
B550205048,B550205048-C02,ล่าขุมทรัพย์สุดขอบฟ้า เล่ม 48,เล่มที่ 2,Gomdori co.,165.00,2,5,B-04,ว่าง (อยู่บนชั้น)
B550205048,B550205048-C03,ล่าขุมทรัพย์สุดขอบฟ้า เล่ม 48,เล่มที่ 3,Gomdori co.,165.00,2,5,B-04,ว่าง (อยู่บนชั้น)
B550205048,B550205048-C04,ล่าขุมทรัพย์สุดขอบฟ้า เล่ม 48,เล่มที่ 4,Gomdori co.,165.00,2,5,B-04,ว่าง (อยู่บนชั้น)
B550205048,B550205048-C05,ล่าขุมทรัพย์สุดขอบฟ้า เล่ม 48,เล่มที่ 5,Gomdori co.,165.00,2,5,B-04,ว่าง (อยู่บนชั้น)
B550205049,B550205049-C01,ล่าขุมทรัพย์สุดขอบฟ้า เล่ม 49,เล่มที่ 1,Gomdori co.,165.00,2,5,B-04,ว่าง (อยู่บนชั้น)
B550205049,B550205049-C02,ล่าขุมทรัพย์สุดขอบฟ้า เล่ม 49,เล่มที่ 2,Gomdori co.,165.00,2,5,B-04,ว่าง (อยู่บนชั้น)
B550205049,B550205049-C03,ล่าขุมทรัพย์สุดขอบฟ้า เล่ม 49,เล่มที่ 3,Gomdori co.,165.00,2,5,B-04,ว่าง (อยู่บนชั้น)
B550205049,B550205049-C04,ล่าขุมทรัพย์สุดขอบฟ้า เล่ม 49,เล่มที่ 4,Gomdori co.,165.00,2,5,B-04,ว่าง (อยู่บนชั้น)
B550205049,B550205049-C05,ล่าขุมทรัพย์สุดขอบฟ้า เล่ม 49,เล่มที่ 5,Gomdori co.,165.00,2,5,B-04,ว่าง (อยู่บนชั้น)
B550205050,B550205050-C01,ล่าขุมทรัพย์สุดขอบฟ้า เล่ม 50,เล่มที่ 1,Gomdori co.,165.00,2,5,B-04,ว่าง (อยู่บนชั้น)
B550205050,B550205050-C02,ล่าขุมทรัพย์สุดขอบฟ้า เล่ม 50,เล่มที่ 2,Gomdori co.,165.00,2,5,B-04,ว่าง (อยู่บนชั้น)
B550205050,B550205050-C03,ล่าขุมทรัพย์สุดขอบฟ้า เล่ม 50,เล่มที่ 3,Gomdori co.,165.00,2,5,B-04,ว่าง (อยู่บนชั้น)
B550205050,B550205050-C04,ล่าขุมทรัพย์สุดขอบฟ้า เล่ม 50,เล่มที่ 4,Gomdori co.,165.00,2,5,B-04,ว่าง (อยู่บนชั้น)
B550205050,B550205050-C05,ล่าขุมทรัพย์สุดขอบฟ้า เล่ม 50,เล่มที่ 5,Gomdori co.,165.00,2,5,B-04,ว่าง (อยู่บนชั้น)
B550205051,B550205051-C01,ล่าขุมทรัพย์สุดขอบฟ้า เล่ม 51,เล่มที่ 1,Gomdori co.,165.00,2,5,B-04,ว่าง (อยู่บนชั้น)
B550205051,B550205051-C02,ล่าขุมทรัพย์สุดขอบฟ้า เล่ม 51,เล่มที่ 2,Gomdori co.,165.00,2,5,B-04,ว่าง (อยู่บนชั้น)
B550205051,B550205051-C03,ล่าขุมทรัพย์สุดขอบฟ้า เล่ม 51,เล่มที่ 3,Gomdori co.,165.00,2,5,B-04,ว่าง (อยู่บนชั้น)
B550205051,B550205051-C04,ล่าขุมทรัพย์สุดขอบฟ้า เล่ม 51,เล่มที่ 4,Gomdori co.,165.00,2,5,B-04,ว่าง (อยู่บนชั้น)
B550205051,B550205051-C05,ล่าขุมทรัพย์สุดขอบฟ้า เล่ม 51,เล่มที่ 5,Gomdori co.,165.00,2,5,B-04,ว่าง (อยู่บนชั้น)
B550205052,B550205052-C01,ล่าขุมทรัพย์สุดขอบฟ้า เล่ม 52,เล่มที่ 1,Gomdori co.,165.00,2,5,B-04,ว่าง (อยู่บนชั้น)
B550205052,B550205052-C02,ล่าขุมทรัพย์สุดขอบฟ้า เล่ม 52,เล่มที่ 2,Gomdori co.,165.00,2,5,B-04,ว่าง (อยู่บนชั้น)
B550205052,B550205052-C03,ล่าขุมทรัพย์สุดขอบฟ้า เล่ม 52,เล่มที่ 3,Gomdori co.,165.00,2,5,B-04,ว่าง (อยู่บนชั้น)
B550205052,B550205052-C04,ล่าขุมทรัพย์สุดขอบฟ้า เล่ม 52,เล่มที่ 4,Gomdori co.,165.00,2,5,B-04,ว่าง (อยู่บนชั้น)
B550205052,B550205052-C05,ล่าขุมทรัพย์สุดขอบฟ้า เล่ม 52,เล่มที่ 5,Gomdori co.,165.00,2,5,B-04,ว่าง (อยู่บนชั้น)
B550205053,B550205053-C01,ล่าขุมทรัพย์สุดขอบฟ้า เล่ม 53,เล่มที่ 1,Gomdori co.,165.00,2,5,B-04,ว่าง (อยู่บนชั้น)
B550205053,B550205053-C02,ล่าขุมทรัพย์สุดขอบฟ้า เล่ม 53,เล่มที่ 2,Gomdori co.,165.00,2,5,B-04,ว่าง (อยู่บนชั้น)
B550205053,B550205053-C03,ล่าขุมทรัพย์สุดขอบฟ้า เล่ม 53,เล่มที่ 3,Gomdori co.,165.00,2,5,B-04,ว่าง (อยู่บนชั้น)
B550205053,B550205053-C04,ล่าขุมทรัพย์สุดขอบฟ้า เล่ม 53,เล่มที่ 4,Gomdori co.,165.00,2,5,B-04,ว่าง (อยู่บนชั้น)
B550205053,B550205053-C05,ล่าขุมทรัพย์สุดขอบฟ้า เล่ม 53,เล่มที่ 5,Gomdori co.,165.00,2,5,B-04,ว่าง (อยู่บนชั้น)
B550205054,B550205054-C01,ล่าขุมทรัพย์สุดขอบฟ้า เล่ม 54,เล่มที่ 1,Gomdori co.,165.00,2,5,B-04,ว่าง (อยู่บนชั้น)
B550205054,B550205054-C02,ล่าขุมทรัพย์สุดขอบฟ้า เล่ม 54,เล่มที่ 2,Gomdori co.,165.00,2,5,B-04,ว่าง (อยู่บนชั้น)
B550205054,B550205054-C03,ล่าขุมทรัพย์สุดขอบฟ้า เล่ม 54,เล่มที่ 3,Gomdori co.,165.00,2,5,B-04,ว่าง (อยู่บนชั้น)
B550205054,B550205054-C04,ล่าขุมทรัพย์สุดขอบฟ้า เล่ม 54,เล่มที่ 4,Gomdori co.,165.00,2,5,B-04,ว่าง (อยู่บนชั้น)
B550205054,B550205054-C05,ล่าขุมทรัพย์สุดขอบฟ้า เล่ม 54,เล่มที่ 5,Gomdori co.,165.00,2,5,B-04,ว่าง (อยู่บนชั้น)
B550205055,B550205055-C01,ล่าขุมทรัพย์สุดขอบฟ้า เล่ม 55,เล่มที่ 1,Gomdori co.,165.00,2,5,B-04,ว่าง (อยู่บนชั้น)
B550205055,B550205055-C02,ล่าขุมทรัพย์สุดขอบฟ้า เล่ม 55,เล่มที่ 2,Gomdori co.,165.00,2,5,B-04,ว่าง (อยู่บนชั้น)
B550205055,B550205055-C03,ล่าขุมทรัพย์สุดขอบฟ้า เล่ม 55,เล่มที่ 3,Gomdori co.,165.00,2,5,B-04,ว่าง (อยู่บนชั้น)
B550205055,B550205055-C04,ล่าขุมทรัพย์สุดขอบฟ้า เล่ม 55,เล่มที่ 4,Gomdori co.,165.00,2,5,B-04,ว่าง (อยู่บนชั้น)
B550205055,B550205055-C05,ล่าขุมทรัพย์สุดขอบฟ้า เล่ม 55,เล่มที่ 5,Gomdori co.,165.00,2,5,B-04,ว่าง (อยู่บนชั้น)
B550205056,B550205056-C01,ล่าขุมทรัพย์สุดขอบฟ้า เล่ม 56,เล่มที่ 1,Gomdori co.,165.00,2,5,B-04,ว่าง (อยู่บนชั้น)
B550205056,B550205056-C02,ล่าขุมทรัพย์สุดขอบฟ้า เล่ม 56,เล่มที่ 2,Gomdori co.,165.00,2,5,B-04,ว่าง (อยู่บนชั้น)
B550205056,B550205056-C03,ล่าขุมทรัพย์สุดขอบฟ้า เล่ม 56,เล่มที่ 3,Gomdori co.,165.00,2,5,B-04,ว่าง (อยู่บนชั้น)
B550205056,B550205056-C04,ล่าขุมทรัพย์สุดขอบฟ้า เล่ม 56,เล่มที่ 4,Gomdori co.,165.00,2,5,B-04,ว่าง (อยู่บนชั้น)
B550205056,B550205056-C05,ล่าขุมทรัพย์สุดขอบฟ้า เล่ม 56,เล่มที่ 5,Gomdori co.,165.00,2,5,B-04,ว่าง (อยู่บนชั้น)
B550205057,B550205057-C01,ล่าขุมทรัพย์สุดขอบฟ้า เล่ม 57,เล่มที่ 1,Gomdori co.,165.00,2,5,B-04,ว่าง (อยู่บนชั้น)
B550205057,B550205057-C02,ล่าขุมทรัพย์สุดขอบฟ้า เล่ม 57,เล่มที่ 2,Gomdori co.,165.00,2,5,B-04,ว่าง (อยู่บนชั้น)
B550205057,B550205057-C03,ล่าขุมทรัพย์สุดขอบฟ้า เล่ม 57,เล่มที่ 3,Gomdori co.,165.00,2,5,B-04,ว่าง (อยู่บนชั้น)
B550205057,B550205057-C04,ล่าขุมทรัพย์สุดขอบฟ้า เล่ม 57,เล่มที่ 4,Gomdori co.,165.00,2,5,B-04,ว่าง (อยู่บนชั้น)
B550205057,B550205057-C05,ล่าขุมทรัพย์สุดขอบฟ้า เล่ม 57,เล่มที่ 5,Gomdori co.,165.00,2,5,B-04,ว่าง (อยู่บนชั้น)
B550205058,B550205058-C01,ล่าขุมทรัพย์สุดขอบฟ้า เล่ม 58,เล่มที่ 1,Gomdori co.,165.00,2,5,B-04,ว่าง (อยู่บนชั้น)
B550205058,B550205058-C02,ล่าขุมทรัพย์สุดขอบฟ้า เล่ม 58,เล่มที่ 2,Gomdori co.,165.00,2,5,B-04,ว่าง (อยู่บนชั้น)
B550205058,B550205058-C03,ล่าขุมทรัพย์สุดขอบฟ้า เล่ม 58,เล่มที่ 3,Gomdori co.,165.00,2,5,B-04,ว่าง (อยู่บนชั้น)
B550205058,B550205058-C04,ล่าขุมทรัพย์สุดขอบฟ้า เล่ม 58,เล่มที่ 4,Gomdori co.,165.00,2,5,B-04,ว่าง (อยู่บนชั้น)
B550205058,B550205058-C05,ล่าขุมทรัพย์สุดขอบฟ้า เล่ม 58,เล่มที่ 5,Gomdori co.,165.00,2,5,B-04,ว่าง (อยู่บนชั้น)
B550205059,B550205059-C01,ล่าขุมทรัพย์สุดขอบฟ้า เล่ม 59,เล่มที่ 1,Gomdori co.,165.00,2,5,B-04,ว่าง (อยู่บนชั้น)
B550205059,B550205059-C02,ล่าขุมทรัพย์สุดขอบฟ้า เล่ม 59,เล่มที่ 2,Gomdori co.,165.00,2,5,B-04,ว่าง (อยู่บนชั้น)
B550205059,B550205059-C03,ล่าขุมทรัพย์สุดขอบฟ้า เล่ม 59,เล่มที่ 3,Gomdori co.,165.00,2,5,B-04,ว่าง (อยู่บนชั้น)
B550205059,B550205059-C04,ล่าขุมทรัพย์สุดขอบฟ้า เล่ม 59,เล่มที่ 4,Gomdori co.,165.00,2,5,B-04,ว่าง (อยู่บนชั้น)
B550205059,B550205059-C05,ล่าขุมทรัพย์สุดขอบฟ้า เล่ม 59,เล่มที่ 5,Gomdori co.,165.00,2,5,B-04,ว่าง (อยู่บนชั้น)
B550205060,B550205060-C01,ล่าขุมทรัพย์สุดขอบฟ้า เล่ม 60,เล่มที่ 1,Gomdori co.,165.00,2,5,B-04,ว่าง (อยู่บนชั้น)
B550205060,B550205060-C02,ล่าขุมทรัพย์สุดขอบฟ้า เล่ม 60,เล่มที่ 2,Gomdori co.,165.00,2,5,B-04,ว่าง (อยู่บนชั้น)
B550205060,B550205060-C03,ล่าขุมทรัพย์สุดขอบฟ้า เล่ม 60,เล่มที่ 3,Gomdori co.,165.00,2,5,B-04,ว่าง (อยู่บนชั้น)
B550205060,B550205060-C04,ล่าขุมทรัพย์สุดขอบฟ้า เล่ม 60,เล่มที่ 4,Gomdori co.,165.00,2,5,B-04,ว่าง (อยู่บนชั้น)
B550205060,B550205060-C05,ล่าขุมทรัพย์สุดขอบฟ้า เล่ม 60,เล่มที่ 5,Gomdori co.,165.00,2,5,B-04,ว่าง (อยู่บนชั้น)
B550205061,B550205061-C01,ล่าขุมทรัพย์สุดขอบฟ้า เล่ม 61,เล่มที่ 1,Gomdori co.,165.00,2,5,B-04,ว่าง (อยู่บนชั้น)
B550205061,B550205061-C02,ล่าขุมทรัพย์สุดขอบฟ้า เล่ม 61,เล่มที่ 2,Gomdori co.,165.00,2,5,B-04,ว่าง (อยู่บนชั้น)
B550205061,B550205061-C03,ล่าขุมทรัพย์สุดขอบฟ้า เล่ม 61,เล่มที่ 3,Gomdori co.,165.00,2,5,B-04,ว่าง (อยู่บนชั้น)
B550205061,B550205061-C04,ล่าขุมทรัพย์สุดขอบฟ้า เล่ม 61,เล่มที่ 4,Gomdori co.,165.00,2,5,B-04,ว่าง (อยู่บนชั้น)
B550205061,B550205061-C05,ล่าขุมทรัพย์สุดขอบฟ้า เล่ม 61,เล่มที่ 5,Gomdori co.,165.00,2,5,B-04,ว่าง (อยู่บนชั้น)
B550205062,B550205062-C01,ล่าขุมทรัพย์สุดขอบฟ้า เล่ม 62,เล่มที่ 1,Gomdori co.,165.00,2,5,B-04,ว่าง (อยู่บนชั้น)
B550205062,B550205062-C02,ล่าขุมทรัพย์สุดขอบฟ้า เล่ม 62,เล่มที่ 2,Gomdori co.,165.00,2,5,B-04,ว่าง (อยู่บนชั้น)
B550205062,B550205062-C03,ล่าขุมทรัพย์สุดขอบฟ้า เล่ม 62,เล่มที่ 3,Gomdori co.,165.00,2,5,B-04,ว่าง (อยู่บนชั้น)
B550205062,B550205062-C04,ล่าขุมทรัพย์สุดขอบฟ้า เล่ม 62,เล่มที่ 4,Gomdori co.,165.00,2,5,B-04,ว่าง (อยู่บนชั้น)
B550205062,B550205062-C05,ล่าขุมทรัพย์สุดขอบฟ้า เล่ม 62,เล่มที่ 5,Gomdori co.,165.00,2,5,B-04,ว่าง (อยู่บนชั้น)
B550205063,B550205063-C01,ล่าขุมทรัพย์สุดขอบฟ้า เล่ม 63,เล่มที่ 1,Gomdori co.,165.00,2,5,B-04,ว่าง (อยู่บนชั้น)
B550205063,B550205063-C02,ล่าขุมทรัพย์สุดขอบฟ้า เล่ม 63,เล่มที่ 2,Gomdori co.,165.00,2,5,B-04,ว่าง (อยู่บนชั้น)
B550205063,B550205063-C03,ล่าขุมทรัพย์สุดขอบฟ้า เล่ม 63,เล่มที่ 3,Gomdori co.,165.00,2,5,B-04,ว่าง (อยู่บนชั้น)
B550205063,B550205063-C04,ล่าขุมทรัพย์สุดขอบฟ้า เล่ม 63,เล่มที่ 4,Gomdori co.,165.00,2,5,B-04,ว่าง (อยู่บนชั้น)
B550205063,B550205063-C05,ล่าขุมทรัพย์สุดขอบฟ้า เล่ม 63,เล่มที่ 5,Gomdori co.,165.00,2,5,B-04,ว่าง (อยู่บนชั้น)
B550205064,B550205064-C01,ล่าขุมทรัพย์สุดขอบฟ้า เล่ม 64,เล่มที่ 1,Gomdori co.,165.00,2,5,B-04,ว่าง (อยู่บนชั้น)
B550205064,B550205064-C02,ล่าขุมทรัพย์สุดขอบฟ้า เล่ม 64,เล่มที่ 2,Gomdori co.,165.00,2,5,B-04,ว่าง (อยู่บนชั้น)
B550205064,B550205064-C03,ล่าขุมทรัพย์สุดขอบฟ้า เล่ม 64,เล่มที่ 3,Gomdori co.,165.00,2,5,B-04,ว่าง (อยู่บนชั้น)
B550205064,B550205064-C04,ล่าขุมทรัพย์สุดขอบฟ้า เล่ม 64,เล่มที่ 4,Gomdori co.,165.00,2,5,B-04,ว่าง (อยู่บนชั้น)
B550205064,B550205064-C05,ล่าขุมทรัพย์สุดขอบฟ้า เล่ม 64,เล่มที่ 5,Gomdori co.,165.00,2,5,B-04,ว่าง (อยู่บนชั้น)
B550205065,B550205065-C01,ล่าขุมทรัพย์สุดขอบฟ้า เล่ม 65,เล่มที่ 1,Gomdori co.,165.00,2,5,B-04,ว่าง (อยู่บนชั้น)
B550205065,B550205065-C02,ล่าขุมทรัพย์สุดขอบฟ้า เล่ม 65,เล่มที่ 2,Gomdori co.,165.00,2,5,B-04,ว่าง (อยู่บนชั้น)
B550205065,B550205065-C03,ล่าขุมทรัพย์สุดขอบฟ้า เล่ม 65,เล่มที่ 3,Gomdori co.,165.00,2,5,B-04,ว่าง (อยู่บนชั้น)
B550205065,B550205065-C04,ล่าขุมทรัพย์สุดขอบฟ้า เล่ม 65,เล่มที่ 4,Gomdori co.,165.00,2,5,B-04,ว่าง (อยู่บนชั้น)
B550205065,B550205065-C05,ล่าขุมทรัพย์สุดขอบฟ้า เล่ม 65,เล่มที่ 5,Gomdori co.,165.00,2,5,B-04,ว่าง (อยู่บนชั้น)
B550205066,B550205066-C01,ล่าขุมทรัพย์สุดขอบฟ้า เล่ม 66,เล่มที่ 1,Gomdori co.,165.00,2,5,B-04,ว่าง (อยู่บนชั้น)
B550205066,B550205066-C02,ล่าขุมทรัพย์สุดขอบฟ้า เล่ม 66,เล่มที่ 2,Gomdori co.,165.00,2,5,B-04,ว่าง (อยู่บนชั้น)
B550205066,B550205066-C03,ล่าขุมทรัพย์สุดขอบฟ้า เล่ม 66,เล่มที่ 3,Gomdori co.,165.00,2,5,B-04,ว่าง (อยู่บนชั้น)
B550205066,B550205066-C04,ล่าขุมทรัพย์สุดขอบฟ้า เล่ม 66,เล่มที่ 4,Gomdori co.,165.00,2,5,B-04,ว่าง (อยู่บนชั้น)
B550205066,B550205066-C05,ล่าขุมทรัพย์สุดขอบฟ้า เล่ม 66,เล่มที่ 5,Gomdori co.,165.00,2,5,B-04,ว่าง (อยู่บนชั้น)
B550205067,B550205067-C01,ล่าขุมทรัพย์สุดขอบฟ้า เล่ม 67,เล่มที่ 1,Gomdori co.,165.00,2,5,B-04,ว่าง (อยู่บนชั้น)
B550205067,B550205067-C02,ล่าขุมทรัพย์สุดขอบฟ้า เล่ม 67,เล่มที่ 2,Gomdori co.,165.00,2,5,B-04,ว่าง (อยู่บนชั้น)
B550205067,B550205067-C03,ล่าขุมทรัพย์สุดขอบฟ้า เล่ม 67,เล่มที่ 3,Gomdori co.,165.00,2,5,B-04,ว่าง (อยู่บนชั้น)
B550205067,B550205067-C04,ล่าขุมทรัพย์สุดขอบฟ้า เล่ม 67,เล่มที่ 4,Gomdori co.,165.00,2,5,B-04,ว่าง (อยู่บนชั้น)
B550205067,B550205067-C05,ล่าขุมทรัพย์สุดขอบฟ้า เล่ม 67,เล่มที่ 5,Gomdori co.,165.00,2,5,B-04,ว่าง (อยู่บนชั้น)
B550205068,B550205068-C01,ล่าขุมทรัพย์สุดขอบฟ้า เล่ม 68,เล่มที่ 1,Gomdori co.,165.00,2,5,B-04,ว่าง (อยู่บนชั้น)
B550205068,B550205068-C02,ล่าขุมทรัพย์สุดขอบฟ้า เล่ม 68,เล่มที่ 2,Gomdori co.,165.00,2,5,B-04,ว่าง (อยู่บนชั้น)
B550205068,B550205068-C03,ล่าขุมทรัพย์สุดขอบฟ้า เล่ม 68,เล่มที่ 3,Gomdori co.,165.00,2,5,B-04,ว่าง (อยู่บนชั้น)
B550205068,B550205068-C04,ล่าขุมทรัพย์สุดขอบฟ้า เล่ม 68,เล่มที่ 4,Gomdori co.,165.00,2,5,B-04,ว่าง (อยู่บนชั้น)
B550205068,B550205068-C05,ล่าขุมทรัพย์สุดขอบฟ้า เล่ม 68,เล่มที่ 5,Gomdori co.,165.00,2,5,B-04,ว่าง (อยู่บนชั้น)
B550205069,B550205069-C01,ล่าขุมทรัพย์สุดขอบฟ้า เล่ม 69,เล่มที่ 1,Gomdori co.,165.00,2,5,B-04,ว่าง (อยู่บนชั้น)
B550205069,B550205069-C02,ล่าขุมทรัพย์สุดขอบฟ้า เล่ม 69,เล่มที่ 2,Gomdori co.,165.00,2,5,B-04,ว่าง (อยู่บนชั้น)
B550205069,B550205069-C03,ล่าขุมทรัพย์สุดขอบฟ้า เล่ม 69,เล่มที่ 3,Gomdori co.,165.00,2,5,B-04,ว่าง (อยู่บนชั้น)
B550205069,B550205069-C04,ล่าขุมทรัพย์สุดขอบฟ้า เล่ม 69,เล่มที่ 4,Gomdori co.,165.00,2,5,B-04,ว่าง (อยู่บนชั้น)
B550205069,B550205069-C05,ล่าขุมทรัพย์สุดขอบฟ้า เล่ม 69,เล่มที่ 5,Gomdori co.,165.00,2,5,B-04,ว่าง (อยู่บนชั้น)
B550205070,B550205070-C01,ล่าขุมทรัพย์สุดขอบฟ้า เล่ม 70,เล่มที่ 1,Gomdori co.,165.00,2,5,B-04,ว่าง (อยู่บนชั้น)
B550205070,B550205070-C02,ล่าขุมทรัพย์สุดขอบฟ้า เล่ม 70,เล่มที่ 2,Gomdori co.,165.00,2,5,B-04,ว่าง (อยู่บนชั้น)
B550205070,B550205070-C03,ล่าขุมทรัพย์สุดขอบฟ้า เล่ม 70,เล่มที่ 3,Gomdori co.,165.00,2,5,B-04,ว่าง (อยู่บนชั้น)
B550205070,B550205070-C04,ล่าขุมทรัพย์สุดขอบฟ้า เล่ม 70,เล่มที่ 4,Gomdori co.,165.00,2,5,B-04,ว่าง (อยู่บนชั้น)
B550205070,B550205070-C05,ล่าขุมทรัพย์สุดขอบฟ้า เล่ม 70,เล่มที่ 5,Gomdori co.,165.00,2,5,B-04,ว่าง (อยู่บนชั้น)
B550205071,B550205071-C01,ล่าขุมทรัพย์สุดขอบฟ้า เล่ม 71,เล่มที่ 1,Gomdori co.,165.00,2,5,B-04,ว่าง (อยู่บนชั้น)
B550205071,B550205071-C02,ล่าขุมทรัพย์สุดขอบฟ้า เล่ม 71,เล่มที่ 2,Gomdori co.,165.00,2,5,B-04,ว่าง (อยู่บนชั้น)
B550205071,B550205071-C03,ล่าขุมทรัพย์สุดขอบฟ้า เล่ม 71,เล่มที่ 3,Gomdori co.,165.00,2,5,B-04,ว่าง (อยู่บนชั้น)
B550205071,B550205071-C04,ล่าขุมทรัพย์สุดขอบฟ้า เล่ม 71,เล่มที่ 4,Gomdori co.,165.00,2,5,B-04,ว่าง (อยู่บนชั้น)
B550205071,B550205071-C05,ล่าขุมทรัพย์สุดขอบฟ้า เล่ม 71,เล่มที่ 5,Gomdori co.,165.00,2,5,B-04,ว่าง (อยู่บนชั้น)
B550205072,B550205072-C01,ล่าขุมทรัพย์สุดขอบฟ้า เล่ม 72,เล่มที่ 1,Gomdori co.,165.00,2,5,B-04,ว่าง (อยู่บนชั้น)
B550205072,B550205072-C02,ล่าขุมทรัพย์สุดขอบฟ้า เล่ม 72,เล่มที่ 2,Gomdori co.,165.00,2,5,B-04,ว่าง (อยู่บนชั้น)
B550205072,B550205072-C03,ล่าขุมทรัพย์สุดขอบฟ้า เล่ม 72,เล่มที่ 3,Gomdori co.,165.00,2,5,B-04,ว่าง (อยู่บนชั้น)
B550205072,B550205072-C04,ล่าขุมทรัพย์สุดขอบฟ้า เล่ม 72,เล่มที่ 4,Gomdori co.,165.00,2,5,B-04,ว่าง (อยู่บนชั้น)
B550205072,B550205072-C05,ล่าขุมทรัพย์สุดขอบฟ้า เล่ม 72,เล่มที่ 5,Gomdori co.,165.00,2,5,B-04,ว่าง (อยู่บนชั้น)
B550205073,B550205073-C01,ล่าขุมทรัพย์สุดขอบฟ้า เล่ม 73,เล่มที่ 1,Gomdori co.,165.00,2,5,B-04,ว่าง (อยู่บนชั้น)
B550205073,B550205073-C02,ล่าขุมทรัพย์สุดขอบฟ้า เล่ม 73,เล่มที่ 2,Gomdori co.,165.00,2,5,B-04,ว่าง (อยู่บนชั้น)
B550205073,B550205073-C03,ล่าขุมทรัพย์สุดขอบฟ้า เล่ม 73,เล่มที่ 3,Gomdori co.,165.00,2,5,B-04,ว่าง (อยู่บนชั้น)
B550205073,B550205073-C04,ล่าขุมทรัพย์สุดขอบฟ้า เล่ม 73,เล่มที่ 4,Gomdori co.,165.00,2,5,B-04,ว่าง (อยู่บนชั้น)
B550205073,B550205073-C05,ล่าขุมทรัพย์สุดขอบฟ้า เล่ม 73,เล่มที่ 5,Gomdori co.,165.00,2,5,B-04,ว่าง (อยู่บนชั้น)
B550205074,B550205074-C01,ล่าขุมทรัพย์สุดขอบฟ้า เล่ม 74,เล่มที่ 1,Gomdori co.,165.00,2,5,B-04,ว่าง (อยู่บนชั้น)
B550205074,B550205074-C02,ล่าขุมทรัพย์สุดขอบฟ้า เล่ม 74,เล่มที่ 2,Gomdori co.,165.00,2,5,B-04,ว่าง (อยู่บนชั้น)
B550205074,B550205074-C03,ล่าขุมทรัพย์สุดขอบฟ้า เล่ม 74,เล่มที่ 3,Gomdori co.,165.00,2,5,B-04,ว่าง (อยู่บนชั้น)
B550205074,B550205074-C04,ล่าขุมทรัพย์สุดขอบฟ้า เล่ม 74,เล่มที่ 4,Gomdori co.,165.00,2,5,B-04,ว่าง (อยู่บนชั้น)
B550205074,B550205074-C05,ล่าขุมทรัพย์สุดขอบฟ้า เล่ม 74,เล่มที่ 5,Gomdori co.,165.00,2,5,B-04,ว่าง (อยู่บนชั้น)
B550205075,B550205075-C01,ล่าขุมทรัพย์สุดขอบฟ้า เล่ม 75,เล่มที่ 1,Gomdori co.,165.00,2,5,B-04,ว่าง (อยู่บนชั้น)
B550205075,B550205075-C02,ล่าขุมทรัพย์สุดขอบฟ้า เล่ม 75,เล่มที่ 2,Gomdori co.,165.00,2,5,B-04,ว่าง (อยู่บนชั้น)
B550205075,B550205075-C03,ล่าขุมทรัพย์สุดขอบฟ้า เล่ม 75,เล่มที่ 3,Gomdori co.,165.00,2,5,B-04,ว่าง (อยู่บนชั้น)
B550205075,B550205075-C04,ล่าขุมทรัพย์สุดขอบฟ้า เล่ม 75,เล่มที่ 4,Gomdori co.,165.00,2,5,B-04,ว่าง (อยู่บนชั้น)
B550205075,B550205075-C05,ล่าขุมทรัพย์สุดขอบฟ้า เล่ม 75,เล่มที่ 5,Gomdori co.,165.00,2,5,B-04,ว่าง (อยู่บนชั้น)
B550205076,B550205076-C01,ล่าขุมทรัพย์สุดขอบฟ้า เล่ม 76,เล่มที่ 1,Gomdori co.,165.00,2,5,B-04,ว่าง (อยู่บนชั้น)
B550205076,B550205076-C02,ล่าขุมทรัพย์สุดขอบฟ้า เล่ม 76,เล่มที่ 2,Gomdori co.,165.00,2,5,B-04,ว่าง (อยู่บนชั้น)
B550205076,B550205076-C03,ล่าขุมทรัพย์สุดขอบฟ้า เล่ม 76,เล่มที่ 3,Gomdori co.,165.00,2,5,B-04,ว่าง (อยู่บนชั้น)
B550205076,B550205076-C04,ล่าขุมทรัพย์สุดขอบฟ้า เล่ม 76,เล่มที่ 4,Gomdori co.,165.00,2,5,B-04,ว่าง (อยู่บนชั้น)
B550205076,B550205076-C05,ล่าขุมทรัพย์สุดขอบฟ้า เล่ม 76,เล่มที่ 5,Gomdori co.,165.00,2,5,B-04,ว่าง (อยู่บนชั้น)
B550205077,B550205077-C01,ล่าขุมทรัพย์สุดขอบฟ้า เล่ม 77,เล่มที่ 1,Gomdori co.,165.00,2,5,B-04,ว่าง (อยู่บนชั้น)
B550205077,B550205077-C02,ล่าขุมทรัพย์สุดขอบฟ้า เล่ม 77,เล่มที่ 2,Gomdori co.,165.00,2,5,B-04,ว่าง (อยู่บนชั้น)
B550205077,B550205077-C03,ล่าขุมทรัพย์สุดขอบฟ้า เล่ม 77,เล่มที่ 3,Gomdori co.,165.00,2,5,B-04,ว่าง (อยู่บนชั้น)
B550205077,B550205077-C04,ล่าขุมทรัพย์สุดขอบฟ้า เล่ม 77,เล่มที่ 4,Gomdori co.,165.00,2,5,B-04,ว่าง (อยู่บนชั้น)
B550205077,B550205077-C05,ล่าขุมทรัพย์สุดขอบฟ้า เล่ม 77,เล่มที่ 5,Gomdori co.,165.00,2,5,B-04,ว่าง (อยู่บนชั้น)
B550205078,B550205078-C01,ล่าขุมทรัพย์สุดขอบฟ้า เล่ม 78,เล่มที่ 1,Gomdori co.,165.00,2,5,B-04,ว่าง (อยู่บนชั้น)
B550205078,B550205078-C02,ล่าขุมทรัพย์สุดขอบฟ้า เล่ม 78,เล่มที่ 2,Gomdori co.,165.00,2,5,B-04,ว่าง (อยู่บนชั้น)
B550205078,B550205078-C03,ล่าขุมทรัพย์สุดขอบฟ้า เล่ม 78,เล่มที่ 3,Gomdori co.,165.00,2,5,B-04,ว่าง (อยู่บนชั้น)
B550205078,B550205078-C04,ล่าขุมทรัพย์สุดขอบฟ้า เล่ม 78,เล่มที่ 4,Gomdori co.,165.00,2,5,B-04,ว่าง (อยู่บนชั้น)
B550205078,B550205078-C05,ล่าขุมทรัพย์สุดขอบฟ้า เล่ม 78,เล่มที่ 5,Gomdori co.,165.00,2,5,B-04,ว่าง (อยู่บนชั้น)
B550205079,B550205079-C01,ล่าขุมทรัพย์สุดขอบฟ้า เล่ม 79,เล่มที่ 1,Gomdori co.,165.00,2,5,B-04,ว่าง (อยู่บนชั้น)
B550205079,B550205079-C02,ล่าขุมทรัพย์สุดขอบฟ้า เล่ม 79,เล่มที่ 2,Gomdori co.,165.00,2,5,B-04,ว่าง (อยู่บนชั้น)
B550205079,B550205079-C03,ล่าขุมทรัพย์สุดขอบฟ้า เล่ม 79,เล่มที่ 3,Gomdori co.,165.00,2,5,B-04,ว่าง (อยู่บนชั้น)
B550205079,B550205079-C04,ล่าขุมทรัพย์สุดขอบฟ้า เล่ม 79,เล่มที่ 4,Gomdori co.,165.00,2,5,B-04,ว่าง (อยู่บนชั้น)
B550205079,B550205079-C05,ล่าขุมทรัพย์สุดขอบฟ้า เล่ม 79,เล่มที่ 5,Gomdori co.,165.00,2,5,B-04,ว่าง (อยู่บนชั้น)
B550205080,B550205080-C01,ล่าขุมทรัพย์สุดขอบฟ้า เล่ม 80,เล่มที่ 1,Gomdori co.,165.00,2,5,B-04,ว่าง (อยู่บนชั้น)
B550205080,B550205080-C02,ล่าขุมทรัพย์สุดขอบฟ้า เล่ม 80,เล่มที่ 2,Gomdori co.,165.00,2,5,B-04,ว่าง (อยู่บนชั้น)
B550205080,B550205080-C03,ล่าขุมทรัพย์สุดขอบฟ้า เล่ม 80,เล่มที่ 3,Gomdori co.,165.00,2,5,B-04,ว่าง (อยู่บนชั้น)
B550205080,B550205080-C04,ล่าขุมทรัพย์สุดขอบฟ้า เล่ม 80,เล่มที่ 4,Gomdori co.,165.00,2,5,B-04,ว่าง (อยู่บนชั้น)
B550205080,B550205080-C05,ล่าขุมทรัพย์สุดขอบฟ้า เล่ม 80,เล่มที่ 5,Gomdori co.,165.00,2,5,B-04,ว่าง (อยู่บนชั้น)
B560205001,B560205001-C01,คุกกี้รัน เอาชีวิตรอด เล่ม 1,เล่มที่ 1,Kim Kang-hwa,165.00,2,5,B-05,ว่าง (อยู่บนชั้น)
B560205001,B560205001-C02,คุกกี้รัน เอาชีวิตรอด เล่ม 1,เล่มที่ 2,Kim Kang-hwa,165.00,2,5,B-05,ว่าง (อยู่บนชั้น)
B560205001,B560205001-C03,คุกกี้รัน เอาชีวิตรอด เล่ม 1,เล่มที่ 3,Kim Kang-hwa,165.00,2,5,B-05,ว่าง (อยู่บนชั้น)
B560205001,B560205001-C04,คุกกี้รัน เอาชีวิตรอด เล่ม 1,เล่มที่ 4,Kim Kang-hwa,165.00,2,5,B-05,ว่าง (อยู่บนชั้น)
B560205001,B560205001-C05,คุกกี้รัน เอาชีวิตรอด เล่ม 1,เล่มที่ 5,Kim Kang-hwa,165.00,2,5,B-05,ว่าง (อยู่บนชั้น)
B560205002,B560205002-C01,คุกกี้รัน เอาชีวิตรอด เล่ม 2,เล่มที่ 1,Kim Kang-hwa,165.00,2,5,B-05,ว่าง (อยู่บนชั้น)
B560205002,B560205002-C02,คุกกี้รัน เอาชีวิตรอด เล่ม 2,เล่มที่ 2,Kim Kang-hwa,165.00,2,5,B-05,ว่าง (อยู่บนชั้น)
B560205002,B560205002-C03,คุกกี้รัน เอาชีวิตรอด เล่ม 2,เล่มที่ 3,Kim Kang-hwa,165.00,2,5,B-05,ว่าง (อยู่บนชั้น)
B560205002,B560205002-C04,คุกกี้รัน เอาชีวิตรอด เล่ม 2,เล่มที่ 4,Kim Kang-hwa,165.00,2,5,B-05,ว่าง (อยู่บนชั้น)
B560205002,B560205002-C05,คุกกี้รัน เอาชีวิตรอด เล่ม 2,เล่มที่ 5,Kim Kang-hwa,165.00,2,5,B-05,ว่าง (อยู่บนชั้น)
B560205003,B560205003-C01,คุกกี้รัน เอาชีวิตรอด เล่ม 3,เล่มที่ 1,Kim Kang-hwa,165.00,2,5,B-05,ว่าง (อยู่บนชั้น)
B560205003,B560205003-C02,คุกกี้รัน เอาชีวิตรอด เล่ม 3,เล่มที่ 2,Kim Kang-hwa,165.00,2,5,B-05,ว่าง (อยู่บนชั้น)
B560205003,B560205003-C03,คุกกี้รัน เอาชีวิตรอด เล่ม 3,เล่มที่ 3,Kim Kang-hwa,165.00,2,5,B-05,ว่าง (อยู่บนชั้น)
B560205003,B560205003-C04,คุกกี้รัน เอาชีวิตรอด เล่ม 3,เล่มที่ 4,Kim Kang-hwa,165.00,2,5,B-05,ว่าง (อยู่บนชั้น)
B560205003,B560205003-C05,คุกกี้รัน เอาชีวิตรอด เล่ม 3,เล่มที่ 5,Kim Kang-hwa,165.00,2,5,B-05,ว่าง (อยู่บนชั้น)
B560205004,B560205004-C01,คุกกี้รัน เอาชีวิตรอด เล่ม 4,เล่มที่ 1,Kim Kang-hwa,165.00,2,5,B-05,ว่าง (อยู่บนชั้น)
B560205004,B560205004-C02,คุกกี้รัน เอาชีวิตรอด เล่ม 4,เล่มที่ 2,Kim Kang-hwa,165.00,2,5,B-05,ว่าง (อยู่บนชั้น)
B560205004,B560205004-C03,คุกกี้รัน เอาชีวิตรอด เล่ม 4,เล่มที่ 3,Kim Kang-hwa,165.00,2,5,B-05,ว่าง (อยู่บนชั้น)
B560205004,B560205004-C04,คุกกี้รัน เอาชีวิตรอด เล่ม 4,เล่มที่ 4,Kim Kang-hwa,165.00,2,5,B-05,ว่าง (อยู่บนชั้น)
B560205004,B560205004-C05,คุกกี้รัน เอาชีวิตรอด เล่ม 4,เล่มที่ 5,Kim Kang-hwa,165.00,2,5,B-05,ว่าง (อยู่บนชั้น)
B560205005,B560205005-C01,คุกกี้รัน เอาชีวิตรอด เล่ม 5,เล่มที่ 1,Kim Kang-hwa,165.00,2,5,B-05,ว่าง (อยู่บนชั้น)
B560205005,B560205005-C02,คุกกี้รัน เอาชีวิตรอด เล่ม 5,เล่มที่ 2,Kim Kang-hwa,165.00,2,5,B-05,ว่าง (อยู่บนชั้น)
B560205005,B560205005-C03,คุกกี้รัน เอาชีวิตรอด เล่ม 5,เล่มที่ 3,Kim Kang-hwa,165.00,2,5,B-05,ว่าง (อยู่บนชั้น)
B560205005,B560205005-C04,คุกกี้รัน เอาชีวิตรอด เล่ม 5,เล่มที่ 4,Kim Kang-hwa,165.00,2,5,B-05,ว่าง (อยู่บนชั้น)
B560205005,B560205005-C05,คุกกี้รัน เอาชีวิตรอด เล่ม 5,เล่มที่ 5,Kim Kang-hwa,165.00,2,5,B-05,ว่าง (อยู่บนชั้น)
B560205006,B560205006-C01,คุกกี้รัน เอาชีวิตรอด เล่ม 6,เล่มที่ 1,Kim Kang-hwa,165.00,2,5,B-05,ว่าง (อยู่บนชั้น)
B560205006,B560205006-C02,คุกกี้รัน เอาชีวิตรอด เล่ม 6,เล่มที่ 2,Kim Kang-hwa,165.00,2,5,B-05,ว่าง (อยู่บนชั้น)
B560205006,B560205006-C03,คุกกี้รัน เอาชีวิตรอด เล่ม 6,เล่มที่ 3,Kim Kang-hwa,165.00,2,5,B-05,ว่าง (อยู่บนชั้น)
B560205006,B560205006-C04,คุกกี้รัน เอาชีวิตรอด เล่ม 6,เล่มที่ 4,Kim Kang-hwa,165.00,2,5,B-05,ว่าง (อยู่บนชั้น)
B560205006,B560205006-C05,คุกกี้รัน เอาชีวิตรอด เล่ม 6,เล่มที่ 5,Kim Kang-hwa,165.00,2,5,B-05,ว่าง (อยู่บนชั้น)
B560205007,B560205007-C01,คุกกี้รัน เอาชีวิตรอด เล่ม 7,เล่มที่ 1,Kim Kang-hwa,165.00,2,5,B-05,ว่าง (อยู่บนชั้น)
B560205007,B560205007-C02,คุกกี้รัน เอาชีวิตรอด เล่ม 7,เล่มที่ 2,Kim Kang-hwa,165.00,2,5,B-05,ว่าง (อยู่บนชั้น)
B560205007,B560205007-C03,คุกกี้รัน เอาชีวิตรอด เล่ม 7,เล่มที่ 3,Kim Kang-hwa,165.00,2,5,B-05,ว่าง (อยู่บนชั้น)
B560205007,B560205007-C04,คุกกี้รัน เอาชีวิตรอด เล่ม 7,เล่มที่ 4,Kim Kang-hwa,165.00,2,5,B-05,ว่าง (อยู่บนชั้น)
B560205007,B560205007-C05,คุกกี้รัน เอาชีวิตรอด เล่ม 7,เล่มที่ 5,Kim Kang-hwa,165.00,2,5,B-05,ว่าง (อยู่บนชั้น)
B560205008,B560205008-C01,คุกกี้รัน เอาชีวิตรอด เล่ม 8,เล่มที่ 1,Kim Kang-hwa,165.00,2,5,B-05,ว่าง (อยู่บนชั้น)
B560205008,B560205008-C02,คุกกี้รัน เอาชีวิตรอด เล่ม 8,เล่มที่ 2,Kim Kang-hwa,165.00,2,5,B-05,ว่าง (อยู่บนชั้น)
B560205008,B560205008-C03,คุกกี้รัน เอาชีวิตรอด เล่ม 8,เล่มที่ 3,Kim Kang-hwa,165.00,2,5,B-05,ว่าง (อยู่บนชั้น)
B560205008,B560205008-C04,คุกกี้รัน เอาชีวิตรอด เล่ม 8,เล่มที่ 4,Kim Kang-hwa,165.00,2,5,B-05,ว่าง (อยู่บนชั้น)
B560205008,B560205008-C05,คุกกี้รัน เอาชีวิตรอด เล่ม 8,เล่มที่ 5,Kim Kang-hwa,165.00,2,5,B-05,ว่าง (อยู่บนชั้น)
B560205009,B560205009-C01,คุกกี้รัน เอาชีวิตรอด เล่ม 9,เล่มที่ 1,Kim Kang-hwa,165.00,2,5,B-05,ว่าง (อยู่บนชั้น)
B560205009,B560205009-C02,คุกกี้รัน เอาชีวิตรอด เล่ม 9,เล่มที่ 2,Kim Kang-hwa,165.00,2,5,B-05,ว่าง (อยู่บนชั้น)
B560205009,B560205009-C03,คุกกี้รัน เอาชีวิตรอด เล่ม 9,เล่มที่ 3,Kim Kang-hwa,165.00,2,5,B-05,ว่าง (อยู่บนชั้น)
B560205009,B560205009-C04,คุกกี้รัน เอาชีวิตรอด เล่ม 9,เล่มที่ 4,Kim Kang-hwa,165.00,2,5,B-05,ว่าง (อยู่บนชั้น)
B560205009,B560205009-C05,คุกกี้รัน เอาชีวิตรอด เล่ม 9,เล่มที่ 5,Kim Kang-hwa,165.00,2,5,B-05,ว่าง (อยู่บนชั้น)
B560205010,B560205010-C01,คุกกี้รัน เอาชีวิตรอด เล่ม 10,เล่มที่ 1,Kim Kang-hwa,165.00,2,5,B-05,ว่าง (อยู่บนชั้น)
B560205010,B560205010-C02,คุกกี้รัน เอาชีวิตรอด เล่ม 10,เล่มที่ 2,Kim Kang-hwa,165.00,2,5,B-05,ว่าง (อยู่บนชั้น)
B560205010,B560205010-C03,คุกกี้รัน เอาชีวิตรอด เล่ม 10,เล่มที่ 3,Kim Kang-hwa,165.00,2,5,B-05,ว่าง (อยู่บนชั้น)
B560205010,B560205010-C04,คุกกี้รัน เอาชีวิตรอด เล่ม 10,เล่มที่ 4,Kim Kang-hwa,165.00,2,5,B-05,ว่าง (อยู่บนชั้น)
B560205010,B560205010-C05,คุกกี้รัน เอาชีวิตรอด เล่ม 10,เล่มที่ 5,Kim Kang-hwa,165.00,2,5,B-05,ว่าง (อยู่บนชั้น)
B560205011,B560205011-C01,คุกกี้รัน เอาชีวิตรอด เล่ม 11,เล่มที่ 1,Kim Kang-hwa,165.00,2,5,B-05,ว่าง (อยู่บนชั้น)
B560205011,B560205011-C02,คุกกี้รัน เอาชีวิตรอด เล่ม 11,เล่มที่ 2,Kim Kang-hwa,165.00,2,5,B-05,ว่าง (อยู่บนชั้น)
B560205011,B560205011-C03,คุกกี้รัน เอาชีวิตรอด เล่ม 11,เล่มที่ 3,Kim Kang-hwa,165.00,2,5,B-05,ว่าง (อยู่บนชั้น)
B560205011,B560205011-C04,คุกกี้รัน เอาชีวิตรอด เล่ม 11,เล่มที่ 4,Kim Kang-hwa,165.00,2,5,B-05,ว่าง (อยู่บนชั้น)
B560205011,B560205011-C05,คุกกี้รัน เอาชีวิตรอด เล่ม 11,เล่มที่ 5,Kim Kang-hwa,165.00,2,5,B-05,ว่าง (อยู่บนชั้น)
B560205012,B560205012-C01,คุกกี้รัน เอาชีวิตรอด เล่ม 12,เล่มที่ 1,Kim Kang-hwa,165.00,2,5,B-05,ว่าง (อยู่บนชั้น)
B560205012,B560205012-C02,คุกกี้รัน เอาชีวิตรอด เล่ม 12,เล่มที่ 2,Kim Kang-hwa,165.00,2,5,B-05,ว่าง (อยู่บนชั้น)
B560205012,B560205012-C03,คุกกี้รัน เอาชีวิตรอด เล่ม 12,เล่มที่ 3,Kim Kang-hwa,165.00,2,5,B-05,ว่าง (อยู่บนชั้น)
B560205012,B560205012-C04,คุกกี้รัน เอาชีวิตรอด เล่ม 12,เล่มที่ 4,Kim Kang-hwa,165.00,2,5,B-05,ว่าง (อยู่บนชั้น)
B560205012,B560205012-C05,คุกกี้รัน เอาชีวิตรอด เล่ม 12,เล่มที่ 5,Kim Kang-hwa,165.00,2,5,B-05,ว่าง (อยู่บนชั้น)
B560205013,B560205013-C01,คุกกี้รัน เอาชีวิตรอด เล่ม 13,เล่มที่ 1,Kim Kang-hwa,165.00,2,5,B-05,ว่าง (อยู่บนชั้น)
B560205013,B560205013-C02,คุกกี้รัน เอาชีวิตรอด เล่ม 13,เล่มที่ 2,Kim Kang-hwa,165.00,2,5,B-05,ว่าง (อยู่บนชั้น)
B560205013,B560205013-C03,คุกกี้รัน เอาชีวิตรอด เล่ม 13,เล่มที่ 3,Kim Kang-hwa,165.00,2,5,B-05,ว่าง (อยู่บนชั้น)
B560205013,B560205013-C04,คุกกี้รัน เอาชีวิตรอด เล่ม 13,เล่มที่ 4,Kim Kang-hwa,165.00,2,5,B-05,ว่าง (อยู่บนชั้น)
B560205013,B560205013-C05,คุกกี้รัน เอาชีวิตรอด เล่ม 13,เล่มที่ 5,Kim Kang-hwa,165.00,2,5,B-05,ว่าง (อยู่บนชั้น)
B560205014,B560205014-C01,คุกกี้รัน เอาชีวิตรอด เล่ม 14,เล่มที่ 1,Kim Kang-hwa,165.00,2,5,B-05,ว่าง (อยู่บนชั้น)
B560205014,B560205014-C02,คุกกี้รัน เอาชีวิตรอด เล่ม 14,เล่มที่ 2,Kim Kang-hwa,165.00,2,5,B-05,ว่าง (อยู่บนชั้น)
B560205014,B560205014-C03,คุกกี้รัน เอาชีวิตรอด เล่ม 14,เล่มที่ 3,Kim Kang-hwa,165.00,2,5,B-05,ว่าง (อยู่บนชั้น)
B560205014,B560205014-C04,คุกกี้รัน เอาชีวิตรอด เล่ม 14,เล่มที่ 4,Kim Kang-hwa,165.00,2,5,B-05,ว่าง (อยู่บนชั้น)
B560205014,B560205014-C05,คุกกี้รัน เอาชีวิตรอด เล่ม 14,เล่มที่ 5,Kim Kang-hwa,165.00,2,5,B-05,ว่าง (อยู่บนชั้น)
B560205015,B560205015-C01,คุกกี้รัน เอาชีวิตรอด เล่ม 15,เล่มที่ 1,Kim Kang-hwa,165.00,2,5,B-05,ว่าง (อยู่บนชั้น)
B560205015,B560205015-C02,คุกกี้รัน เอาชีวิตรอด เล่ม 15,เล่มที่ 2,Kim Kang-hwa,165.00,2,5,B-05,ว่าง (อยู่บนชั้น)
B560205015,B560205015-C03,คุกกี้รัน เอาชีวิตรอด เล่ม 15,เล่มที่ 3,Kim Kang-hwa,165.00,2,5,B-05,ว่าง (อยู่บนชั้น)
B560205015,B560205015-C04,คุกกี้รัน เอาชีวิตรอด เล่ม 15,เล่มที่ 4,Kim Kang-hwa,165.00,2,5,B-05,ว่าง (อยู่บนชั้น)
B560205015,B560205015-C05,คุกกี้รัน เอาชีวิตรอด เล่ม 15,เล่มที่ 5,Kim Kang-hwa,165.00,2,5,B-05,ว่าง (อยู่บนชั้น)
B560205016,B560205016-C01,คุกกี้รัน เอาชีวิตรอด เล่ม 16,เล่มที่ 1,Kim Kang-hwa,165.00,2,5,B-05,ว่าง (อยู่บนชั้น)
B560205016,B560205016-C02,คุกกี้รัน เอาชีวิตรอด เล่ม 16,เล่มที่ 2,Kim Kang-hwa,165.00,2,5,B-05,ว่าง (อยู่บนชั้น)
B560205016,B560205016-C03,คุกกี้รัน เอาชีวิตรอด เล่ม 16,เล่มที่ 3,Kim Kang-hwa,165.00,2,5,B-05,ว่าง (อยู่บนชั้น)
B560205016,B560205016-C04,คุกกี้รัน เอาชีวิตรอด เล่ม 16,เล่มที่ 4,Kim Kang-hwa,165.00,2,5,B-05,ว่าง (อยู่บนชั้น)
B560205016,B560205016-C05,คุกกี้รัน เอาชีวิตรอด เล่ม 16,เล่มที่ 5,Kim Kang-hwa,165.00,2,5,B-05,ว่าง (อยู่บนชั้น)
B560205017,B560205017-C01,คุกกี้รัน เอาชีวิตรอด เล่ม 17,เล่มที่ 1,Kim Kang-hwa,165.00,2,5,B-05,ว่าง (อยู่บนชั้น)
B560205017,B560205017-C02,คุกกี้รัน เอาชีวิตรอด เล่ม 17,เล่มที่ 2,Kim Kang-hwa,165.00,2,5,B-05,ว่าง (อยู่บนชั้น)
B560205017,B560205017-C03,คุกกี้รัน เอาชีวิตรอด เล่ม 17,เล่มที่ 3,Kim Kang-hwa,165.00,2,5,B-05,ว่าง (อยู่บนชั้น)
B560205017,B560205017-C04,คุกกี้รัน เอาชีวิตรอด เล่ม 17,เล่มที่ 4,Kim Kang-hwa,165.00,2,5,B-05,ว่าง (อยู่บนชั้น)
B560205017,B560205017-C05,คุกกี้รัน เอาชีวิตรอด เล่ม 17,เล่มที่ 5,Kim Kang-hwa,165.00,2,5,B-05,ว่าง (อยู่บนชั้น)
B560205018,B560205018-C01,คุกกี้รัน เอาชีวิตรอด เล่ม 18,เล่มที่ 1,Kim Kang-hwa,165.00,2,5,B-05,ว่าง (อยู่บนชั้น)
B560205018,B560205018-C02,คุกกี้รัน เอาชีวิตรอด เล่ม 18,เล่มที่ 2,Kim Kang-hwa,165.00,2,5,B-05,ว่าง (อยู่บนชั้น)
B560205018,B560205018-C03,คุกกี้รัน เอาชีวิตรอด เล่ม 18,เล่มที่ 3,Kim Kang-hwa,165.00,2,5,B-05,ว่าง (อยู่บนชั้น)
B560205018,B560205018-C04,คุกกี้รัน เอาชีวิตรอด เล่ม 18,เล่มที่ 4,Kim Kang-hwa,165.00,2,5,B-05,ว่าง (อยู่บนชั้น)
B560205018,B560205018-C05,คุกกี้รัน เอาชีวิตรอด เล่ม 18,เล่มที่ 5,Kim Kang-hwa,165.00,2,5,B-05,ว่าง (อยู่บนชั้น)
B560205019,B560205019-C01,คุกกี้รัน เอาชีวิตรอด เล่ม 19,เล่มที่ 1,Kim Kang-hwa,165.00,2,5,B-05,ว่าง (อยู่บนชั้น)
B560205019,B560205019-C02,คุกกี้รัน เอาชีวิตรอด เล่ม 19,เล่มที่ 2,Kim Kang-hwa,165.00,2,5,B-05,ว่าง (อยู่บนชั้น)
B560205019,B560205019-C03,คุกกี้รัน เอาชีวิตรอด เล่ม 19,เล่มที่ 3,Kim Kang-hwa,165.00,2,5,B-05,ว่าง (อยู่บนชั้น)
B560205019,B560205019-C04,คุกกี้รัน เอาชีวิตรอด เล่ม 19,เล่มที่ 4,Kim Kang-hwa,165.00,2,5,B-05,ว่าง (อยู่บนชั้น)
B560205019,B560205019-C05,คุกกี้รัน เอาชีวิตรอด เล่ม 19,เล่มที่ 5,Kim Kang-hwa,165.00,2,5,B-05,ว่าง (อยู่บนชั้น)
B560205020,B560205020-C01,คุกกี้รัน เอาชีวิตรอด เล่ม 20,เล่มที่ 1,Kim Kang-hwa,165.00,2,5,B-05,ว่าง (อยู่บนชั้น)
B560205020,B560205020-C02,คุกกี้รัน เอาชีวิตรอด เล่ม 20,เล่มที่ 2,Kim Kang-hwa,165.00,2,5,B-05,ว่าง (อยู่บนชั้น)
B560205020,B560205020-C03,คุกกี้รัน เอาชีวิตรอด เล่ม 20,เล่มที่ 3,Kim Kang-hwa,165.00,2,5,B-05,ว่าง (อยู่บนชั้น)
B560205020,B560205020-C04,คุกกี้รัน เอาชีวิตรอด เล่ม 20,เล่มที่ 4,Kim Kang-hwa,165.00,2,5,B-05,ว่าง (อยู่บนชั้น)
B560205020,B560205020-C05,คุกกี้รัน เอาชีวิตรอด เล่ม 20,เล่มที่ 5,Kim Kang-hwa,165.00,2,5,B-05,ว่าง (อยู่บนชั้น)
B560205021,B560205021-C01,คุกกี้รัน เอาชีวิตรอด เล่ม 21,เล่มที่ 1,Kim Kang-hwa,165.00,2,5,B-05,ว่าง (อยู่บนชั้น)
B560205021,B560205021-C02,คุกกี้รัน เอาชีวิตรอด เล่ม 21,เล่มที่ 2,Kim Kang-hwa,165.00,2,5,B-05,ว่าง (อยู่บนชั้น)
B560205021,B560205021-C03,คุกกี้รัน เอาชีวิตรอด เล่ม 21,เล่มที่ 3,Kim Kang-hwa,165.00,2,5,B-05,ว่าง (อยู่บนชั้น)
B560205021,B560205021-C04,คุกกี้รัน เอาชีวิตรอด เล่ม 21,เล่มที่ 4,Kim Kang-hwa,165.00,2,5,B-05,ว่าง (อยู่บนชั้น)
B560205021,B560205021-C05,คุกกี้รัน เอาชีวิตรอด เล่ม 21,เล่มที่ 5,Kim Kang-hwa,165.00,2,5,B-05,ว่าง (อยู่บนชั้น)
B560205022,B560205022-C01,คุกกี้รัน เอาชีวิตรอด เล่ม 22,เล่มที่ 1,Kim Kang-hwa,165.00,2,5,B-05,ว่าง (อยู่บนชั้น)
B560205022,B560205022-C02,คุกกี้รัน เอาชีวิตรอด เล่ม 22,เล่มที่ 2,Kim Kang-hwa,165.00,2,5,B-05,ว่าง (อยู่บนชั้น)
B560205022,B560205022-C03,คุกกี้รัน เอาชีวิตรอด เล่ม 22,เล่มที่ 3,Kim Kang-hwa,165.00,2,5,B-05,ว่าง (อยู่บนชั้น)
B560205022,B560205022-C04,คุกกี้รัน เอาชีวิตรอด เล่ม 22,เล่มที่ 4,Kim Kang-hwa,165.00,2,5,B-05,ว่าง (อยู่บนชั้น)
B560205022,B560205022-C05,คุกกี้รัน เอาชีวิตรอด เล่ม 22,เล่มที่ 5,Kim Kang-hwa,165.00,2,5,B-05,ว่าง (อยู่บนชั้น)
B560205023,B560205023-C01,คุกกี้รัน เอาชีวิตรอด เล่ม 23,เล่มที่ 1,Kim Kang-hwa,165.00,2,5,B-05,ว่าง (อยู่บนชั้น)
B560205023,B560205023-C02,คุกกี้รัน เอาชีวิตรอด เล่ม 23,เล่มที่ 2,Kim Kang-hwa,165.00,2,5,B-05,ว่าง (อยู่บนชั้น)
B560205023,B560205023-C03,คุกกี้รัน เอาชีวิตรอด เล่ม 23,เล่มที่ 3,Kim Kang-hwa,165.00,2,5,B-05,ว่าง (อยู่บนชั้น)
B560205023,B560205023-C04,คุกกี้รัน เอาชีวิตรอด เล่ม 23,เล่มที่ 4,Kim Kang-hwa,165.00,2,5,B-05,ว่าง (อยู่บนชั้น)
B560205023,B560205023-C05,คุกกี้รัน เอาชีวิตรอด เล่ม 23,เล่มที่ 5,Kim Kang-hwa,165.00,2,5,B-05,ว่าง (อยู่บนชั้น)
B560205024,B560205024-C01,คุกกี้รัน เอาชีวิตรอด เล่ม 24,เล่มที่ 1,Kim Kang-hwa,165.00,2,5,B-05,ว่าง (อยู่บนชั้น)
B560205024,B560205024-C02,คุกกี้รัน เอาชีวิตรอด เล่ม 24,เล่มที่ 2,Kim Kang-hwa,165.00,2,5,B-05,ว่าง (อยู่บนชั้น)
B560205024,B560205024-C03,คุกกี้รัน เอาชีวิตรอด เล่ม 24,เล่มที่ 3,Kim Kang-hwa,165.00,2,5,B-05,ว่าง (อยู่บนชั้น)
B560205024,B560205024-C04,คุกกี้รัน เอาชีวิตรอด เล่ม 24,เล่มที่ 4,Kim Kang-hwa,165.00,2,5,B-05,ว่าง (อยู่บนชั้น)
B560205024,B560205024-C05,คุกกี้รัน เอาชีวิตรอด เล่ม 24,เล่มที่ 5,Kim Kang-hwa,165.00,2,5,B-05,ว่าง (อยู่บนชั้น)
B560205025,B560205025-C01,คุกกี้รัน เอาชีวิตรอด เล่ม 25,เล่มที่ 1,Kim Kang-hwa,165.00,2,5,B-05,ว่าง (อยู่บนชั้น)
B560205025,B560205025-C02,คุกกี้รัน เอาชีวิตรอด เล่ม 25,เล่มที่ 2,Kim Kang-hwa,165.00,2,5,B-05,ว่าง (อยู่บนชั้น)
B560205025,B560205025-C03,คุกกี้รัน เอาชีวิตรอด เล่ม 25,เล่มที่ 3,Kim Kang-hwa,165.00,2,5,B-05,ว่าง (อยู่บนชั้น)
B560205025,B560205025-C04,คุกกี้รัน เอาชีวิตรอด เล่ม 25,เล่มที่ 4,Kim Kang-hwa,165.00,2,5,B-05,ว่าง (อยู่บนชั้น)
B560205025,B560205025-C05,คุกกี้รัน เอาชีวิตรอด เล่ม 25,เล่มที่ 5,Kim Kang-hwa,165.00,2,5,B-05,ว่าง (อยู่บนชั้น)
B560205026,B560205026-C01,คุกกี้รัน เอาชีวิตรอด เล่ม 26,เล่มที่ 1,Kim Kang-hwa,165.00,2,5,B-05,ว่าง (อยู่บนชั้น)
B560205026,B560205026-C02,คุกกี้รัน เอาชีวิตรอด เล่ม 26,เล่มที่ 2,Kim Kang-hwa,165.00,2,5,B-05,ว่าง (อยู่บนชั้น)
B560205026,B560205026-C03,คุกกี้รัน เอาชีวิตรอด เล่ม 26,เล่มที่ 3,Kim Kang-hwa,165.00,2,5,B-05,ว่าง (อยู่บนชั้น)
B560205026,B560205026-C04,คุกกี้รัน เอาชีวิตรอด เล่ม 26,เล่มที่ 4,Kim Kang-hwa,165.00,2,5,B-05,ว่าง (อยู่บนชั้น)
B560205026,B560205026-C05,คุกกี้รัน เอาชีวิตรอด เล่ม 26,เล่มที่ 5,Kim Kang-hwa,165.00,2,5,B-05,ว่าง (อยู่บนชั้น)
B560205027,B560205027-C01,คุกกี้รัน เอาชีวิตรอด เล่ม 27,เล่มที่ 1,Kim Kang-hwa,165.00,2,5,B-05,ว่าง (อยู่บนชั้น)
B560205027,B560205027-C02,คุกกี้รัน เอาชีวิตรอด เล่ม 27,เล่มที่ 2,Kim Kang-hwa,165.00,2,5,B-05,ว่าง (อยู่บนชั้น)
B560205027,B560205027-C03,คุกกี้รัน เอาชีวิตรอด เล่ม 27,เล่มที่ 3,Kim Kang-hwa,165.00,2,5,B-05,ว่าง (อยู่บนชั้น)
B560205027,B560205027-C04,คุกกี้รัน เอาชีวิตรอด เล่ม 27,เล่มที่ 4,Kim Kang-hwa,165.00,2,5,B-05,ว่าง (อยู่บนชั้น)
B560205027,B560205027-C05,คุกกี้รัน เอาชีวิตรอด เล่ม 27,เล่มที่ 5,Kim Kang-hwa,165.00,2,5,B-05,ว่าง (อยู่บนชั้น)
B560205028,B560205028-C01,คุกกี้รัน เอาชีวิตรอด เล่ม 28,เล่มที่ 1,Kim Kang-hwa,165.00,2,5,B-05,ว่าง (อยู่บนชั้น)
B560205028,B560205028-C02,คุกกี้รัน เอาชีวิตรอด เล่ม 28,เล่มที่ 2,Kim Kang-hwa,165.00,2,5,B-05,ว่าง (อยู่บนชั้น)
B560205028,B560205028-C03,คุกกี้รัน เอาชีวิตรอด เล่ม 28,เล่มที่ 3,Kim Kang-hwa,165.00,2,5,B-05,ว่าง (อยู่บนชั้น)
B560205028,B560205028-C04,คุกกี้รัน เอาชีวิตรอด เล่ม 28,เล่มที่ 4,Kim Kang-hwa,165.00,2,5,B-05,ว่าง (อยู่บนชั้น)
B560205028,B560205028-C05,คุกกี้รัน เอาชีวิตรอด เล่ม 28,เล่มที่ 5,Kim Kang-hwa,165.00,2,5,B-05,ว่าง (อยู่บนชั้น)
B560205029,B560205029-C01,คุกกี้รัน เอาชีวิตรอด เล่ม 29,เล่มที่ 1,Kim Kang-hwa,165.00,2,5,B-05,ว่าง (อยู่บนชั้น)
B560205029,B560205029-C02,คุกกี้รัน เอาชีวิตรอด เล่ม 29,เล่มที่ 2,Kim Kang-hwa,165.00,2,5,B-05,ว่าง (อยู่บนชั้น)
B560205029,B560205029-C03,คุกกี้รัน เอาชีวิตรอด เล่ม 29,เล่มที่ 3,Kim Kang-hwa,165.00,2,5,B-05,ว่าง (อยู่บนชั้น)
B560205029,B560205029-C04,คุกกี้รัน เอาชีวิตรอด เล่ม 29,เล่มที่ 4,Kim Kang-hwa,165.00,2,5,B-05,ว่าง (อยู่บนชั้น)
B560205029,B560205029-C05,คุกกี้รัน เอาชีวิตรอด เล่ม 29,เล่มที่ 5,Kim Kang-hwa,165.00,2,5,B-05,ว่าง (อยู่บนชั้น)
B560205030,B560205030-C01,คุกกี้รัน เอาชีวิตรอด เล่ม 30,เล่มที่ 1,Kim Kang-hwa,165.00,2,5,B-05,ว่าง (อยู่บนชั้น)
B560205030,B560205030-C02,คุกกี้รัน เอาชีวิตรอด เล่ม 30,เล่มที่ 2,Kim Kang-hwa,165.00,2,5,B-05,ว่าง (อยู่บนชั้น)
B560205030,B560205030-C03,คุกกี้รัน เอาชีวิตรอด เล่ม 30,เล่มที่ 3,Kim Kang-hwa,165.00,2,5,B-05,ว่าง (อยู่บนชั้น)
B560205030,B560205030-C04,คุกกี้รัน เอาชีวิตรอด เล่ม 30,เล่มที่ 4,Kim Kang-hwa,165.00,2,5,B-05,ว่าง (อยู่บนชั้น)
B560205030,B560205030-C05,คุกกี้รัน เอาชีวิตรอด เล่ม 30,เล่มที่ 5,Kim Kang-hwa,165.00,2,5,B-05,ว่าง (อยู่บนชั้น)
B560205031,B560205031-C01,คุกกี้รัน เอาชีวิตรอด เล่ม 31,เล่มที่ 1,Kim Kang-hwa,165.00,2,5,B-05,ว่าง (อยู่บนชั้น)
B560205031,B560205031-C02,คุกกี้รัน เอาชีวิตรอด เล่ม 31,เล่มที่ 2,Kim Kang-hwa,165.00,2,5,B-05,ว่าง (อยู่บนชั้น)
B560205031,B560205031-C03,คุกกี้รัน เอาชีวิตรอด เล่ม 31,เล่มที่ 3,Kim Kang-hwa,165.00,2,5,B-05,ว่าง (อยู่บนชั้น)
B560205031,B560205031-C04,คุกกี้รัน เอาชีวิตรอด เล่ม 31,เล่มที่ 4,Kim Kang-hwa,165.00,2,5,B-05,ว่าง (อยู่บนชั้น)
B560205031,B560205031-C05,คุกกี้รัน เอาชีวิตรอด เล่ม 31,เล่มที่ 5,Kim Kang-hwa,165.00,2,5,B-05,ว่าง (อยู่บนชั้น)
B560205032,B560205032-C01,คุกกี้รัน เอาชีวิตรอด เล่ม 32,เล่มที่ 1,Kim Kang-hwa,165.00,2,5,B-05,ว่าง (อยู่บนชั้น)
B560205032,B560205032-C02,คุกกี้รัน เอาชีวิตรอด เล่ม 32,เล่มที่ 2,Kim Kang-hwa,165.00,2,5,B-05,ว่าง (อยู่บนชั้น)
B560205032,B560205032-C03,คุกกี้รัน เอาชีวิตรอด เล่ม 32,เล่มที่ 3,Kim Kang-hwa,165.00,2,5,B-05,ว่าง (อยู่บนชั้น)
B560205032,B560205032-C04,คุกกี้รัน เอาชีวิตรอด เล่ม 32,เล่มที่ 4,Kim Kang-hwa,165.00,2,5,B-05,ว่าง (อยู่บนชั้น)
B560205032,B560205032-C05,คุกกี้รัน เอาชีวิตรอด เล่ม 32,เล่มที่ 5,Kim Kang-hwa,165.00,2,5,B-05,ว่าง (อยู่บนชั้น)
B560205033,B560205033-C01,คุกกี้รัน เอาชีวิตรอด เล่ม 33,เล่มที่ 1,Kim Kang-hwa,165.00,2,5,B-05,ว่าง (อยู่บนชั้น)
B560205033,B560205033-C02,คุกกี้รัน เอาชีวิตรอด เล่ม 33,เล่มที่ 2,Kim Kang-hwa,165.00,2,5,B-05,ว่าง (อยู่บนชั้น)
B560205033,B560205033-C03,คุกกี้รัน เอาชีวิตรอด เล่ม 33,เล่มที่ 3,Kim Kang-hwa,165.00,2,5,B-05,ว่าง (อยู่บนชั้น)
B560205033,B560205033-C04,คุกกี้รัน เอาชีวิตรอด เล่ม 33,เล่มที่ 4,Kim Kang-hwa,165.00,2,5,B-05,ว่าง (อยู่บนชั้น)
B560205033,B560205033-C05,คุกกี้รัน เอาชีวิตรอด เล่ม 33,เล่มที่ 5,Kim Kang-hwa,165.00,2,5,B-05,ว่าง (อยู่บนชั้น)
B560205034,B560205034-C01,คุกกี้รัน เอาชีวิตรอด เล่ม 34,เล่มที่ 1,Kim Kang-hwa,165.00,2,5,B-05,ว่าง (อยู่บนชั้น)
B560205034,B560205034-C02,คุกกี้รัน เอาชีวิตรอด เล่ม 34,เล่มที่ 2,Kim Kang-hwa,165.00,2,5,B-05,ว่าง (อยู่บนชั้น)
B560205034,B560205034-C03,คุกกี้รัน เอาชีวิตรอด เล่ม 34,เล่มที่ 3,Kim Kang-hwa,165.00,2,5,B-05,ว่าง (อยู่บนชั้น)
B560205034,B560205034-C04,คุกกี้รัน เอาชีวิตรอด เล่ม 34,เล่มที่ 4,Kim Kang-hwa,165.00,2,5,B-05,ว่าง (อยู่บนชั้น)
B560205034,B560205034-C05,คุกกี้รัน เอาชีวิตรอด เล่ม 34,เล่มที่ 5,Kim Kang-hwa,165.00,2,5,B-05,ว่าง (อยู่บนชั้น)
B560205035,B560205035-C01,คุกกี้รัน เอาชีวิตรอด เล่ม 35,เล่มที่ 1,Kim Kang-hwa,165.00,2,5,B-05,ว่าง (อยู่บนชั้น)
B560205035,B560205035-C02,คุกกี้รัน เอาชีวิตรอด เล่ม 35,เล่มที่ 2,Kim Kang-hwa,165.00,2,5,B-05,ว่าง (อยู่บนชั้น)
B560205035,B560205035-C03,คุกกี้รัน เอาชีวิตรอด เล่ม 35,เล่มที่ 3,Kim Kang-hwa,165.00,2,5,B-05,ว่าง (อยู่บนชั้น)
B560205035,B560205035-C04,คุกกี้รัน เอาชีวิตรอด เล่ม 35,เล่มที่ 4,Kim Kang-hwa,165.00,2,5,B-05,ว่าง (อยู่บนชั้น)
B560205035,B560205035-C05,คุกกี้รัน เอาชีวิตรอด เล่ม 35,เล่มที่ 5,Kim Kang-hwa,165.00,2,5,B-05,ว่าง (อยู่บนชั้น)
B560205036,B560205036-C01,คุกกี้รัน เอาชีวิตรอด เล่ม 36,เล่มที่ 1,Kim Kang-hwa,165.00,2,5,B-05,ว่าง (อยู่บนชั้น)
B560205036,B560205036-C02,คุกกี้รัน เอาชีวิตรอด เล่ม 36,เล่มที่ 2,Kim Kang-hwa,165.00,2,5,B-05,ว่าง (อยู่บนชั้น)
B560205036,B560205036-C03,คุกกี้รัน เอาชีวิตรอด เล่ม 36,เล่มที่ 3,Kim Kang-hwa,165.00,2,5,B-05,ว่าง (อยู่บนชั้น)
B560205036,B560205036-C04,คุกกี้รัน เอาชีวิตรอด เล่ม 36,เล่มที่ 4,Kim Kang-hwa,165.00,2,5,B-05,ว่าง (อยู่บนชั้น)
B560205036,B560205036-C05,คุกกี้รัน เอาชีวิตรอด เล่ม 36,เล่มที่ 5,Kim Kang-hwa,165.00,2,5,B-05,ว่าง (อยู่บนชั้น)
B560205037,B560205037-C01,คุกกี้รัน เอาชีวิตรอด เล่ม 37,เล่มที่ 1,Kim Kang-hwa,165.00,2,5,B-05,ว่าง (อยู่บนชั้น)
B560205037,B560205037-C02,คุกกี้รัน เอาชีวิตรอด เล่ม 37,เล่มที่ 2,Kim Kang-hwa,165.00,2,5,B-05,ว่าง (อยู่บนชั้น)
B560205037,B560205037-C03,คุกกี้รัน เอาชีวิตรอด เล่ม 37,เล่มที่ 3,Kim Kang-hwa,165.00,2,5,B-05,ว่าง (อยู่บนชั้น)
B560205037,B560205037-C04,คุกกี้รัน เอาชีวิตรอด เล่ม 37,เล่มที่ 4,Kim Kang-hwa,165.00,2,5,B-05,ว่าง (อยู่บนชั้น)
B560205037,B560205037-C05,คุกกี้รัน เอาชีวิตรอด เล่ม 37,เล่มที่ 5,Kim Kang-hwa,165.00,2,5,B-05,ว่าง (อยู่บนชั้น)
B560205038,B560205038-C01,คุกกี้รัน เอาชีวิตรอด เล่ม 38,เล่มที่ 1,Kim Kang-hwa,165.00,2,5,B-05,ว่าง (อยู่บนชั้น)
B560205038,B560205038-C02,คุกกี้รัน เอาชีวิตรอด เล่ม 38,เล่มที่ 2,Kim Kang-hwa,165.00,2,5,B-05,ว่าง (อยู่บนชั้น)
B560205038,B560205038-C03,คุกกี้รัน เอาชีวิตรอด เล่ม 38,เล่มที่ 3,Kim Kang-hwa,165.00,2,5,B-05,ว่าง (อยู่บนชั้น)
B560205038,B560205038-C04,คุกกี้รัน เอาชีวิตรอด เล่ม 38,เล่มที่ 4,Kim Kang-hwa,165.00,2,5,B-05,ว่าง (อยู่บนชั้น)
B560205038,B560205038-C05,คุกกี้รัน เอาชีวิตรอด เล่ม 38,เล่มที่ 5,Kim Kang-hwa,165.00,2,5,B-05,ว่าง (อยู่บนชั้น)
B560205039,B560205039-C01,คุกกี้รัน เอาชีวิตรอด เล่ม 39,เล่มที่ 1,Kim Kang-hwa,165.00,2,5,B-05,ว่าง (อยู่บนชั้น)
B560205039,B560205039-C02,คุกกี้รัน เอาชีวิตรอด เล่ม 39,เล่มที่ 2,Kim Kang-hwa,165.00,2,5,B-05,ว่าง (อยู่บนชั้น)
B560205039,B560205039-C03,คุกกี้รัน เอาชีวิตรอด เล่ม 39,เล่มที่ 3,Kim Kang-hwa,165.00,2,5,B-05,ว่าง (อยู่บนชั้น)
B560205039,B560205039-C04,คุกกี้รัน เอาชีวิตรอด เล่ม 39,เล่มที่ 4,Kim Kang-hwa,165.00,2,5,B-05,ว่าง (อยู่บนชั้น)
B560205039,B560205039-C05,คุกกี้รัน เอาชีวิตรอด เล่ม 39,เล่มที่ 5,Kim Kang-hwa,165.00,2,5,B-05,ว่าง (อยู่บนชั้น)
B560205040,B560205040-C01,คุกกี้รัน เอาชีวิตรอด เล่ม 40,เล่มที่ 1,Kim Kang-hwa,165.00,2,5,B-05,ว่าง (อยู่บนชั้น)
B560205040,B560205040-C02,คุกกี้รัน เอาชีวิตรอด เล่ม 40,เล่มที่ 2,Kim Kang-hwa,165.00,2,5,B-05,ว่าง (อยู่บนชั้น)
B560205040,B560205040-C03,คุกกี้รัน เอาชีวิตรอด เล่ม 40,เล่มที่ 3,Kim Kang-hwa,165.00,2,5,B-05,ว่าง (อยู่บนชั้น)
B560205040,B560205040-C04,คุกกี้รัน เอาชีวิตรอด เล่ม 40,เล่มที่ 4,Kim Kang-hwa,165.00,2,5,B-05,ว่าง (อยู่บนชั้น)
B560205040,B560205040-C05,คุกกี้รัน เอาชีวิตรอด เล่ม 40,เล่มที่ 5,Kim Kang-hwa,165.00,2,5,B-05,ว่าง (อยู่บนชั้น)
B570205001,B570205001-C01,คุกกี้รัน ผจญภัย เล่ม 1,เล่มที่ 1,Song Do-soo,165.00,2,5,B-06,ว่าง (อยู่บนชั้น)
B570205001,B570205001-C02,คุกกี้รัน ผจญภัย เล่ม 1,เล่มที่ 2,Song Do-soo,165.00,2,5,B-06,ว่าง (อยู่บนชั้น)
B570205001,B570205001-C03,คุกกี้รัน ผจญภัย เล่ม 1,เล่มที่ 3,Song Do-soo,165.00,2,5,B-06,ว่าง (อยู่บนชั้น)
B570205001,B570205001-C04,คุกกี้รัน ผจญภัย เล่ม 1,เล่มที่ 4,Song Do-soo,165.00,2,5,B-06,ว่าง (อยู่บนชั้น)
B570205001,B570205001-C05,คุกกี้รัน ผจญภัย เล่ม 1,เล่มที่ 5,Song Do-soo,165.00,2,5,B-06,ว่าง (อยู่บนชั้น)
B570205002,B570205002-C01,คุกกี้รัน ผจญภัย เล่ม 2,เล่มที่ 1,Song Do-soo,165.00,2,5,B-06,ว่าง (อยู่บนชั้น)
B570205002,B570205002-C02,คุกกี้รัน ผจญภัย เล่ม 2,เล่มที่ 2,Song Do-soo,165.00,2,5,B-06,ว่าง (อยู่บนชั้น)
B570205002,B570205002-C03,คุกกี้รัน ผจญภัย เล่ม 2,เล่มที่ 3,Song Do-soo,165.00,2,5,B-06,ว่าง (อยู่บนชั้น)
B570205002,B570205002-C04,คุกกี้รัน ผจญภัย เล่ม 2,เล่มที่ 4,Song Do-soo,165.00,2,5,B-06,ว่าง (อยู่บนชั้น)
B570205002,B570205002-C05,คุกกี้รัน ผจญภัย เล่ม 2,เล่มที่ 5,Song Do-soo,165.00,2,5,B-06,ว่าง (อยู่บนชั้น)
B570205003,B570205003-C01,คุกกี้รัน ผจญภัย เล่ม 3,เล่มที่ 1,Song Do-soo,165.00,2,5,B-06,ว่าง (อยู่บนชั้น)
B570205003,B570205003-C02,คุกกี้รัน ผจญภัย เล่ม 3,เล่มที่ 2,Song Do-soo,165.00,2,5,B-06,ว่าง (อยู่บนชั้น)
B570205003,B570205003-C03,คุกกี้รัน ผจญภัย เล่ม 3,เล่มที่ 3,Song Do-soo,165.00,2,5,B-06,ว่าง (อยู่บนชั้น)
B570205003,B570205003-C04,คุกกี้รัน ผจญภัย เล่ม 3,เล่มที่ 4,Song Do-soo,165.00,2,5,B-06,ว่าง (อยู่บนชั้น)
B570205003,B570205003-C05,คุกกี้รัน ผจญภัย เล่ม 3,เล่มที่ 5,Song Do-soo,165.00,2,5,B-06,ว่าง (อยู่บนชั้น)
B570205004,B570205004-C01,คุกกี้รัน ผจญภัย เล่ม 4,เล่มที่ 1,Song Do-soo,165.00,2,5,B-06,ว่าง (อยู่บนชั้น)
B570205004,B570205004-C02,คุกกี้รัน ผจญภัย เล่ม 4,เล่มที่ 2,Song Do-soo,165.00,2,5,B-06,ว่าง (อยู่บนชั้น)
B570205004,B570205004-C03,คุกกี้รัน ผจญภัย เล่ม 4,เล่มที่ 3,Song Do-soo,165.00,2,5,B-06,ว่าง (อยู่บนชั้น)
B570205004,B570205004-C04,คุกกี้รัน ผจญภัย เล่ม 4,เล่มที่ 4,Song Do-soo,165.00,2,5,B-06,ว่าง (อยู่บนชั้น)
B570205004,B570205004-C05,คุกกี้รัน ผจญภัย เล่ม 4,เล่มที่ 5,Song Do-soo,165.00,2,5,B-06,ว่าง (อยู่บนชั้น)
B570205005,B570205005-C01,คุกกี้รัน ผจญภัย เล่ม 5,เล่มที่ 1,Song Do-soo,165.00,2,5,B-06,ว่าง (อยู่บนชั้น)
B570205005,B570205005-C02,คุกกี้รัน ผจญภัย เล่ม 5,เล่มที่ 2,Song Do-soo,165.00,2,5,B-06,ว่าง (อยู่บนชั้น)
B570205005,B570205005-C03,คุกกี้รัน ผจญภัย เล่ม 5,เล่มที่ 3,Song Do-soo,165.00,2,5,B-06,ว่าง (อยู่บนชั้น)
B570205005,B570205005-C04,คุกกี้รัน ผจญภัย เล่ม 5,เล่มที่ 4,Song Do-soo,165.00,2,5,B-06,ว่าง (อยู่บนชั้น)
B570205005,B570205005-C05,คุกกี้รัน ผจญภัย เล่ม 5,เล่มที่ 5,Song Do-soo,165.00,2,5,B-06,ว่าง (อยู่บนชั้น)
B570205006,B570205006-C01,คุกกี้รัน ผจญภัย เล่ม 6,เล่มที่ 1,Song Do-soo,165.00,2,5,B-06,ว่าง (อยู่บนชั้น)
B570205006,B570205006-C02,คุกกี้รัน ผจญภัย เล่ม 6,เล่มที่ 2,Song Do-soo,165.00,2,5,B-06,ว่าง (อยู่บนชั้น)
B570205006,B570205006-C03,คุกกี้รัน ผจญภัย เล่ม 6,เล่มที่ 3,Song Do-soo,165.00,2,5,B-06,ว่าง (อยู่บนชั้น)
B570205006,B570205006-C04,คุกกี้รัน ผจญภัย เล่ม 6,เล่มที่ 4,Song Do-soo,165.00,2,5,B-06,ว่าง (อยู่บนชั้น)
B570205006,B570205006-C05,คุกกี้รัน ผจญภัย เล่ม 6,เล่มที่ 5,Song Do-soo,165.00,2,5,B-06,ว่าง (อยู่บนชั้น)
B570205007,B570205007-C01,คุกกี้รัน ผจญภัย เล่ม 7,เล่มที่ 1,Song Do-soo,165.00,2,5,B-06,ว่าง (อยู่บนชั้น)
B570205007,B570205007-C02,คุกกี้รัน ผจญภัย เล่ม 7,เล่มที่ 2,Song Do-soo,165.00,2,5,B-06,ว่าง (อยู่บนชั้น)
B570205007,B570205007-C03,คุกกี้รัน ผจญภัย เล่ม 7,เล่มที่ 3,Song Do-soo,165.00,2,5,B-06,ว่าง (อยู่บนชั้น)
B570205007,B570205007-C04,คุกกี้รัน ผจญภัย เล่ม 7,เล่มที่ 4,Song Do-soo,165.00,2,5,B-06,ว่าง (อยู่บนชั้น)
B570205007,B570205007-C05,คุกกี้รัน ผจญภัย เล่ม 7,เล่มที่ 5,Song Do-soo,165.00,2,5,B-06,ว่าง (อยู่บนชั้น)
B570205008,B570205008-C01,คุกกี้รัน ผจญภัย เล่ม 8,เล่มที่ 1,Song Do-soo,165.00,2,5,B-06,ว่าง (อยู่บนชั้น)
B570205008,B570205008-C02,คุกกี้รัน ผจญภัย เล่ม 8,เล่มที่ 2,Song Do-soo,165.00,2,5,B-06,ว่าง (อยู่บนชั้น)
B570205008,B570205008-C03,คุกกี้รัน ผจญภัย เล่ม 8,เล่มที่ 3,Song Do-soo,165.00,2,5,B-06,ว่าง (อยู่บนชั้น)
B570205008,B570205008-C04,คุกกี้รัน ผจญภัย เล่ม 8,เล่มที่ 4,Song Do-soo,165.00,2,5,B-06,ว่าง (อยู่บนชั้น)
B570205008,B570205008-C05,คุกกี้รัน ผจญภัย เล่ม 8,เล่มที่ 5,Song Do-soo,165.00,2,5,B-06,ว่าง (อยู่บนชั้น)
B570205009,B570205009-C01,คุกกี้รัน ผจญภัย เล่ม 9,เล่มที่ 1,Song Do-soo,165.00,2,5,B-06,ว่าง (อยู่บนชั้น)
B570205009,B570205009-C02,คุกกี้รัน ผจญภัย เล่ม 9,เล่มที่ 2,Song Do-soo,165.00,2,5,B-06,ว่าง (อยู่บนชั้น)
B570205009,B570205009-C03,คุกกี้รัน ผจญภัย เล่ม 9,เล่มที่ 3,Song Do-soo,165.00,2,5,B-06,ว่าง (อยู่บนชั้น)
B570205009,B570205009-C04,คุกกี้รัน ผจญภัย เล่ม 9,เล่มที่ 4,Song Do-soo,165.00,2,5,B-06,ว่าง (อยู่บนชั้น)
B570205009,B570205009-C05,คุกกี้รัน ผจญภัย เล่ม 9,เล่มที่ 5,Song Do-soo,165.00,2,5,B-06,ว่าง (อยู่บนชั้น)
B570205010,B570205010-C01,คุกกี้รัน ผจญภัย เล่ม 10,เล่มที่ 1,Song Do-soo,165.00,2,5,B-06,ว่าง (อยู่บนชั้น)
B570205010,B570205010-C02,คุกกี้รัน ผจญภัย เล่ม 10,เล่มที่ 2,Song Do-soo,165.00,2,5,B-06,ว่าง (อยู่บนชั้น)
B570205010,B570205010-C03,คุกกี้รัน ผจญภัย เล่ม 10,เล่มที่ 3,Song Do-soo,165.00,2,5,B-06,ว่าง (อยู่บนชั้น)
B570205010,B570205010-C04,คุกกี้รัน ผจญภัย เล่ม 10,เล่มที่ 4,Song Do-soo,165.00,2,5,B-06,ว่าง (อยู่บนชั้น)
B570205010,B570205010-C05,คุกกี้รัน ผจญภัย เล่ม 10,เล่มที่ 5,Song Do-soo,165.00,2,5,B-06,ว่าง (อยู่บนชั้น)
B570205011,B570205011-C01,คุกกี้รัน ผจญภัย เล่ม 11,เล่มที่ 1,Song Do-soo,165.00,2,5,B-06,ว่าง (อยู่บนชั้น)
B570205011,B570205011-C02,คุกกี้รัน ผจญภัย เล่ม 11,เล่มที่ 2,Song Do-soo,165.00,2,5,B-06,ว่าง (อยู่บนชั้น)
B570205011,B570205011-C03,คุกกี้รัน ผจญภัย เล่ม 11,เล่มที่ 3,Song Do-soo,165.00,2,5,B-06,ว่าง (อยู่บนชั้น)
B570205011,B570205011-C04,คุกกี้รัน ผจญภัย เล่ม 11,เล่มที่ 4,Song Do-soo,165.00,2,5,B-06,ว่าง (อยู่บนชั้น)
B570205011,B570205011-C05,คุกกี้รัน ผจญภัย เล่ม 11,เล่มที่ 5,Song Do-soo,165.00,2,5,B-06,ว่าง (อยู่บนชั้น)
B570205012,B570205012-C01,คุกกี้รัน ผจญภัย เล่ม 12,เล่มที่ 1,Song Do-soo,165.00,2,5,B-06,ว่าง (อยู่บนชั้น)
B570205012,B570205012-C02,คุกกี้รัน ผจญภัย เล่ม 12,เล่มที่ 2,Song Do-soo,165.00,2,5,B-06,ว่าง (อยู่บนชั้น)
B570205012,B570205012-C03,คุกกี้รัน ผจญภัย เล่ม 12,เล่มที่ 3,Song Do-soo,165.00,2,5,B-06,ว่าง (อยู่บนชั้น)
B570205012,B570205012-C04,คุกกี้รัน ผจญภัย เล่ม 12,เล่มที่ 4,Song Do-soo,165.00,2,5,B-06,ว่าง (อยู่บนชั้น)
B570205012,B570205012-C05,คุกกี้รัน ผจญภัย เล่ม 12,เล่มที่ 5,Song Do-soo,165.00,2,5,B-06,ว่าง (อยู่บนชั้น)
B570205013,B570205013-C01,คุกกี้รัน ผจญภัย เล่ม 13,เล่มที่ 1,Song Do-soo,165.00,2,5,B-06,ว่าง (อยู่บนชั้น)
B570205013,B570205013-C02,คุกกี้รัน ผจญภัย เล่ม 13,เล่มที่ 2,Song Do-soo,165.00,2,5,B-06,ว่าง (อยู่บนชั้น)
B570205013,B570205013-C03,คุกกี้รัน ผจญภัย เล่ม 13,เล่มที่ 3,Song Do-soo,165.00,2,5,B-06,ว่าง (อยู่บนชั้น)
B570205013,B570205013-C04,คุกกี้รัน ผจญภัย เล่ม 13,เล่มที่ 4,Song Do-soo,165.00,2,5,B-06,ว่าง (อยู่บนชั้น)
B570205013,B570205013-C05,คุกกี้รัน ผจญภัย เล่ม 13,เล่มที่ 5,Song Do-soo,165.00,2,5,B-06,ว่าง (อยู่บนชั้น)
B570205014,B570205014-C01,คุกกี้รัน ผจญภัย เล่ม 14,เล่มที่ 1,Song Do-soo,165.00,2,5,B-06,ว่าง (อยู่บนชั้น)
B570205014,B570205014-C02,คุกกี้รัน ผจญภัย เล่ม 14,เล่มที่ 2,Song Do-soo,165.00,2,5,B-06,ว่าง (อยู่บนชั้น)
B570205014,B570205014-C03,คุกกี้รัน ผจญภัย เล่ม 14,เล่มที่ 3,Song Do-soo,165.00,2,5,B-06,ว่าง (อยู่บนชั้น)
B570205014,B570205014-C04,คุกกี้รัน ผจญภัย เล่ม 14,เล่มที่ 4,Song Do-soo,165.00,2,5,B-06,ว่าง (อยู่บนชั้น)
B570205014,B570205014-C05,คุกกี้รัน ผจญภัย เล่ม 14,เล่มที่ 5,Song Do-soo,165.00,2,5,B-06,ว่าง (อยู่บนชั้น)
B570205015,B570205015-C01,คุกกี้รัน ผจญภัย เล่ม 15,เล่มที่ 1,Song Do-soo,165.00,2,5,B-06,ว่าง (อยู่บนชั้น)
B570205015,B570205015-C02,คุกกี้รัน ผจญภัย เล่ม 15,เล่มที่ 2,Song Do-soo,165.00,2,5,B-06,ว่าง (อยู่บนชั้น)
B570205015,B570205015-C03,คุกกี้รัน ผจญภัย เล่ม 15,เล่มที่ 3,Song Do-soo,165.00,2,5,B-06,ว่าง (อยู่บนชั้น)
B570205015,B570205015-C04,คุกกี้รัน ผจญภัย เล่ม 15,เล่มที่ 4,Song Do-soo,165.00,2,5,B-06,ว่าง (อยู่บนชั้น)
B570205015,B570205015-C05,คุกกี้รัน ผจญภัย เล่ม 15,เล่มที่ 5,Song Do-soo,165.00,2,5,B-06,ว่าง (อยู่บนชั้น)
B570205016,B570205016-C01,คุกกี้รัน ผจญภัย เล่ม 16,เล่มที่ 1,Song Do-soo,165.00,2,5,B-06,ว่าง (อยู่บนชั้น)
B570205016,B570205016-C02,คุกกี้รัน ผจญภัย เล่ม 16,เล่มที่ 2,Song Do-soo,165.00,2,5,B-06,ว่าง (อยู่บนชั้น)
B570205016,B570205016-C03,คุกกี้รัน ผจญภัย เล่ม 16,เล่มที่ 3,Song Do-soo,165.00,2,5,B-06,ว่าง (อยู่บนชั้น)
B570205016,B570205016-C04,คุกกี้รัน ผจญภัย เล่ม 16,เล่มที่ 4,Song Do-soo,165.00,2,5,B-06,ว่าง (อยู่บนชั้น)
B570205016,B570205016-C05,คุกกี้รัน ผจญภัย เล่ม 16,เล่มที่ 5,Song Do-soo,165.00,2,5,B-06,ว่าง (อยู่บนชั้น)
B570205017,B570205017-C01,คุกกี้รัน ผจญภัย เล่ม 17,เล่มที่ 1,Song Do-soo,165.00,2,5,B-06,ว่าง (อยู่บนชั้น)
B570205017,B570205017-C02,คุกกี้รัน ผจญภัย เล่ม 17,เล่มที่ 2,Song Do-soo,165.00,2,5,B-06,ว่าง (อยู่บนชั้น)
B570205017,B570205017-C03,คุกกี้รัน ผจญภัย เล่ม 17,เล่มที่ 3,Song Do-soo,165.00,2,5,B-06,ว่าง (อยู่บนชั้น)
B570205017,B570205017-C04,คุกกี้รัน ผจญภัย เล่ม 17,เล่มที่ 4,Song Do-soo,165.00,2,5,B-06,ว่าง (อยู่บนชั้น)
B570205017,B570205017-C05,คุกกี้รัน ผจญภัย เล่ม 17,เล่มที่ 5,Song Do-soo,165.00,2,5,B-06,ว่าง (อยู่บนชั้น)
B570205018,B570205018-C01,คุกกี้รัน ผจญภัย เล่ม 18,เล่มที่ 1,Song Do-soo,165.00,2,5,B-06,ว่าง (อยู่บนชั้น)
B570205018,B570205018-C02,คุกกี้รัน ผจญภัย เล่ม 18,เล่มที่ 2,Song Do-soo,165.00,2,5,B-06,ว่าง (อยู่บนชั้น)
B570205018,B570205018-C03,คุกกี้รัน ผจญภัย เล่ม 18,เล่มที่ 3,Song Do-soo,165.00,2,5,B-06,ว่าง (อยู่บนชั้น)
B570205018,B570205018-C04,คุกกี้รัน ผจญภัย เล่ม 18,เล่มที่ 4,Song Do-soo,165.00,2,5,B-06,ว่าง (อยู่บนชั้น)
B570205018,B570205018-C05,คุกกี้รัน ผจญภัย เล่ม 18,เล่มที่ 5,Song Do-soo,165.00,2,5,B-06,ว่าง (อยู่บนชั้น)
B570205019,B570205019-C01,คุกกี้รัน ผจญภัย เล่ม 19,เล่มที่ 1,Song Do-soo,165.00,2,5,B-06,ว่าง (อยู่บนชั้น)
B570205019,B570205019-C02,คุกกี้รัน ผจญภัย เล่ม 19,เล่มที่ 2,Song Do-soo,165.00,2,5,B-06,ว่าง (อยู่บนชั้น)
B570205019,B570205019-C03,คุกกี้รัน ผจญภัย เล่ม 19,เล่มที่ 3,Song Do-soo,165.00,2,5,B-06,ว่าง (อยู่บนชั้น)
B570205019,B570205019-C04,คุกกี้รัน ผจญภัย เล่ม 19,เล่มที่ 4,Song Do-soo,165.00,2,5,B-06,ว่าง (อยู่บนชั้น)
B570205019,B570205019-C05,คุกกี้รัน ผจญภัย เล่ม 19,เล่มที่ 5,Song Do-soo,165.00,2,5,B-06,ว่าง (อยู่บนชั้น)
B570205020,B570205020-C01,คุกกี้รัน ผจญภัย เล่ม 20,เล่มที่ 1,Song Do-soo,165.00,2,5,B-06,ว่าง (อยู่บนชั้น)
B570205020,B570205020-C02,คุกกี้รัน ผจญภัย เล่ม 20,เล่มที่ 2,Song Do-soo,165.00,2,5,B-06,ว่าง (อยู่บนชั้น)
B570205020,B570205020-C03,คุกกี้รัน ผจญภัย เล่ม 20,เล่มที่ 3,Song Do-soo,165.00,2,5,B-06,ว่าง (อยู่บนชั้น)
B570205020,B570205020-C04,คุกกี้รัน ผจญภัย เล่ม 20,เล่มที่ 4,Song Do-soo,165.00,2,5,B-06,ว่าง (อยู่บนชั้น)
B570205020,B570205020-C05,คุกกี้รัน ผจญภัย เล่ม 20,เล่มที่ 5,Song Do-soo,165.00,2,5,B-06,ว่าง (อยู่บนชั้น)
B570205021,B570205021-C01,คุกกี้รัน ผจญภัย เล่ม 21,เล่มที่ 1,Song Do-soo,165.00,2,5,B-06,ว่าง (อยู่บนชั้น)
B570205021,B570205021-C02,คุกกี้รัน ผจญภัย เล่ม 21,เล่มที่ 2,Song Do-soo,165.00,2,5,B-06,ว่าง (อยู่บนชั้น)
B570205021,B570205021-C03,คุกกี้รัน ผจญภัย เล่ม 21,เล่มที่ 3,Song Do-soo,165.00,2,5,B-06,ว่าง (อยู่บนชั้น)
B570205021,B570205021-C04,คุกกี้รัน ผจญภัย เล่ม 21,เล่มที่ 4,Song Do-soo,165.00,2,5,B-06,ว่าง (อยู่บนชั้น)
B570205021,B570205021-C05,คุกกี้รัน ผจญภัย เล่ม 21,เล่มที่ 5,Song Do-soo,165.00,2,5,B-06,ว่าง (อยู่บนชั้น)
B570205022,B570205022-C01,คุกกี้รัน ผจญภัย เล่ม 22,เล่มที่ 1,Song Do-soo,165.00,2,5,B-06,ว่าง (อยู่บนชั้น)
B570205022,B570205022-C02,คุกกี้รัน ผจญภัย เล่ม 22,เล่มที่ 2,Song Do-soo,165.00,2,5,B-06,ว่าง (อยู่บนชั้น)
B570205022,B570205022-C03,คุกกี้รัน ผจญภัย เล่ม 22,เล่มที่ 3,Song Do-soo,165.00,2,5,B-06,ว่าง (อยู่บนชั้น)
B570205022,B570205022-C04,คุกกี้รัน ผจญภัย เล่ม 22,เล่มที่ 4,Song Do-soo,165.00,2,5,B-06,ว่าง (อยู่บนชั้น)
B570205022,B570205022-C05,คุกกี้รัน ผจญภัย เล่ม 22,เล่มที่ 5,Song Do-soo,165.00,2,5,B-06,ว่าง (อยู่บนชั้น)
B570205023,B570205023-C01,คุกกี้รัน ผจญภัย เล่ม 23,เล่มที่ 1,Song Do-soo,165.00,2,5,B-06,ว่าง (อยู่บนชั้น)
B570205023,B570205023-C02,คุกกี้รัน ผจญภัย เล่ม 23,เล่มที่ 2,Song Do-soo,165.00,2,5,B-06,ว่าง (อยู่บนชั้น)
B570205023,B570205023-C03,คุกกี้รัน ผจญภัย เล่ม 23,เล่มที่ 3,Song Do-soo,165.00,2,5,B-06,ว่าง (อยู่บนชั้น)
B570205023,B570205023-C04,คุกกี้รัน ผจญภัย เล่ม 23,เล่มที่ 4,Song Do-soo,165.00,2,5,B-06,ว่าง (อยู่บนชั้น)
B570205023,B570205023-C05,คุกกี้รัน ผจญภัย เล่ม 23,เล่มที่ 5,Song Do-soo,165.00,2,5,B-06,ว่าง (อยู่บนชั้น)
B570205024,B570205024-C01,คุกกี้รัน ผจญภัย เล่ม 24,เล่มที่ 1,Song Do-soo,165.00,2,5,B-06,ว่าง (อยู่บนชั้น)
B570205024,B570205024-C02,คุกกี้รัน ผจญภัย เล่ม 24,เล่มที่ 2,Song Do-soo,165.00,2,5,B-06,ว่าง (อยู่บนชั้น)
B570205024,B570205024-C03,คุกกี้รัน ผจญภัย เล่ม 24,เล่มที่ 3,Song Do-soo,165.00,2,5,B-06,ว่าง (อยู่บนชั้น)
B570205024,B570205024-C04,คุกกี้รัน ผจญภัย เล่ม 24,เล่มที่ 4,Song Do-soo,165.00,2,5,B-06,ว่าง (อยู่บนชั้น)
B570205024,B570205024-C05,คุกกี้รัน ผจญภัย เล่ม 24,เล่มที่ 5,Song Do-soo,165.00,2,5,B-06,ว่าง (อยู่บนชั้น)
B570205025,B570205025-C01,คุกกี้รัน ผจญภัย เล่ม 25,เล่มที่ 1,Song Do-soo,165.00,2,5,B-06,ว่าง (อยู่บนชั้น)
B570205025,B570205025-C02,คุกกี้รัน ผจญภัย เล่ม 25,เล่มที่ 2,Song Do-soo,165.00,2,5,B-06,ว่าง (อยู่บนชั้น)
B570205025,B570205025-C03,คุกกี้รัน ผจญภัย เล่ม 25,เล่มที่ 3,Song Do-soo,165.00,2,5,B-06,ว่าง (อยู่บนชั้น)
B570205025,B570205025-C04,คุกกี้รัน ผจญภัย เล่ม 25,เล่มที่ 4,Song Do-soo,165.00,2,5,B-06,ว่าง (อยู่บนชั้น)
B570205025,B570205025-C05,คุกกี้รัน ผจญภัย เล่ม 25,เล่มที่ 5,Song Do-soo,165.00,2,5,B-06,ว่าง (อยู่บนชั้น)
B570205026,B570205026-C01,คุกกี้รัน ผจญภัย เล่ม 26,เล่มที่ 1,Song Do-soo,165.00,2,5,B-06,ว่าง (อยู่บนชั้น)
B570205026,B570205026-C02,คุกกี้รัน ผจญภัย เล่ม 26,เล่มที่ 2,Song Do-soo,165.00,2,5,B-06,ว่าง (อยู่บนชั้น)
B570205026,B570205026-C03,คุกกี้รัน ผจญภัย เล่ม 26,เล่มที่ 3,Song Do-soo,165.00,2,5,B-06,ว่าง (อยู่บนชั้น)
B570205026,B570205026-C04,คุกกี้รัน ผจญภัย เล่ม 26,เล่มที่ 4,Song Do-soo,165.00,2,5,B-06,ว่าง (อยู่บนชั้น)
B570205026,B570205026-C05,คุกกี้รัน ผจญภัย เล่ม 26,เล่มที่ 5,Song Do-soo,165.00,2,5,B-06,ว่าง (อยู่บนชั้น)
B570205027,B570205027-C01,คุกกี้รัน ผจญภัย เล่ม 27,เล่มที่ 1,Song Do-soo,165.00,2,5,B-06,ว่าง (อยู่บนชั้น)
B570205027,B570205027-C02,คุกกี้รัน ผจญภัย เล่ม 27,เล่มที่ 2,Song Do-soo,165.00,2,5,B-06,ว่าง (อยู่บนชั้น)
B570205027,B570205027-C03,คุกกี้รัน ผจญภัย เล่ม 27,เล่มที่ 3,Song Do-soo,165.00,2,5,B-06,ว่าง (อยู่บนชั้น)
B570205027,B570205027-C04,คุกกี้รัน ผจญภัย เล่ม 27,เล่มที่ 4,Song Do-soo,165.00,2,5,B-06,ว่าง (อยู่บนชั้น)
B570205027,B570205027-C05,คุกกี้รัน ผจญภัย เล่ม 27,เล่มที่ 5,Song Do-soo,165.00,2,5,B-06,ว่าง (อยู่บนชั้น)
B570205028,B570205028-C01,คุกกี้รัน ผจญภัย เล่ม 28,เล่มที่ 1,Song Do-soo,165.00,2,5,B-06,ว่าง (อยู่บนชั้น)
B570205028,B570205028-C02,คุกกี้รัน ผจญภัย เล่ม 28,เล่มที่ 2,Song Do-soo,165.00,2,5,B-06,ว่าง (อยู่บนชั้น)
B570205028,B570205028-C03,คุกกี้รัน ผจญภัย เล่ม 28,เล่มที่ 3,Song Do-soo,165.00,2,5,B-06,ว่าง (อยู่บนชั้น)
B570205028,B570205028-C04,คุกกี้รัน ผจญภัย เล่ม 28,เล่มที่ 4,Song Do-soo,165.00,2,5,B-06,ว่าง (อยู่บนชั้น)
B570205028,B570205028-C05,คุกกี้รัน ผจญภัย เล่ม 28,เล่มที่ 5,Song Do-soo,165.00,2,5,B-06,ว่าง (อยู่บนชั้น)
B570205029,B570205029-C01,คุกกี้รัน ผจญภัย เล่ม 29,เล่มที่ 1,Song Do-soo,165.00,2,5,B-06,ว่าง (อยู่บนชั้น)
B570205029,B570205029-C02,คุกกี้รัน ผจญภัย เล่ม 29,เล่มที่ 2,Song Do-soo,165.00,2,5,B-06,ว่าง (อยู่บนชั้น)
B570205029,B570205029-C03,คุกกี้รัน ผจญภัย เล่ม 29,เล่มที่ 3,Song Do-soo,165.00,2,5,B-06,ว่าง (อยู่บนชั้น)
B570205029,B570205029-C04,คุกกี้รัน ผจญภัย เล่ม 29,เล่มที่ 4,Song Do-soo,165.00,2,5,B-06,ว่าง (อยู่บนชั้น)
B570205029,B570205029-C05,คุกกี้รัน ผจญภัย เล่ม 29,เล่มที่ 5,Song Do-soo,165.00,2,5,B-06,ว่าง (อยู่บนชั้น)
B570205030,B570205030-C01,คุกกี้รัน ผจญภัย เล่ม 30,เล่มที่ 1,Song Do-soo,165.00,2,5,B-06,ว่าง (อยู่บนชั้น)
B570205030,B570205030-C02,คุกกี้รัน ผจญภัย เล่ม 30,เล่มที่ 2,Song Do-soo,165.00,2,5,B-06,ว่าง (อยู่บนชั้น)
B570205030,B570205030-C03,คุกกี้รัน ผจญภัย เล่ม 30,เล่มที่ 3,Song Do-soo,165.00,2,5,B-06,ว่าง (อยู่บนชั้น)
B570205030,B570205030-C04,คุกกี้รัน ผจญภัย เล่ม 30,เล่มที่ 4,Song Do-soo,165.00,2,5,B-06,ว่าง (อยู่บนชั้น)
B570205030,B570205030-C05,คุกกี้รัน ผจญภัย เล่ม 30,เล่มที่ 5,Song Do-soo,165.00,2,5,B-06,ว่าง (อยู่บนชั้น)
B570205031,B570205031-C01,คุกกี้รัน ผจญภัย เล่ม 31,เล่มที่ 1,Song Do-soo,165.00,2,5,B-06,ว่าง (อยู่บนชั้น)
B570205031,B570205031-C02,คุกกี้รัน ผจญภัย เล่ม 31,เล่มที่ 2,Song Do-soo,165.00,2,5,B-06,ว่าง (อยู่บนชั้น)
B570205031,B570205031-C03,คุกกี้รัน ผจญภัย เล่ม 31,เล่มที่ 3,Song Do-soo,165.00,2,5,B-06,ว่าง (อยู่บนชั้น)
B570205031,B570205031-C04,คุกกี้รัน ผจญภัย เล่ม 31,เล่มที่ 4,Song Do-soo,165.00,2,5,B-06,ว่าง (อยู่บนชั้น)
B570205031,B570205031-C05,คุกกี้รัน ผจญภัย เล่ม 31,เล่มที่ 5,Song Do-soo,165.00,2,5,B-06,ว่าง (อยู่บนชั้น)
B570205032,B570205032-C01,คุกกี้รัน ผจญภัย เล่ม 32,เล่มที่ 1,Song Do-soo,165.00,2,5,B-06,ว่าง (อยู่บนชั้น)
B570205032,B570205032-C02,คุกกี้รัน ผจญภัย เล่ม 32,เล่มที่ 2,Song Do-soo,165.00,2,5,B-06,ว่าง (อยู่บนชั้น)
B570205032,B570205032-C03,คุกกี้รัน ผจญภัย เล่ม 32,เล่มที่ 3,Song Do-soo,165.00,2,5,B-06,ว่าง (อยู่บนชั้น)
B570205032,B570205032-C04,คุกกี้รัน ผจญภัย เล่ม 32,เล่มที่ 4,Song Do-soo,165.00,2,5,B-06,ว่าง (อยู่บนชั้น)
B570205032,B570205032-C05,คุกกี้รัน ผจญภัย เล่ม 32,เล่มที่ 5,Song Do-soo,165.00,2,5,B-06,ว่าง (อยู่บนชั้น)
B570205033,B570205033-C01,คุกกี้รัน ผจญภัย เล่ม 33,เล่มที่ 1,Song Do-soo,165.00,2,5,B-06,ว่าง (อยู่บนชั้น)
B570205033,B570205033-C02,คุกกี้รัน ผจญภัย เล่ม 33,เล่มที่ 2,Song Do-soo,165.00,2,5,B-06,ว่าง (อยู่บนชั้น)
B570205033,B570205033-C03,คุกกี้รัน ผจญภัย เล่ม 33,เล่มที่ 3,Song Do-soo,165.00,2,5,B-06,ว่าง (อยู่บนชั้น)
B570205033,B570205033-C04,คุกกี้รัน ผจญภัย เล่ม 33,เล่มที่ 4,Song Do-soo,165.00,2,5,B-06,ว่าง (อยู่บนชั้น)
B570205033,B570205033-C05,คุกกี้รัน ผจญภัย เล่ม 33,เล่มที่ 5,Song Do-soo,165.00,2,5,B-06,ว่าง (อยู่บนชั้น)
B570205034,B570205034-C01,คุกกี้รัน ผจญภัย เล่ม 34,เล่มที่ 1,Song Do-soo,165.00,2,5,B-06,ว่าง (อยู่บนชั้น)
B570205034,B570205034-C02,คุกกี้รัน ผจญภัย เล่ม 34,เล่มที่ 2,Song Do-soo,165.00,2,5,B-06,ว่าง (อยู่บนชั้น)
B570205034,B570205034-C03,คุกกี้รัน ผจญภัย เล่ม 34,เล่มที่ 3,Song Do-soo,165.00,2,5,B-06,ว่าง (อยู่บนชั้น)
B570205034,B570205034-C04,คุกกี้รัน ผจญภัย เล่ม 34,เล่มที่ 4,Song Do-soo,165.00,2,5,B-06,ว่าง (อยู่บนชั้น)
B570205034,B570205034-C05,คุกกี้รัน ผจญภัย เล่ม 34,เล่มที่ 5,Song Do-soo,165.00,2,5,B-06,ว่าง (อยู่บนชั้น)
B570205035,B570205035-C01,คุกกี้รัน ผจญภัย เล่ม 35,เล่มที่ 1,Song Do-soo,165.00,2,5,B-06,ว่าง (อยู่บนชั้น)
B570205035,B570205035-C02,คุกกี้รัน ผจญภัย เล่ม 35,เล่มที่ 2,Song Do-soo,165.00,2,5,B-06,ว่าง (อยู่บนชั้น)
B570205035,B570205035-C03,คุกกี้รัน ผจญภัย เล่ม 35,เล่มที่ 3,Song Do-soo,165.00,2,5,B-06,ว่าง (อยู่บนชั้น)
B570205035,B570205035-C04,คุกกี้รัน ผจญภัย เล่ม 35,เล่มที่ 4,Song Do-soo,165.00,2,5,B-06,ว่าง (อยู่บนชั้น)
B570205035,B570205035-C05,คุกกี้รัน ผจญภัย เล่ม 35,เล่มที่ 5,Song Do-soo,165.00,2,5,B-06,ว่าง (อยู่บนชั้น)
B570205036,B570205036-C01,คุกกี้รัน ผจญภัย เล่ม 36,เล่มที่ 1,Song Do-soo,165.00,2,5,B-06,ว่าง (อยู่บนชั้น)
B570205036,B570205036-C02,คุกกี้รัน ผจญภัย เล่ม 36,เล่มที่ 2,Song Do-soo,165.00,2,5,B-06,ว่าง (อยู่บนชั้น)
B570205036,B570205036-C03,คุกกี้รัน ผจญภัย เล่ม 36,เล่มที่ 3,Song Do-soo,165.00,2,5,B-06,ว่าง (อยู่บนชั้น)
B570205036,B570205036-C04,คุกกี้รัน ผจญภัย เล่ม 36,เล่มที่ 4,Song Do-soo,165.00,2,5,B-06,ว่าง (อยู่บนชั้น)
B570205036,B570205036-C05,คุกกี้รัน ผจญภัย เล่ม 36,เล่มที่ 5,Song Do-soo,165.00,2,5,B-06,ว่าง (อยู่บนชั้น)
B570205037,B570205037-C01,คุกกี้รัน ผจญภัย เล่ม 37,เล่มที่ 1,Song Do-soo,165.00,2,5,B-06,ว่าง (อยู่บนชั้น)
B570205037,B570205037-C02,คุกกี้รัน ผจญภัย เล่ม 37,เล่มที่ 2,Song Do-soo,165.00,2,5,B-06,ว่าง (อยู่บนชั้น)
B570205037,B570205037-C03,คุกกี้รัน ผจญภัย เล่ม 37,เล่มที่ 3,Song Do-soo,165.00,2,5,B-06,ว่าง (อยู่บนชั้น)
B570205037,B570205037-C04,คุกกี้รัน ผจญภัย เล่ม 37,เล่มที่ 4,Song Do-soo,165.00,2,5,B-06,ว่าง (อยู่บนชั้น)
B570205037,B570205037-C05,คุกกี้รัน ผจญภัย เล่ม 37,เล่มที่ 5,Song Do-soo,165.00,2,5,B-06,ว่าง (อยู่บนชั้น)
B570205038,B570205038-C01,คุกกี้รัน ผจญภัย เล่ม 38,เล่มที่ 1,Song Do-soo,165.00,2,5,B-06,ว่าง (อยู่บนชั้น)
B570205038,B570205038-C02,คุกกี้รัน ผจญภัย เล่ม 38,เล่มที่ 2,Song Do-soo,165.00,2,5,B-06,ว่าง (อยู่บนชั้น)
B570205038,B570205038-C03,คุกกี้รัน ผจญภัย เล่ม 38,เล่มที่ 3,Song Do-soo,165.00,2,5,B-06,ว่าง (อยู่บนชั้น)
B570205038,B570205038-C04,คุกกี้รัน ผจญภัย เล่ม 38,เล่มที่ 4,Song Do-soo,165.00,2,5,B-06,ว่าง (อยู่บนชั้น)
B570205038,B570205038-C05,คุกกี้รัน ผจญภัย เล่ม 38,เล่มที่ 5,Song Do-soo,165.00,2,5,B-06,ว่าง (อยู่บนชั้น)
B570205039,B570205039-C01,คุกกี้รัน ผจญภัย เล่ม 39,เล่มที่ 1,Song Do-soo,165.00,2,5,B-06,ว่าง (อยู่บนชั้น)
B570205039,B570205039-C02,คุกกี้รัน ผจญภัย เล่ม 39,เล่มที่ 2,Song Do-soo,165.00,2,5,B-06,ว่าง (อยู่บนชั้น)
B570205039,B570205039-C03,คุกกี้รัน ผจญภัย เล่ม 39,เล่มที่ 3,Song Do-soo,165.00,2,5,B-06,ว่าง (อยู่บนชั้น)
B570205039,B570205039-C04,คุกกี้รัน ผจญภัย เล่ม 39,เล่มที่ 4,Song Do-soo,165.00,2,5,B-06,ว่าง (อยู่บนชั้น)
B570205039,B570205039-C05,คุกกี้รัน ผจญภัย เล่ม 39,เล่มที่ 5,Song Do-soo,165.00,2,5,B-06,ว่าง (อยู่บนชั้น)
B570205040,B570205040-C01,คุกกี้รัน ผจญภัย เล่ม 40,เล่มที่ 1,Song Do-soo,165.00,2,5,B-06,ว่าง (อยู่บนชั้น)
B570205040,B570205040-C02,คุกกี้รัน ผจญภัย เล่ม 40,เล่มที่ 2,Song Do-soo,165.00,2,5,B-06,ว่าง (อยู่บนชั้น)
B570205040,B570205040-C03,คุกกี้รัน ผจญภัย เล่ม 40,เล่มที่ 3,Song Do-soo,165.00,2,5,B-06,ว่าง (อยู่บนชั้น)
B570205040,B570205040-C04,คุกกี้รัน ผจญภัย เล่ม 40,เล่มที่ 4,Song Do-soo,165.00,2,5,B-06,ว่าง (อยู่บนชั้น)
B570205040,B570205040-C05,คุกกี้รัน ผจญภัย เล่ม 40,เล่มที่ 5,Song Do-soo,165.00,2,5,B-06,ว่าง (อยู่บนชั้น)
B570205041,B570205041-C01,คุกกี้รัน ผจญภัย เล่ม 41,เล่มที่ 1,Song Do-soo,165.00,2,5,B-06,ว่าง (อยู่บนชั้น)
B570205041,B570205041-C02,คุกกี้รัน ผจญภัย เล่ม 41,เล่มที่ 2,Song Do-soo,165.00,2,5,B-06,ว่าง (อยู่บนชั้น)
B570205041,B570205041-C03,คุกกี้รัน ผจญภัย เล่ม 41,เล่มที่ 3,Song Do-soo,165.00,2,5,B-06,ว่าง (อยู่บนชั้น)
B570205041,B570205041-C04,คุกกี้รัน ผจญภัย เล่ม 41,เล่มที่ 4,Song Do-soo,165.00,2,5,B-06,ว่าง (อยู่บนชั้น)
B570205041,B570205041-C05,คุกกี้รัน ผจญภัย เล่ม 41,เล่มที่ 5,Song Do-soo,165.00,2,5,B-06,ว่าง (อยู่บนชั้น)
B570205042,B570205042-C01,คุกกี้รัน ผจญภัย เล่ม 42,เล่มที่ 1,Song Do-soo,165.00,2,5,B-06,ว่าง (อยู่บนชั้น)
B570205042,B570205042-C02,คุกกี้รัน ผจญภัย เล่ม 42,เล่มที่ 2,Song Do-soo,165.00,2,5,B-06,ว่าง (อยู่บนชั้น)
B570205042,B570205042-C03,คุกกี้รัน ผจญภัย เล่ม 42,เล่มที่ 3,Song Do-soo,165.00,2,5,B-06,ว่าง (อยู่บนชั้น)
B570205042,B570205042-C04,คุกกี้รัน ผจญภัย เล่ม 42,เล่มที่ 4,Song Do-soo,165.00,2,5,B-06,ว่าง (อยู่บนชั้น)
B570205042,B570205042-C05,คุกกี้รัน ผจญภัย เล่ม 42,เล่มที่ 5,Song Do-soo,165.00,2,5,B-06,ว่าง (อยู่บนชั้น)
B570205043,B570205043-C01,คุกกี้รัน ผจญภัย เล่ม 43,เล่มที่ 1,Song Do-soo,165.00,2,5,B-06,ว่าง (อยู่บนชั้น)
B570205043,B570205043-C02,คุกกี้รัน ผจญภัย เล่ม 43,เล่มที่ 2,Song Do-soo,165.00,2,5,B-06,ว่าง (อยู่บนชั้น)
B570205043,B570205043-C03,คุกกี้รัน ผจญภัย เล่ม 43,เล่มที่ 3,Song Do-soo,165.00,2,5,B-06,ว่าง (อยู่บนชั้น)
B570205043,B570205043-C04,คุกกี้รัน ผจญภัย เล่ม 43,เล่มที่ 4,Song Do-soo,165.00,2,5,B-06,ว่าง (อยู่บนชั้น)
B570205043,B570205043-C05,คุกกี้รัน ผจญภัย เล่ม 43,เล่มที่ 5,Song Do-soo,165.00,2,5,B-06,ว่าง (อยู่บนชั้น)
B570205044,B570205044-C01,คุกกี้รัน ผจญภัย เล่ม 44,เล่มที่ 1,Song Do-soo,165.00,2,5,B-06,ว่าง (อยู่บนชั้น)
B570205044,B570205044-C02,คุกกี้รัน ผจญภัย เล่ม 44,เล่มที่ 2,Song Do-soo,165.00,2,5,B-06,ว่าง (อยู่บนชั้น)
B570205044,B570205044-C03,คุกกี้รัน ผจญภัย เล่ม 44,เล่มที่ 3,Song Do-soo,165.00,2,5,B-06,ว่าง (อยู่บนชั้น)
B570205044,B570205044-C04,คุกกี้รัน ผจญภัย เล่ม 44,เล่มที่ 4,Song Do-soo,165.00,2,5,B-06,ว่าง (อยู่บนชั้น)
B570205044,B570205044-C05,คุกกี้รัน ผจญภัย เล่ม 44,เล่มที่ 5,Song Do-soo,165.00,2,5,B-06,ว่าง (อยู่บนชั้น)
B570205045,B570205045-C01,คุกกี้รัน ผจญภัย เล่ม 45,เล่มที่ 1,Song Do-soo,165.00,2,5,B-06,ว่าง (อยู่บนชั้น)
B570205045,B570205045-C02,คุกกี้รัน ผจญภัย เล่ม 45,เล่มที่ 2,Song Do-soo,165.00,2,5,B-06,ว่าง (อยู่บนชั้น)
B570205045,B570205045-C03,คุกกี้รัน ผจญภัย เล่ม 45,เล่มที่ 3,Song Do-soo,165.00,2,5,B-06,ว่าง (อยู่บนชั้น)
B570205045,B570205045-C04,คุกกี้รัน ผจญภัย เล่ม 45,เล่มที่ 4,Song Do-soo,165.00,2,5,B-06,ว่าง (อยู่บนชั้น)
B570205045,B570205045-C05,คุกกี้รัน ผจญภัย เล่ม 45,เล่มที่ 5,Song Do-soo,165.00,2,5,B-06,ว่าง (อยู่บนชั้น)
B570205046,B570205046-C01,คุกกี้รัน ผจญภัย เล่ม 46,เล่มที่ 1,Song Do-soo,165.00,2,5,B-06,ว่าง (อยู่บนชั้น)
B570205046,B570205046-C02,คุกกี้รัน ผจญภัย เล่ม 46,เล่มที่ 2,Song Do-soo,165.00,2,5,B-06,ว่าง (อยู่บนชั้น)
B570205046,B570205046-C03,คุกกี้รัน ผจญภัย เล่ม 46,เล่มที่ 3,Song Do-soo,165.00,2,5,B-06,ว่าง (อยู่บนชั้น)
B570205046,B570205046-C04,คุกกี้รัน ผจญภัย เล่ม 46,เล่มที่ 4,Song Do-soo,165.00,2,5,B-06,ว่าง (อยู่บนชั้น)
B570205046,B570205046-C05,คุกกี้รัน ผจญภัย เล่ม 46,เล่มที่ 5,Song Do-soo,165.00,2,5,B-06,ว่าง (อยู่บนชั้น)
B570205047,B570205047-C01,คุกกี้รัน ผจญภัย เล่ม 47,เล่มที่ 1,Song Do-soo,165.00,2,5,B-06,ว่าง (อยู่บนชั้น)
B570205047,B570205047-C02,คุกกี้รัน ผจญภัย เล่ม 47,เล่มที่ 2,Song Do-soo,165.00,2,5,B-06,ว่าง (อยู่บนชั้น)
B570205047,B570205047-C03,คุกกี้รัน ผจญภัย เล่ม 47,เล่มที่ 3,Song Do-soo,165.00,2,5,B-06,ว่าง (อยู่บนชั้น)
B570205047,B570205047-C04,คุกกี้รัน ผจญภัย เล่ม 47,เล่มที่ 4,Song Do-soo,165.00,2,5,B-06,ว่าง (อยู่บนชั้น)
B570205047,B570205047-C05,คุกกี้รัน ผจญภัย เล่ม 47,เล่มที่ 5,Song Do-soo,165.00,2,5,B-06,ว่าง (อยู่บนชั้น)
B570205048,B570205048-C01,คุกกี้รัน ผจญภัย เล่ม 48,เล่มที่ 1,Song Do-soo,165.00,2,5,B-06,ว่าง (อยู่บนชั้น)
B570205048,B570205048-C02,คุกกี้รัน ผจญภัย เล่ม 48,เล่มที่ 2,Song Do-soo,165.00,2,5,B-06,ว่าง (อยู่บนชั้น)
B570205048,B570205048-C03,คุกกี้รัน ผจญภัย เล่ม 48,เล่มที่ 3,Song Do-soo,165.00,2,5,B-06,ว่าง (อยู่บนชั้น)
B570205048,B570205048-C04,คุกกี้รัน ผจญภัย เล่ม 48,เล่มที่ 4,Song Do-soo,165.00,2,5,B-06,ว่าง (อยู่บนชั้น)
B570205048,B570205048-C05,คุกกี้รัน ผจญภัย เล่ม 48,เล่มที่ 5,Song Do-soo,165.00,2,5,B-06,ว่าง (อยู่บนชั้น)
B570205049,B570205049-C01,คุกกี้รัน ผจญภัย เล่ม 49,เล่มที่ 1,Song Do-soo,165.00,2,5,B-06,ว่าง (อยู่บนชั้น)
B570205049,B570205049-C02,คุกกี้รัน ผจญภัย เล่ม 49,เล่มที่ 2,Song Do-soo,165.00,2,5,B-06,ว่าง (อยู่บนชั้น)
B570205049,B570205049-C03,คุกกี้รัน ผจญภัย เล่ม 49,เล่มที่ 3,Song Do-soo,165.00,2,5,B-06,ว่าง (อยู่บนชั้น)
B570205049,B570205049-C04,คุกกี้รัน ผจญภัย เล่ม 49,เล่มที่ 4,Song Do-soo,165.00,2,5,B-06,ว่าง (อยู่บนชั้น)
B570205049,B570205049-C05,คุกกี้รัน ผจญภัย เล่ม 49,เล่มที่ 5,Song Do-soo,165.00,2,5,B-06,ว่าง (อยู่บนชั้น)
,,,,,,,,,
,,,,,,,,,
,,,,,,,,,
,,,,,,,,,
,,,,,,,,,
,,,,,,,,,
,,,,,,,,,
,,,,,,,,,
,,,,,,,,,
,,,,,,,,,
,,,,,,,,,
,,,,,,,,,
,,,,,,,,,
